v;trim;geo;cod-ca;ca;cod-prv;prv;loc-num;loc-imp;loc-pm2;nav-num;nav-imp;nav-pm2
2007;1;Nacional;99;ESPAÑA;99;ESPAÑA;84133;180572;1708,49;15718;532989;741,35
2007;1;Comunidad;1;Andalucía;98;ANDALUCÍA;14193;133037;1375,80;3524;266002;563,86
2007;1;Provincia;1;Andalucía;4;Almería;1196;134066;1266,42;193;223179;494,93
2007;1;Provincia;1;Andalucía;11;Cádiz;2027;138306;1447,21;434;339739;532,85
2007;1;Provincia;1;Andalucía;14;Córdoba;1504;110472;1052,18;420;144514;616,09
2007;1;Provincia;1;Andalucía;18;Granada;2166;97540;1093,10;291;232530;480,53
2007;1;Provincia;1;Andalucía;21;Huelva;661;146910;1382,42;278;189206;518,60
2007;1;Provincia;1;Andalucía;23;Jaén;863;111679;897,76;209;154195;308,38
2007;1;Provincia;1;Andalucía;29;Málaga;2946;168668;1863,42;404;441833;750,59
2007;1;Provincia;1;Andalucía;41;Sevilla;2830;136153;1433,06;1295;266948;587,88
2007;1;Comunidad;2;Aragón;98;ARAGÓN;2031;198685;1584,21;965;452384;749,96
2007;1;Provincia;2;Aragón;22;Huesca;446;116852;1229,37;87;392295;455,64
2007;1;Provincia;2;Aragón;44;Teruel;152;102900;963,39;52;197487;321,68
2007;1;Provincia;2;Aragón;50;Zaragoza;1433;232111;1748,74;826;469377;794,84
2007;1;Comunidad;3;Principado de Asturias;98;PRINCIPADO DE ASTURIAS;2279;212394;1240,52;184;475043;627,76
2007;1;Provincia;3;Principado de Asturias;33;Asturias;2279;212394;1240,52;184;475043;627,76
2007;1;Comunidad;4;Illes Balears;98;ILLES BALEARS;2038;203319;1747,22;191;691043;878,08
2007;1;Provincia;4;Illes Balears;7;Illes Balears;2038;203319;1747,22;191;691043;878,08
2007;1;Comunidad;5;Canarias;98;CANARIAS;3432;198318;1858,28;224;691441;777,87
2007;1;Provincia;5;Canarias;35;Las Palmas;1700;207447;2015,05;153;737636;775,73
2007;1;Provincia;5;Canarias;38;Santa Cruz de Tenerife;1732;189015;1698,50;71;594011;782,39
2007;1;Comunidad;6;Cantabria;98;CANTABRIA;1211;120472;1457,63;137;372338;746,17
2007;1;Provincia;6;Cantabria;39;Cantabria;1211;120472;1457,63;137;372338;746,17
2007;1;Comunidad;7;Castilla y León;98;CASTILLA Y LEÓN;3863;134888;1251,89;536;283300;547,96
2007;1;Provincia;7;Castilla y León;5;Ávila;154;80247;932,44;36;92171;423,05
2007;1;Provincia;7;Castilla y León;9;Burgos;773;136119;1365,24;154;319461;578,09
2007;1;Provincia;7;Castilla y León;24;León;840;129608;1022,34;40;379824;320,01
2007;1;Provincia;7;Castilla y León;34;Palencia;280;77718;983,99;40;121431;322,06
2007;1;Provincia;7;Castilla y León;37;Salamanca;462;174286;1307,80;73;274153;491,06
2007;1;Provincia;7;Castilla y León;40;Segovia;123;123268;1265,50;20;602219;670,77
2007;1;Provincia;7;Castilla y León;42;Soria;164;85432;964,84;32;296325;437,73
2007;1;Provincia;7;Castilla y León;47;Valladolid;848;151479;1634,57;129;304486;677,16
2007;1;Provincia;7;Castilla y León;49;Zamora;219;173099;1130,65;12;216364;394,16
2007;1;Comunidad;8;Castilla-La Mancha;98;CASTILLA-LA MANCHA;2300;136091;1129,02;1245;352981;513,63
2007;1;Provincia;8;Castilla-La Mancha;2;Albacete;753;123338;990,29;326;240268;435,86
2007;1;Provincia;8;Castilla-La Mancha;13;Ciudad Real;486;123966;1033,74;156;219298;363,00
2007;1;Provincia;8;Castilla-La Mancha;16;Cuenca;209;107693;1004,65;17;137833;231,92
2007;1;Provincia;8;Castilla-La Mancha;19;Guadalajara;290;182422;1336,07;181;610744;619,29
2007;1;Provincia;8;Castilla-La Mancha;45;Toledo;562;145301;1300,01;565;362623;567,08
2007;1;Comunidad;9;Cataluña;98;CATALUÑA;14356;219208;2054,80;2728;1116376;995,00
2007;1;Provincia;9;Cataluña;8;Barcelona;10060;250575;2346,29;1707;1555841;1222,12
2007;1;Provincia;9;Cataluña;17;Girona;1742;153865;1579,63;377;681426;780,26
2007;1;Provincia;9;Cataluña;25;Lleida;1082;158235;1231,66;243;442090;552,46
2007;1;Provincia;9;Cataluña;43;Tarragona;1472;137449;1317,33;401;478874;714,75
2007;1;Comunidad;10;Comunitat Valenciana;98;COMUNITAT VALENCIANA;10195;150434;1310,99;1756;455287;683,05
2007;1;Provincia;10;Comunitat Valenciana;3;Alicante / Alacant;4123;143340;1271,13;460;322725;623,88
2007;1;Provincia;10;Comunitat Valenciana;12;Castellón / Castelló;1427;118324;1166,68;372;409895;670,47
2007;1;Provincia;10;Comunitat Valenciana;46;Valencia / València;4645;167007;1392,62;924;525405;710,98
2007;1;Comunidad;11;Extremadura;98;EXTREMADURA;1501;108839;974,14;464;145392;327,99
2007;1;Provincia;11;Extremadura;6;Badajoz;966;115626;1012,55;316;152804;339,72
2007;1;Provincia;11;Extremadura;10;Cáceres;535;96656;905,19;148;115469;280,65
2007;1;Comunidad;12;Galicia;98;GALICIA;4228;122184;1116,13;295;481574;503,95
2007;1;Provincia;12;Galicia;15;A Coruña;1417;115015;1120,03;133;343907;550,52
2007;1;Provincia;12;Galicia;27;Lugo;707;98513;874,90;37;365112;351,92
2007;1;Provincia;12;Galicia;32;Ourense;586;96637;793,73;17;270734;297,83
2007;1;Provincia;12;Galicia;36;Pontevedra;1518;147907;1321,40;108;764597;521,08
2007;1;Comunidad;13;Comunidad de Madrid;98;COMUNIDAD DE MADRID;8896;310930;2911,37;1464;748011;1152,19
2007;1;Provincia;13;Comunidad de Madrid;28;Madrid;8896;310930;2911,37;1464;748011;1152,19
2007;1;Comunidad;14;Región de Murcia;98;REGIÓN DE MURCIA;2569;128133;1115,67;519;307859;417,75
2007;1;Provincia;14;Región de Murcia;30;Murcia;2569;128133;1115,67;519;307859;417,75
2007;1;Comunidad;15;C. Foral de Navarra;98;C. FORAL DE NAVARRA;1502;142117;1501,75;345;469908;826,69
2007;1;Provincia;15;C. Foral de Navarra;31;Navarra;1502;142117;1501,75;345;469908;826,69
2007;1;Comunidad;16;País Vasco;98;PAÍS VASCO;7287;183873;2075,05;1015;652076;954,75
2007;1;Provincia;16;País Vasco;1;Araba / Álava;761;177801;1820,31;189;306365;628,33
2007;1;Provincia;16;País Vasco;20;Gipuzkoa;2716;164801;2120,77;445;562347;896,28
2007;1;Provincia;16;País Vasco;48;Bizkaia;3810;198514;2087,72;381;851006;1112,76
2007;1;Comunidad;17;La Rioja;98;LA RIOJA;2147;105776;1233,54;95;260602;560,35
2007;1;Provincia;17;La Rioja;26;La Rioja;2147;105776;1233,54;95;260602;560,35
2007;1;Comunidad;18;Ceuta;98;CEUTA;56;132653;1157,59;5;162088;499,49
2007;1;Provincia;18;Ceuta;51;Ceuta;56;132653;1157,59;5;162088;499,49
2007;1;Comunidad;19;Melilla;98;MELILLA;49;105426;1002,07;26;141966;627,63
2007;1;Provincia;19;Melilla;52;Melilla;49;105426;1002,07;26;141966;627,63
2007;2;Nacional;99;ESPAÑA;99;ESPAÑA;82439;184019;1757,16;15273;552144;751,81
2007;2;Comunidad;1;Andalucía;98;ANDALUCÍA;13742;137324;1416,99;3153;275819;572,22
2007;2;Provincia;1;Andalucía;4;Almería;1091;140383;1275,51;207;237959;511,61
2007;2;Provincia;1;Andalucía;11;Cádiz;2087;137894;1514,63;433;377629;574,58
2007;2;Provincia;1;Andalucía;14;Córdoba;1431;122965;1097,09;305;158772;553,80
2007;2;Provincia;1;Andalucía;18;Granada;2091;100053;1109,25;272;369232;480,58
2007;2;Provincia;1;Andalucía;21;Huelva;670;153994;1421,86;265;156322;482,35
2007;2;Provincia;1;Andalucía;23;Jaén;884;133821;944,74;191;175883;347,64
2007;2;Provincia;1;Andalucía;29;Málaga;2855;171536;1899,87;345;474909;751,66
2007;2;Provincia;1;Andalucía;41;Sevilla;2633;134527;1489,03;1135;235893;611,06
2007;2;Comunidad;2;Aragón;98;ARAGÓN;1903;202578;1657,35;1040;390891;678,54
2007;2;Provincia;2;Aragón;22;Huesca;404;133290;1318,84;91;380976;530,06
2007;2;Provincia;2;Aragón;44;Teruel;151;95213;941,01;69;181434;327,93
2007;2;Provincia;2;Aragón;50;Zaragoza;1348;232065;1820,39;880;405065;713,58
2007;2;Comunidad;3;Principado de Asturias;98;PRINCIPADO DE ASTURIAS;2247;213041;1251,53;215;422030;615,45
2007;2;Provincia;3;Principado de Asturias;33;Asturias;2247;213041;1251,53;215;422030;615,45
2007;2;Comunidad;4;Illes Balears;98;ILLES BALEARS;2065;217608;1796,42;197;509380;874,76
2007;2;Provincia;4;Illes Balears;7;Illes Balears;2065;217608;1796,42;197;509380;874,76
2007;2;Comunidad;5;Canarias;98;CANARIAS;3241;195679;1877,99;212;734197;778,00
2007;2;Provincia;5;Canarias;35;Las Palmas;1522;203336;2040,99;134;787548;797,93
2007;2;Provincia;5;Canarias;38;Santa Cruz de Tenerife;1719;188783;1731,19;78;648835;746,10
2007;2;Comunidad;6;Cantabria;98;CANTABRIA;1091;127373;1538,63;119;381590;764,66
2007;2;Provincia;6;Cantabria;39;Cantabria;1091;127373;1538,63;119;381590;764,66
2007;2;Comunidad;7;Castilla y León;98;CASTILLA Y LEÓN;3948;139105;1298,11;553;299957;591,25
2007;2;Provincia;7;Castilla y León;5;Ávila;167;71299;881,15;32;65384;432,97
2007;2;Provincia;7;Castilla y León;9;Burgos;735;151193;1419,50;187;371292;701,21
2007;2;Provincia;7;Castilla y León;24;León;826;131048;1048,70;51;230273;358,02
2007;2;Provincia;7;Castilla y León;34;Palencia;233;83016;1080,72;26;155928;362,49
2007;2;Provincia;7;Castilla y León;37;Salamanca;458;173756;1336,05;58;242334;494,84
2007;2;Provincia;7;Castilla y León;40;Segovia;134;119377;1285,30;32;602219;670,77
2007;2;Provincia;7;Castilla y León;42;Soria;147;89791;1061,83;33;388833;404,23
2007;2;Provincia;7;Castilla y León;47;Valladolid;1022;136378;1580,83;119;285071;654,49
2007;2;Provincia;7;Castilla y León;49;Zamora;226;220834;1314,04;15;212922;347,13
2007;2;Comunidad;8;Castilla-La Mancha;98;CASTILLA-LA MANCHA;2220;144859;1163,90;1251;309324;517,25
2007;2;Provincia;8;Castilla-La Mancha;2;Albacete;685;133888;984,27;349;234431;437,58
2007;2;Provincia;8;Castilla-La Mancha;13;Ciudad Real;506;137514;1149,73;163;237762;363,32
2007;2;Provincia;8;Castilla-La Mancha;16;Cuenca;194;115487;1074,24;19;115375;338,33
2007;2;Provincia;8;Castilla-La Mancha;19;Guadalajara;265;195116;1442,03;141;287408;588,80
2007;2;Provincia;8;Castilla-La Mancha;45;Toledo;570;148763;1272,39;579;391618;594,53
2007;2;Comunidad;9;Cataluña;98;CATALUÑA;13686;221601;2097,29;2604;1232230;1043,42
2007;2;Provincia;9;Cataluña;8;Barcelona;9534;251778;2398,76;1644;1790046;1319,32
2007;2;Provincia;9;Cataluña;17;Girona;1625;158727;1617,67;372;632227;802,10
2007;2;Provincia;9;Cataluña;25;Lleida;1081;171740;1270,32;218;444874;579,42
2007;2;Provincia;9;Cataluña;43;Tarragona;1446;141157;1355,04;370;484069;668,06
2007;2;Comunidad;10;Comunitat Valenciana;98;COMUNITAT VALENCIANA;10119;152529;1377,49;1930;532538;694,53
2007;2;Provincia;10;Comunitat Valenciana;3;Alicante / Alacant;4143;145939;1337,21;459;339218;633,04
2007;2;Provincia;10;Comunitat Valenciana;12;Castellón / Castelló;1350;113665;1187,37;476;632943;722,23
2007;2;Provincia;10;Comunitat Valenciana;46;Valencia / València;4626;170259;1471,44;995;553682;703,30
2007;2;Comunidad;11;Extremadura;98;EXTREMADURA;1331;108128;962,56;443;131649;320,18
2007;2;Provincia;11;Extremadura;6;Badajoz;854;115430;1021,49;282;145307;338,70
2007;2;Provincia;11;Extremadura;10;Cáceres;477;95849;863,46;161;93049;267,83
2007;2;Comunidad;12;Galicia;98;GALICIA;3980;126751;1133,56;281;492197;483,77
2007;2;Provincia;12;Galicia;15;A Coruña;1304;114529;1097,25;120;391082;484,79
2007;2;Provincia;12;Galicia;27;Lugo;726;103560;883,75;35;424436;357,86
2007;2;Provincia;12;Galicia;32;Ourense;524;99990;827,77;15;270734;297,83
2007;2;Provincia;12;Galicia;36;Pontevedra;1426;159230;1394,58;111;650839;549,48
2007;2;Comunidad;13;Comunidad de Madrid;98;COMUNIDAD DE MADRID;9227;311372;2953,55;1211;792527;1226,88
2007;2;Provincia;13;Comunidad de Madrid;28;Madrid;9227;311372;2953,55;1211;792527;1226,88
2007;2;Comunidad;14;Región de Murcia;98;REGIÓN DE MURCIA;2688;128085;1146,38;530;319604;415,44
2007;2;Provincia;14;Región de Murcia;30;Murcia;2688;128085;1146,38;530;319604;415,44
2007;2;Comunidad;15;C. Foral de Navarra;98;C. FORAL DE NAVARRA;1508;138287;1514,90;385;467314;828,96
2007;2;Provincia;15;C. Foral de Navarra;31;Navarra;1508;138287;1514,90;385;467314;828,96
2007;2;Comunidad;16;País Vasco;98;PAÍS VASCO;7117;184688;2117,01;1030;712573;1039,96
2007;2;Provincia;16;País Vasco;1;Araba / Álava;740;169218;1803,19;176;303234;603,46
2007;2;Provincia;16;País Vasco;20;Gipuzkoa;2571;167901;2124,58;437;599064;1015,71
2007;2;Provincia;16;País Vasco;48;Bizkaia;3806;199172;2168,31;417;947855;1186,30
2007;2;Comunidad;17;La Rioja;98;LA RIOJA;2202;108540;1258,34;96;238728;574,71
2007;2;Provincia;17;La Rioja;26;La Rioja;2202;108540;1258,34;96;238728;574,71
2007;2;Comunidad;18;Ceuta;98;CEUTA;39;161051;1350,48;2;180000;633,80
2007;2;Provincia;18;Ceuta;51;Ceuta;39;161051;1350,48;2;180000;633,80
2007;2;Comunidad;19;Melilla;98;MELILLA;85;128015;1071,25;21;160888;714,56
2007;2;Provincia;19;Melilla;52;Melilla;85;128015;1071,25;21;160888;714,56
2007;3;Nacional;99;ESPAÑA;99;ESPAÑA;79807;186828;1776,77;15079;558838;768,72
2007;3;Comunidad;1;Andalucía;98;ANDALUCÍA;13466;139536;1434,89;2922;298303;580,01
2007;3;Provincia;1;Andalucía;4;Almería;1087;139270;1257,17;187;248174;526,63
2007;3;Provincia;1;Andalucía;11;Cádiz;2051;135062;1576,51;405;488256;654,35
2007;3;Provincia;1;Andalucía;14;Córdoba;1358;133529;1104,18;232;171500;401,68
2007;3;Provincia;1;Andalucía;18;Granada;2074;105203;1145,04;252;381515;509,09
2007;3;Provincia;1;Andalucía;21;Huelva;651;146939;1364,89;261;147303;451,91
2007;3;Provincia;1;Andalucía;23;Jaén;904;132082;919,55;179;191460;374,87
2007;3;Provincia;1;Andalucía;29;Málaga;2790;176554;1912,51;358;476101;772,29
2007;3;Provincia;1;Andalucía;41;Sevilla;2551;134872;1505,01;1048;228432;593,44
2007;3;Comunidad;2;Aragón;98;ARAGÓN;1953;208481;1602,32;980;396653;672,45
2007;3;Provincia;2;Aragón;22;Huesca;460;113147;1246,87;100;370224;522,12
2007;3;Provincia;2;Aragón;44;Teruel;157;97623;892,76;54;386763;344,64
2007;3;Provincia;2;Aragón;50;Zaragoza;1336;249623;1787,40;826;399773;702,96
2007;3;Comunidad;3;Principado de Asturias;98;PRINCIPADO DE ASTURIAS;1795;215254;1266,96;221;420575;579,23
2007;3;Provincia;3;Principado de Asturias;33;Asturias;1795;215254;1266,96;221;420575;579,23
2007;3;Comunidad;4;Illes Balears;98;ILLES BALEARS;1938;209910;1822,36;166;587698;1025,82
2007;3;Provincia;4;Illes Balears;7;Illes Balears;1938;209910;1822,36;166;587698;1025,82
2007;3;Comunidad;5;Canarias;98;CANARIAS;2974;203412;1886,99;205;807018;839,89
2007;3;Provincia;5;Canarias;35;Las Palmas;1353;205035;1998,53;129;896756;877,46
2007;3;Provincia;5;Canarias;38;Santa Cruz de Tenerife;1621;202017;1791,11;76;677735;785,76
2007;3;Comunidad;6;Cantabria;98;CANTABRIA;1062;120771;1557,79;137;385769;691,18
2007;3;Provincia;6;Cantabria;39;Cantabria;1062;120771;1557,79;137;385769;691,18
2007;3;Comunidad;7;Castilla y León;98;CASTILLA Y LEÓN;3794;141185;1338,75;661;299096;583,57
2007;3;Provincia;7;Castilla y León;5;Ávila;169;77554;937,00;27;563691;383,03
2007;3;Provincia;7;Castilla y León;9;Burgos;669;148940;1458,43;201;378519;729,73
2007;3;Provincia;7;Castilla y León;24;León;762;130402;1009,93;60;227998;328,61
2007;3;Provincia;7;Castilla y León;34;Palencia;183;111004;1242,78;24;180708;350,97
2007;3;Provincia;7;Castilla y León;37;Salamanca;465;185953;1477,87;66;411232;550,40
2007;3;Provincia;7;Castilla y León;40;Segovia;132;136695;1305,56;46;374465;412,07
2007;3;Provincia;7;Castilla y León;42;Soria;149;108160;1172,91;43;331575;362,10
2007;3;Provincia;7;Castilla y León;47;Valladolid;1044;127684;1524,15;176;205186;607,27
2007;3;Provincia;7;Castilla y León;49;Zamora;221;215729;1439,12;18;164353;459,34
2007;3;Comunidad;8;Castilla-La Mancha;98;CASTILLA-LA MANCHA;2189;147048;1207,07;1254;296905;517,75
2007;3;Provincia;8;Castilla-La Mancha;2;Albacete;634;135885;1023,38;385;179016;394,48
2007;3;Provincia;8;Castilla-La Mancha;13;Ciudad Real;554;133819;1199,39;147;251217;353,54
2007;3;Provincia;8;Castilla-La Mancha;16;Cuenca;194;131957;1114,37;22;53386;332,84
2007;3;Provincia;8;Castilla-La Mancha;19;Guadalajara;233;201165;1512,95;86;225999;651,02
2007;3;Provincia;8;Castilla-La Mancha;45;Toledo;574;154972;1312,50;614;406045;623,75
2007;3;Comunidad;9;Cataluña;98;CATALUÑA;12592;227134;2062,64;2400;1205876;1096,88
2007;3;Provincia;9;Cataluña;8;Barcelona;8675;255916;2348,06;1557;1669469;1375,74
2007;3;Provincia;9;Cataluña;17;Girona;1449;182730;1656,06;330;758553;826,24
2007;3;Provincia;9;Cataluña;25;Lleida;1030;174908;1297,56;187;492142;589,21
2007;3;Provincia;9;Cataluña;43;Tarragona;1438;144879;1372,37;326;422623;674,42
2007;3;Comunidad;10;Comunitat Valenciana;98;COMUNITAT VALENCIANA;10514;149443;1428,61;2083;533695;695,44
2007;3;Provincia;10;Comunitat Valenciana;3;Alicante / Alacant;4253;144467;1375,37;476;340858;617,13
2007;3;Provincia;10;Comunitat Valenciana;12;Castellón / Castelló;1232;116534;1215,78;572;583477;708,97
2007;3;Provincia;10;Comunitat Valenciana;46;Valencia / València;5029;162241;1529,61;1035;583359;719,07
2007;3;Comunidad;11;Extremadura;98;EXTREMADURA;1144;112496;932,95;409;127582;308,18
2007;3;Provincia;11;Extremadura;6;Badajoz;688;128587;1039,43;219;143922;333,00
2007;3;Provincia;11;Extremadura;10;Cáceres;456;90888;789,98;190;99721;265,88
2007;3;Comunidad;12;Galicia;98;GALICIA;3749;134508;1193,33;257;472367;480,23
2007;3;Provincia;12;Galicia;15;A Coruña;1230;126979;1176,56;115;411401;457,47
2007;3;Provincia;12;Galicia;27;Lugo;640;106526;871,43;38;453579;400,53
2007;3;Provincia;12;Galicia;32;Ourense;502;111486;930,10;13;218799;259,32
2007;3;Provincia;12;Galicia;36;Pontevedra;1377;162916;1452,10;91;590039;569,68
2007;3;Comunidad;13;Comunidad de Madrid;98;COMUNIDAD DE MADRID;9384;321420;3000,19;1252;851742;1256,19
2007;3;Provincia;13;Comunidad de Madrid;28;Madrid;9384;321420;3000,19;1252;851742;1256,19
2007;3;Comunidad;14;Región de Murcia;98;REGIÓN DE MURCIA;2807;123507;1186,36;529;295489;391,88
2007;3;Provincia;14;Región de Murcia;30;Murcia;2807;123507;1186,36;529;295489;391,88
2007;3;Comunidad;15;C. Foral de Navarra;98;C. FORAL DE NAVARRA;1527;128621;1556,54;432;493542;853,77
2007;3;Provincia;15;C. Foral de Navarra;31;Navarra;1527;128621;1556,54;432;493542;853,77
2007;3;Comunidad;16;País Vasco;98;PAÍS VASCO;6829;184869;2126,50;1042;723682;1053,95
2007;3;Provincia;16;País Vasco;1;Araba / Álava;716;180088;1795,04;205;293240;621,40
2007;3;Provincia;16;País Vasco;20;Gipuzkoa;2475;168997;2109,65;382;595494;971,65
2007;3;Provincia;16;País Vasco;48;Bizkaia;3638;196722;2196,58;455;948205;1240,01
2007;3;Comunidad;17;La Rioja;98;LA RIOJA;1954;110920;1250,30;103;276095;603,02
2007;3;Provincia;17;La Rioja;26;La Rioja;1954;110920;1250,30;103;276095;603,02
2007;3;Comunidad;18;Ceuta;98;CEUTA;36;177246;1377,48;3;180000;633,80
2007;3;Provincia;18;Ceuta;51;Ceuta;36;177246;1377,48;3;180000;633,80
2007;3;Comunidad;19;Melilla;98;MELILLA;100;129243;1078,54;23;194262;701,39
2007;3;Provincia;19;Melilla;52;Melilla;100;129243;1078,54;23;194262;701,39
2007;4;Nacional;99;ESPAÑA;99;ESPAÑA;76870;191967;1804,89;15343;544885;791,69
2007;4;Comunidad;1;Andalucía;98;ANDALUCÍA;12884;141086;1448,14;2839;300021;616,83
2007;4;Provincia;1;Andalucía;4;Almería;1064;140625;1289,15;213;244287;536,64
2007;4;Provincia;1;Andalucía;11;Cádiz;1919;136783;1599,34;406;511779;684,87
2007;4;Provincia;1;Andalucía;14;Córdoba;1265;132649;1133,53;228;165902;459,86
2007;4;Provincia;1;Andalucía;18;Granada;1872;108822;1165,06;240;393940;523,97
2007;4;Provincia;1;Andalucía;21;Huelva;626;150161;1437,52;214;140727;439,92
2007;4;Provincia;1;Andalucía;23;Jaén;903;125572;946,38;179;192412;382,31
2007;4;Provincia;1;Andalucía;29;Málaga;2682;180548;1879,64;340;466232;754,04
2007;4;Provincia;1;Andalucía;41;Sevilla;2553;134186;1507,18;1019;229047;677,13
2007;4;Comunidad;2;Aragón;98;ARAGÓN;1898;187586;1573,89;1058;397271;695,12
2007;4;Provincia;2;Aragón;22;Huesca;497;109264;1266,56;149;409666;727,84
2007;4;Provincia;2;Aragón;44;Teruel;146;92501;849,91;50;558885;324,66
2007;4;Provincia;2;Aragón;50;Zaragoza;1255;223144;1750,27;859;387482;709,06
2007;4;Comunidad;3;Principado de Asturias;98;PRINCIPADO DE ASTURIAS;1836;217940;1291,35;221;458821;591,95
2007;4;Provincia;3;Principado de Asturias;33;Asturias;1836;217940;1291,35;221;458821;591,95
2007;4;Comunidad;4;Illes Balears;98;ILLES BALEARS;1787;214102;1891,68;176;532940;949,80
2007;4;Provincia;4;Illes Balears;7;Illes Balears;1787;214102;1891,68;176;532940;949,80
2007;4;Comunidad;5;Canarias;98;CANARIAS;2806;199787;1919,84;244;778792;891,61
2007;4;Provincia;5;Canarias;35;Las Palmas;1247;211936;2109,11;169;811551;921,34
2007;4;Provincia;5;Canarias;38;Santa Cruz de Tenerife;1559;190723;1778,64;75;733965;850,94
2007;4;Comunidad;6;Cantabria;98;CANTABRIA;1046;114061;1514,65;157;341570;680,72
2007;4;Provincia;6;Cantabria;39;Cantabria;1046;114061;1514,65;157;341570;680,72
2007;4;Comunidad;7;Castilla y León;98;CASTILLA Y LEÓN;3653;143081;1367,47;869;321064;615,44
2007;4;Provincia;7;Castilla y León;5;Ávila;208;67630;949,56;150;437827;640,69
2007;4;Provincia;7;Castilla y León;9;Burgos;587;161100;1509,20;240;373353;738,47
2007;4;Provincia;7;Castilla y León;24;León;703;122699;1019,82;77;202879;335,18
2007;4;Provincia;7;Castilla y León;34;Palencia;141;123842;1367,04;21;230674;370,78
2007;4;Provincia;7;Castilla y León;37;Salamanca;453;203181;1520,17;64;516358;560,64
2007;4;Provincia;7;Castilla y León;40;Segovia;175;134091;1496,55;57;206517;457,79
2007;4;Provincia;7;Castilla y León;42;Soria;150;110659;1195,89;46;524500;384,08
2007;4;Provincia;7;Castilla y León;47;Valladolid;1016;129368;1531,78;185;225846;638,73
2007;4;Provincia;7;Castilla y León;49;Zamora;220;209507;1422,87;29;141201;404,65
2007;4;Comunidad;8;Castilla-La Mancha;98;CASTILLA-LA MANCHA;2138;145395;1240,21;1202;286255;514,19
2007;4;Provincia;8;Castilla-La Mancha;2;Albacete;591;132607;955,93;359;151828;378,18
2007;4;Provincia;8;Castilla-La Mancha;13;Ciudad Real;627;131449;1304,30;137;178136;353,82
2007;4;Provincia;8;Castilla-La Mancha;16;Cuenca;187;157860;1064,07;26;36006;278,81
2007;4;Provincia;8;Castilla-La Mancha;19;Guadalajara;194;168059;1709,96;53;267458;688,21
2007;4;Provincia;8;Castilla-La Mancha;45;Toledo;539;164350;1370,75;627;403040;622,80
2007;4;Comunidad;9;Cataluña;98;CATALUÑA;11771;226949;2070,55;2289;1200030;1111,13
2007;4;Provincia;9;Cataluña;8;Barcelona;8160;253444;2331,20;1529;1618574;1385,76
2007;4;Provincia;9;Cataluña;17;Girona;1389;183735;1694,69;309;766063;804,26
2007;4;Provincia;9;Cataluña;25;Lleida;925;178127;1303,83;186;452608;558,71
2007;4;Provincia;9;Cataluña;43;Tarragona;1297;149003;1439,73;265;489171;712,14
2007;4;Comunidad;10;Comunitat Valenciana;98;COMUNITAT VALENCIANA;10186;159962;1487,34;2155;523621;719,66
2007;4;Provincia;10;Comunitat Valenciana;3;Alicante / Alacant;4061;152135;1418,05;493;341211;622,70
2007;4;Provincia;10;Comunitat Valenciana;12;Castellón / Castelló;1144;120642;1244,87;625;566016;774,09
2007;4;Provincia;10;Comunitat Valenciana;46;Valencia / València;4981;175584;1600,99;1037;579280;732,03
2007;4;Comunidad;11;Extremadura;98;EXTREMADURA;991;116317;978,55;402;129964;290,43
2007;4;Provincia;11;Extremadura;6;Badajoz;595;130673;1074,47;197;152158;330,25
2007;4;Provincia;11;Extremadura;10;Cáceres;396;96681;847,37;205;102222;240,65
2007;4;Comunidad;12;Galicia;98;GALICIA;3534;142630;1265,78;245;449850;462,29
2007;4;Provincia;12;Galicia;15;A Coruña;1262;141575;1256,36;114;502175;449,26
2007;4;Provincia;12;Galicia;27;Lugo;588;111054;906,00;41;477349;356,22
2007;4;Provincia;12;Galicia;32;Ourense;461;107697;992,50;15;272332;263,20
2007;4;Provincia;12;Galicia;36;Pontevedra;1223;171137;1548,67;75;373831;577,09
2007;4;Comunidad;13;Comunidad de Madrid;98;COMUNIDAD DE MADRID;9574;343834;3011,92;1293;761510;1257,91
2007;4;Provincia;13;Comunidad de Madrid;28;Madrid;9574;343834;3011,92;1293;761510;1257,91
2007;4;Comunidad;14;Región de Murcia;98;REGIÓN DE MURCIA;2870;122146;1199,86;515;259867;413,46
2007;4;Provincia;14;Región de Murcia;30;Murcia;2870;122146;1199,86;515;259867;413,46
2007;4;Comunidad;15;C. Foral de Navarra;98;C. FORAL DE NAVARRA;1460;134536;1566,87;458;479312;876,39
2007;4;Provincia;15;C. Foral de Navarra;31;Navarra;1460;134536;1566,87;458;479312;876,39
2007;4;Comunidad;16;País Vasco;98;PAÍS VASCO;6399;184202;2134,92;1081;711612;1093,84
2007;4;Provincia;16;País Vasco;1;Araba / Álava;694;163431;1747,54;192;313628;642,92
2007;4;Provincia;16;País Vasco;20;Gipuzkoa;2334;174185;2113,06;374;606260;1002,24
2007;4;Provincia;16;País Vasco;48;Bizkaia;3371;195045;2220,37;515;863595;1246,06
2007;4;Comunidad;17;La Rioja;98;LA RIOJA;1877;111298;1232,01;112;288271;580,18
2007;4;Provincia;17;La Rioja;26;La Rioja;1877;111298;1232,01;112;288271;580,18
2007;4;Comunidad;18;Ceuta;98;CEUTA;51;165631;1297,44;4;194207;852,70
2007;4;Provincia;18;Ceuta;51;Ceuta;51;165631;1297,44;4;194207;852,70
2007;4;Comunidad;19;Melilla;98;MELILLA;109;127188;1254,40;23;210786;669,13
2007;4;Provincia;19;Melilla;52;Melilla;109;127188;1254,40;23;210786;669,13
2008;1;Nacional;99;ESPAÑA;99;ESPAÑA;71266;208601;1881,43;14334;530039;784,30
2008;1;Comunidad;1;Andalucía;98;ANDALUCÍA;11968;155607;1489,15;2784;263637;621,91
2008;1;Provincia;1;Andalucía;4;Almería;918;150184;1346,64;213;258315;576,99
2008;1;Provincia;1;Andalucía;11;Cádiz;1695;155045;1682,70;438;340107;656,64
2008;1;Provincia;1;Andalucía;14;Córdoba;1166;134922;1173,15;296;138029;489,83
2008;1;Provincia;1;Andalucía;18;Granada;1671;120604;1209,84;199;446116;497,99
2008;1;Provincia;1;Andalucía;21;Huelva;601;173453;1472,74;146;144102;411,53
2008;1;Provincia;1;Andalucía;23;Jaén;892;146473;1005,11;179;215846;383,39
2008;1;Provincia;1;Andalucía;29;Málaga;2449;207420;1959,40;299;338631;701,65
2008;1;Provincia;1;Andalucía;41;Sevilla;2576;139653;1476,12;1014;238466;716,07
2008;1;Comunidad;2;Aragón;98;ARAGÓN;1803;210036;1642,13;880;405442;710,08
2008;1;Provincia;2;Aragón;22;Huesca;465;108539;1147,94;130;423215;798,77
2008;1;Provincia;2;Aragón;44;Teruel;142;115973;875,70;37;735575;324,68
2008;1;Provincia;2;Aragón;50;Zaragoza;1196;253708;1890,26;713;387326;713,66
2008;1;Comunidad;3;Principado de Asturias;98;PRINCIPADO DE ASTURIAS;1616;181433;1296,22;205;384904;575,36
2008;1;Provincia;3;Principado de Asturias;33;Asturias;1616;181433;1296,22;205;384904;575,36
2008;1;Comunidad;4;Illes Balears;98;ILLES BALEARS;1627;236498;2009,03;154;357766;921,30
2008;1;Provincia;4;Illes Balears;7;Illes Balears;1627;236498;2009,03;154;357766;921,30
2008;1;Comunidad;5;Canarias;98;CANARIAS;2645;211039;2016,93;266;746704;1097,54
2008;1;Provincia;5;Canarias;35;Las Palmas;1149;232430;2197,27;206;635173;1213,53
2008;1;Provincia;5;Canarias;38;Santa Cruz de Tenerife;1496;195064;1882,25;60;940025;896,49
2008;1;Comunidad;6;Cantabria;98;CANTABRIA;977;145869;1748,99;152;324750;726,13
2008;1;Provincia;6;Cantabria;39;Cantabria;977;145869;1748,99;152;324750;726,13
2008;1;Comunidad;7;Castilla y León;98;CASTILLA Y LEÓN;3321;145995;1413,83;883;300262;575,54
2008;1;Provincia;7;Castilla y León;5;Ávila;215;73533;952,77;148;451615;639,08
2008;1;Provincia;7;Castilla y León;9;Burgos;510;155790;1564,67;242;347880;671,53
2008;1;Provincia;7;Castilla y León;24;León;567;118700;1033,87;83;208131;370,73
2008;1;Provincia;7;Castilla y León;34;Palencia;170;117429;1239,48;19;209516;379,37
2008;1;Provincia;7;Castilla y León;37;Salamanca;421;196237;1536,92;53;448975;550,69
2008;1;Provincia;7;Castilla y León;40;Segovia;166;175532;1774,27;71;109722;361,36
2008;1;Provincia;7;Castilla y León;42;Soria;150;146379;1248,97;56;466149;410,27
2008;1;Provincia;7;Castilla y León;47;Valladolid;940;135877;1604,18;180;208178;584,41
2008;1;Provincia;7;Castilla y León;49;Zamora;182;217882;1414,46;31;152043;411,07
2008;1;Comunidad;8;Castilla-La Mancha;98;CASTILLA-LA MANCHA;2090;170635;1323,72;1096;262559;477,96
2008;1;Provincia;8;Castilla-La Mancha;2;Albacete;522;163101;1030,35;332;128714;383,93
2008;1;Provincia;8;Castilla-La Mancha;13;Ciudad Real;625;176127;1348,37;157;170250;321,12
2008;1;Provincia;8;Castilla-La Mancha;16;Cuenca;220;182895;1068,73;41;224930;412,12
2008;1;Provincia;8;Castilla-La Mancha;19;Guadalajara;205;200442;1964,33;42;204442;682,36
2008;1;Provincia;8;Castilla-La Mancha;45;Toledo;518;156412;1415,00;524;399334;583,90
2008;1;Comunidad;9;Cataluña;98;CATALUÑA;10731;238753;2132,62;1987;1179283;1108,86
2008;1;Provincia;9;Cataluña;8;Barcelona;7413;268984;2418,05;1355;1543904;1363,79
2008;1;Provincia;9;Cataluña;17;Girona;1219;190474;1713,06;284;820958;787,43
2008;1;Provincia;9;Cataluña;25;Lleida;901;176761;1270,53;172;409877;583,19
2008;1;Provincia;9;Cataluña;43;Tarragona;1198;150846;1456,40;176;507294;734,39
2008;1;Comunidad;10;Comunitat Valenciana;98;COMUNITAT VALENCIANA;9237;164894;1519,09;2052;540345;712,44
2008;1;Provincia;10;Comunitat Valenciana;3;Alicante / Alacant;3534;150502;1405,50;444;388868;648,76
2008;1;Provincia;10;Comunitat Valenciana;12;Castellón / Castelló;1041;151862;1286,80;635;567474;772,57
2008;1;Provincia;10;Comunitat Valenciana;46;Valencia / València;4662;178690;1656,79;973;594172;704,17
2008;1;Comunidad;11;Extremadura;98;EXTREMADURA;849;154374;1023,60;367;141016;297,87
2008;1;Provincia;11;Extremadura;6;Badajoz;503;201896;1217,23;168;146893;326,24
2008;1;Provincia;11;Extremadura;10;Cáceres;346;93204;774,37;199;135616;271,80
2008;1;Comunidad;12;Galicia;98;GALICIA;3259;158581;1383,72;210;578833;574,78
2008;1;Provincia;12;Galicia;15;A Coruña;1196;155918;1312,90;100;685194;527,94
2008;1;Provincia;12;Galicia;27;Lugo;493;116083;941,67;41;389463;324,99
2008;1;Provincia;12;Galicia;32;Ourense;440;137358;1035,27;10;239066;209,40
2008;1;Provincia;12;Galicia;36;Pontevedra;1130;186753;1760,49;59;564159;736,19
2008;1;Comunidad;13;Comunidad de Madrid;98;COMUNIDAD DE MADRID;9472;385670;3151,41;1249;922490;1228,34
2008;1;Provincia;13;Comunidad de Madrid;28;Madrid;9472;385670;3151,41;1249;922490;1228,34
2008;1;Comunidad;14;Región de Murcia;98;REGIÓN DE MURCIA;2840;135566;1252,51;487;260276;427,20
2008;1;Provincia;14;Región de Murcia;30;Murcia;2840;135566;1252,51;487;260276;427,20
2008;1;Comunidad;15;C. Foral de Navarra;98;C. FORAL DE NAVARRA;1364;154363;1571,19;381;467583;848,66
2008;1;Provincia;15;C. Foral de Navarra;31;Navarra;1364;154363;1571,19;381;467583;848,66
2008;1;Comunidad;16;País Vasco;98;PAÍS VASCO;5565;199127;2235,11;1016;635865;1134,77
2008;1;Provincia;16;País Vasco;1;Araba / Álava;678;149605;1755,57;178;261095;656,58
2008;1;Provincia;16;País Vasco;20;Gipuzkoa;2001;179177;2104,06;356;610603;1101,07
2008;1;Provincia;16;País Vasco;48;Bizkaia;2886;223639;2427,53;482;725589;1250,32
2008;1;Comunidad;17;La Rioja;98;LA RIOJA;1745;110208;1267,29;134;281420;564,47
2008;1;Provincia;17;La Rioja;26;La Rioja;1745;110208;1267,29;134;281420;564,47
2008;1;Comunidad;18;Ceuta;98;CEUTA;36;160102;1296,76;5;204604;655,20
2008;1;Provincia;18;Ceuta;51;Ceuta;36;160102;1296,76;5;204604;655,20
2008;1;Comunidad;19;Melilla;98;MELILLA;121;130789;1180,05;26;203549;647,15
2008;1;Provincia;19;Melilla;52;Melilla;121;130789;1180,05;26;203549;647,15
2008;2;Nacional;99;ESPAÑA;99;ESPAÑA;66013;213544;1898,11;13639;512035;774,22
2008;2;Comunidad;1;Andalucía;98;ANDALUCÍA;11379;163147;1505,18;2781;247390;612,56
2008;2;Provincia;1;Andalucía;4;Almería;978;164944;1400,68;232;264149;577,03
2008;2;Provincia;1;Andalucía;11;Cádiz;1498;168177;1671,49;412;332079;626,07
2008;2;Provincia;1;Andalucía;14;Córdoba;1043;125920;1200,24;314;138396;503,71
2008;2;Provincia;1;Andalucía;18;Granada;1622;125228;1171,76;178;260048;501,87
2008;2;Provincia;1;Andalucía;21;Huelva;579;170825;1500,13;125;149509;428,67
2008;2;Provincia;1;Andalucía;23;Jaén;878;136319;1012,34;196;178833;339,97
2008;2;Provincia;1;Andalucía;29;Málaga;2317;225304;1999,33;288;373528;726,29
2008;2;Provincia;1;Andalucía;41;Sevilla;2464;150749;1522,01;1036;224396;701,41
2008;2;Comunidad;2;Aragón;98;ARAGÓN;1678;206947;1645,14;812;382488;733,54
2008;2;Provincia;2;Aragón;22;Huesca;450;104522;1162,33;119;526381;792,52
2008;2;Provincia;2;Aragón;44;Teruel;137;123686;908,12;24;1214255;338,55
2008;2;Provincia;2;Aragón;50;Zaragoza;1091;254508;1910,97;669;338253;736,22
2008;2;Comunidad;3;Principado de Asturias;98;PRINCIPADO DE ASTURIAS;1503;160986;1302,50;163;375140;594,90
2008;2;Provincia;3;Principado de Asturias;33;Asturias;1503;160986;1302,50;163;375140;594,90
2008;2;Comunidad;4;Illes Balears;98;ILLES BALEARS;1457;225923;2107,63;130;395468;875,66
2008;2;Provincia;4;Illes Balears;7;Illes Balears;1457;225923;2107,63;130;395468;875,66
2008;2;Comunidad;5;Canarias;98;CANARIAS;2508;219194;2082,30;277;776349;1190,14
2008;2;Provincia;5;Canarias;35;Las Palmas;1196;244653;2317,15;221;683055;1200,67
2008;2;Provincia;5;Canarias;38;Santa Cruz de Tenerife;1312;195411;1862,90;56;960767;1169,33
2008;2;Comunidad;6;Cantabria;98;CANTABRIA;957;145854;1722,64;133;334980;852,97
2008;2;Provincia;6;Cantabria;39;Cantabria;957;145854;1722,64;133;334980;852,97
2008;2;Comunidad;7;Castilla y León;98;CASTILLA Y LEÓN;3099;145787;1479,58;824;295743;570,39
2008;2;Provincia;7;Castilla y León;5;Ávila;193;93000;1045,08;150;464314;654,87
2008;2;Provincia;7;Castilla y León;9;Burgos;465;154778;1599,59;204;316448;632,92
2008;2;Provincia;7;Castilla y León;24;León;557;117192;1185,29;68;204241;317,88
2008;2;Provincia;7;Castilla y León;34;Palencia;187;114241;1204,63;20;188284;354,41
2008;2;Provincia;7;Castilla y León;37;Salamanca;442;169089;1649,42;45;464069;557,59
2008;2;Provincia;7;Castilla y León;40;Segovia;162;179500;1755,08;57;106680;368,89
2008;2;Provincia;7;Castilla y León;42;Soria;162;153922;1329,22;56;403362;419,75
2008;2;Provincia;7;Castilla y León;47;Valladolid;754;157530;1749,82;196;235432;602,66
2008;2;Provincia;7;Castilla y León;49;Zamora;177;153035;1179,83;28;224072;427,31
2008;2;Comunidad;8;Castilla-La Mancha;98;CASTILLA-LA MANCHA;2028;174252;1288,92;1037;240917;469,20
2008;2;Provincia;8;Castilla-La Mancha;2;Albacete;502;160927;1092,53;332;130654;381,00
2008;2;Provincia;8;Castilla-La Mancha;13;Ciudad Real;610;173887;1265,04;148;168155;336,46
2008;2;Provincia;8;Castilla-La Mancha;16;Cuenca;224;195473;1074,57;67;237158;317,01
2008;2;Provincia;8;Castilla-La Mancha;19;Guadalajara;213;219133;1920,55;62;167870;671,58
2008;2;Provincia;8;Castilla-La Mancha;45;Toledo;479;161373;1306,88;428;388917;583,60
2008;2;Comunidad;9;Cataluña;98;CATALUÑA;9587;242593;2144,93;1822;1155758;1024,83
2008;2;Provincia;9;Cataluña;8;Barcelona;6649;274288;2428,45;1251;1475151;1240,59
2008;2;Provincia;9;Cataluña;17;Girona;1110;195088;1731,97;226;926133;757,85
2008;2;Provincia;9;Cataluña;25;Lleida;756;164791;1276,96;172;430107;552,44
2008;2;Provincia;9;Cataluña;43;Tarragona;1072;155023;1461,14;173;567772;743,34
2008;2;Comunidad;10;Comunitat Valenciana;98;COMUNITAT VALENCIANA;8531;173025;1518,29;1832;496975;725,48
2008;2;Provincia;10;Comunitat Valenciana;3;Alicante / Alacant;3246;152920;1399,37;410;392852;653,10
2008;2;Provincia;10;Comunitat Valenciana;12;Castellón / Castelló;1039;157069;1306,91;516;387545;767,68
2008;2;Provincia;10;Comunitat Valenciana;46;Valencia / València;4246;192317;1661,02;906;607906;736,46
2008;2;Comunidad;11;Extremadura;98;EXTREMADURA;892;156563;1054,60;446;134966;297,05
2008;2;Provincia;11;Extremadura;6;Badajoz;546;204696;1290,14;209;142918;329,20
2008;2;Provincia;11;Extremadura;10;Cáceres;346;88649;722,25;237;128064;269,14
2008;2;Comunidad;12;Galicia;98;GALICIA;3122;160134;1379,26;218;556067;580,46
2008;2;Provincia;12;Galicia;15;A Coruña;1186;156868;1340,95;99;684253;548,44
2008;2;Provincia;12;Galicia;27;Lugo;446;111411;917,19;44;282891;302,66
2008;2;Provincia;12;Galicia;32;Ourense;452;130952;1000,97;14;203253;201,04
2008;2;Provincia;12;Galicia;36;Pontevedra;1038;194391;1746,44;61;576069;778,53
2008;2;Comunidad;13;Comunidad de Madrid;98;COMUNIDAD DE MADRID;8653;403767;3219,45;1337;920633;1239,18
2008;2;Provincia;13;Comunidad de Madrid;28;Madrid;8653;403767;3219,45;1337;920633;1239,18
2008;2;Comunidad;14;Región de Murcia;98;REGIÓN DE MURCIA;2616;136272;1271,10;422;276152;444,48
2008;2;Provincia;14;Región de Murcia;30;Murcia;2616;136272;1271,10;422;276152;444,48
2008;2;Comunidad;15;C. Foral de Navarra;98;C. FORAL DE NAVARRA;1237;168552;1578,92;372;485027;838,05
2008;2;Provincia;15;C. Foral de Navarra;31;Navarra;1237;168552;1578,92;372;485027;838,05
2008;2;Comunidad;16;País Vasco;98;PAÍS VASCO;4880;204926;2285,79;878;624509;1115,67
2008;2;Provincia;16;País Vasco;1;Araba / Álava;616;146637;1787,41;161;222878;711,31
2008;2;Provincia;16;País Vasco;20;Gipuzkoa;1801;188963;2155,79;299;598730;1022,74
2008;2;Provincia;16;País Vasco;48;Bizkaia;2463;229438;2490,54;418;705967;1244,93
2008;2;Comunidad;17;La Rioja;98;LA RIOJA;1763;110249;1315,46;131;294184;540,62
2008;2;Provincia;17;La Rioja;26;La Rioja;1763;110249;1315,46;131;294184;540,62
2008;2;Comunidad;18;Ceuta;98;CEUTA;44;157653;1462,63;7;212783;676,24
2008;2;Provincia;18;Ceuta;51;Ceuta;44;157653;1462,63;7;212783;676,24
2008;2;Comunidad;19;Melilla;98;MELILLA;79;117922;1165,33;17;188834;571,88
2008;2;Provincia;19;Melilla;52;Melilla;79;117922;1165,33;17;188834;571,88
2008;3;Nacional;99;ESPAÑA;99;ESPAÑA;60775;230138;1921,54;12444;519490;771,06
2008;3;Comunidad;1;Andalucía;98;ANDALUCÍA;10528;174580;1520,13;2656;237518;603,72
2008;3;Provincia;1;Andalucía;4;Almería;977;175548;1456,77;242;267455;587,62
2008;3;Provincia;1;Andalucía;11;Cádiz;1296;182264;1733,46;381;272930;598,43
2008;3;Provincia;1;Andalucía;14;Córdoba;959;130659;1239,89;300;138105;498,84
2008;3;Provincia;1;Andalucía;18;Granada;1469;121264;1113,81;148;291060;484,98
2008;3;Provincia;1;Andalucía;21;Huelva;527;187514;1564,29;122;137225;439,81
2008;3;Provincia;1;Andalucía;23;Jaén;825;145166;1060,07;191;205184;335,36
2008;3;Provincia;1;Andalucía;29;Málaga;2077;239418;2049,91;251;368709;751,97
2008;3;Provincia;1;Andalucía;41;Sevilla;2398;173796;1503,75;1021;226306;691,18
2008;3;Comunidad;2;Aragón;98;ARAGÓN;1600;203738;1711,01;789;356557;733,51
2008;3;Provincia;2;Aragón;22;Huesca;392;127661;1322,32;104;564718;853,85
2008;3;Provincia;2;Aragón;44;Teruel;130;131683;933,25;19;794133;358,64
2008;3;Provincia;2;Aragón;50;Zaragoza;1078;239338;1940,93;666;320840;727,34
2008;3;Comunidad;3;Principado de Asturias;98;PRINCIPADO DE ASTURIAS;1369;177651;1346,72;176;364040;620,62
2008;3;Provincia;3;Principado de Asturias;33;Asturias;1369;177651;1346,72;176;364040;620,62
2008;3;Comunidad;4;Illes Balears;98;ILLES BALEARS;1389;234561;2228,47;120;358985;810,37
2008;3;Provincia;4;Illes Balears;7;Illes Balears;1389;234561;2228,47;120;358985;810,37
2008;3;Comunidad;5;Canarias;98;CANARIAS;2445;226594;2102,13;286;737663;1179,23
2008;3;Provincia;5;Canarias;35;Las Palmas;1208;243627;2339,82;216;662172;1183,90
2008;3;Provincia;5;Canarias;38;Santa Cruz de Tenerife;1237;210880;1882,85;70;846264;1172,52
2008;3;Comunidad;6;Cantabria;98;CANTABRIA;886;156760;1744,98;110;351670;988,50
2008;3;Provincia;6;Cantabria;39;Cantabria;886;156760;1744,98;110;351670;988,50
2008;3;Comunidad;7;Castilla y León;98;CASTILLA Y LEÓN;2779;154737;1459,11;744;301957;591,91
2008;3;Provincia;7;Castilla y León;5;Ávila;183;111625;1177,32;153;267563;703,05
2008;3;Provincia;7;Castilla y León;9;Burgos;436;146245;1560,16;183;290412;636,18
2008;3;Provincia;7;Castilla y León;24;León;511;141662;1209,07;73;233051;442,59
2008;3;Provincia;7;Castilla y León;34;Palencia;209;96018;1058,04;19;230848;355,87
2008;3;Provincia;7;Castilla y León;37;Salamanca;402;167474;1628,38;36;260740;522,25
2008;3;Provincia;7;Castilla y León;40;Segovia;157;223921;1836,74;44;121806;382,09
2008;3;Provincia;7;Castilla y León;42;Soria;187;121663;1153,51;46;485014;439,97
2008;3;Provincia;7;Castilla y León;47;Valladolid;544;200164;1876,04;167;336484;638,24
2008;3;Provincia;7;Castilla y León;49;Zamora;150;132588;994,63;23;248794;353,88
2008;3;Comunidad;8;Castilla-La Mancha;98;CASTILLA-LA MANCHA;1934;181338;1265,84;900;334610;462,44
2008;3;Provincia;8;Castilla-La Mancha;2;Albacete;466;161561;1061,42;248;147385;385,95
2008;3;Provincia;8;Castilla-La Mancha;13;Ciudad Real;546;206995;1341,97;154;182701;362,28
2008;3;Provincia;8;Castilla-La Mancha;16;Cuenca;222;192702;1074,22;77;231098;318,92
2008;3;Provincia;8;Castilla-La Mancha;19;Guadalajara;197;224755;1908,39;73;1182471;620,10
2008;3;Provincia;8;Castilla-La Mancha;45;Toledo;503;153950;1184,80;348;339382;550,79
2008;3;Comunidad;9;Cataluña;98;CATALUÑA;8883;276908;2165,51;1630;1240033;985,69
2008;3;Provincia;9;Cataluña;8;Barcelona;6116;329135;2468,07;1099;1668985;1181,76
2008;3;Provincia;9;Cataluña;17;Girona;1033;174543;1754,62;216;782052;756,67
2008;3;Provincia;9;Cataluña;25;Lleida;691;169275;1238,65;152;399818;529,43
2008;3;Provincia;9;Cataluña;43;Tarragona;1043;154961;1472,47;163;574437;769,50
2008;3;Comunidad;10;Comunitat Valenciana;98;COMUNITAT VALENCIANA;7362;202021;1496,56;1500;475664;725,79
2008;3;Provincia;10;Comunitat Valenciana;3;Alicante / Alacant;2769;194633;1408,10;359;363036;656,24
2008;3;Provincia;10;Comunitat Valenciana;12;Castellón / Castelló;1101;173380;1379,07;355;387446;786,02
2008;3;Provincia;10;Comunitat Valenciana;46;Valencia / València;3492;215899;1598,92;786;571344;731,69
2008;3;Comunidad;11;Extremadura;98;EXTREMADURA;853;162985;1122,29;435;140590;303,34
2008;3;Provincia;11;Extremadura;6;Badajoz;514;212415;1348,75;214;143659;325,36
2008;3;Provincia;11;Extremadura;10;Cáceres;339;92345;798,65;221;137566;281,63
2008;3;Comunidad;12;Galicia;98;GALICIA;3031;167792;1381,84;224;612350;588,39
2008;3;Provincia;12;Galicia;15;A Coruña;1188;159535;1290,93;114;776629;551,44
2008;3;Provincia;12;Galicia;27;Lugo;404;125418;975,43;35;236855;294,12
2008;3;Provincia;12;Galicia;32;Ourense;442;130656;965,22;13;219066;204,63
2008;3;Provincia;12;Galicia;36;Pontevedra;997;206884;1790,90;62;548896;809,13
2008;3;Comunidad;13;Comunidad de Madrid;98;COMUNIDAD DE MADRID;7978;430318;3310,66;1253;903070;1248,41
2008;3;Provincia;13;Comunidad de Madrid;28;Madrid;7978;430318;3310,66;1253;903070;1248,41
2008;3;Comunidad;14;Región de Murcia;98;REGIÓN DE MURCIA;2333;137059;1252,73;340;308209;454,97
2008;3;Provincia;14;Región de Murcia;30;Murcia;2333;137059;1252,73;340;308209;454,97
2008;3;Comunidad;15;C. Foral de Navarra;98;C. FORAL DE NAVARRA;1165;175518;1544,75;334;421379;813,10
2008;3;Provincia;15;C. Foral de Navarra;31;Navarra;1165;175518;1544,75;334;421379;813,10
2008;3;Comunidad;16;País Vasco;98;PAÍS VASCO;4438;212096;2337,49;807;684075;1161,64
2008;3;Provincia;16;País Vasco;1;Araba / Álava;592;144555;1748,21;144;276455;734,30
2008;3;Provincia;16;País Vasco;20;Gipuzkoa;1600;199581;2179,52;306;592535;1095,57
2008;3;Provincia;16;País Vasco;48;Bizkaia;2246;236861;2588,61;357;826936;1283,85
2008;3;Comunidad;17;La Rioja;98;LA RIOJA;1709;104700;1397,27;116;268699;510,29
2008;3;Provincia;17;La Rioja;26;La Rioja;1709;104700;1397,27;116;268699;510,29
2008;3;Comunidad;18;Ceuta;98;CEUTA;40;193314;1456,49;9;207201;919,57
2008;3;Provincia;18;Ceuta;51;Ceuta;40;193314;1456,49;9;207201;919,57
2008;3;Comunidad;19;Melilla;98;MELILLA;53;164134;1210,21;15;185151;696,68
2008;3;Provincia;19;Melilla;52;Melilla;53;164134;1210,21;15;185151;696,68
2008;4;Nacional;99;ESPAÑA;99;ESPAÑA;57048;233394;1909,34;11281;611623;753,06
2008;4;Comunidad;1;Andalucía;98;ANDALUCÍA;9718;178456;1523,69;2459;228534;582,80
2008;4;Provincia;1;Andalucía;4;Almería;927;189381;1476,80;211;273234;589,70
2008;4;Provincia;1;Andalucía;11;Cádiz;1172;196534;1780,92;349;259347;575,35
2008;4;Provincia;1;Andalucía;14;Córdoba;915;138449;1273,18;291;133733;484,66
2008;4;Provincia;1;Andalucía;18;Granada;1485;115790;1110,32;126;255741;499,80
2008;4;Provincia;1;Andalucía;21;Huelva;494;196437;1563,71;123;154514;461,78
2008;4;Provincia;1;Andalucía;23;Jaén;806;140056;1017,61;160;214946;335,16
2008;4;Provincia;1;Andalucía;29;Málaga;1805;234350;2047,09;224;350380;774,54
2008;4;Provincia;1;Andalucía;41;Sevilla;2114;189614;1561,59;975;213697;634,03
2008;4;Comunidad;2;Aragón;98;ARAGÓN;1526;223868;1781,10;640;371740;711,06
2008;4;Provincia;2;Aragón;22;Huesca;335;127666;1368,31;45;481954;454,35
2008;4;Provincia;2;Aragón;44;Teruel;139;126364;896,74;18;265673;370,77
2008;4;Provincia;2;Aragón;50;Zaragoza;1052;269522;2032,85;577;367491;731,34
2008;4;Comunidad;3;Principado de Asturias;98;PRINCIPADO DE ASTURIAS;1160;176098;1320,73;186;345333;650,28
2008;4;Provincia;3;Principado de Asturias;33;Asturias;1160;176098;1320,73;186;345333;650,28
2008;4;Comunidad;4;Illes Balears;98;ILLES BALEARS;1298;260390;2130,39;86;413099;813,83
2008;4;Provincia;4;Illes Balears;7;Illes Balears;1298;260390;2130,39;86;413099;813,83
2008;4;Comunidad;5;Canarias;98;CANARIAS;2335;243036;2152,18;245;700354;1094,33
2008;4;Provincia;5;Canarias;35;Las Palmas;1181;251911;2337,65;177;613231;1075,95
2008;4;Provincia;5;Canarias;38;Santa Cruz de Tenerife;1154;233651;1956,05;68;828823;1121,45
2008;4;Comunidad;6;Cantabria;98;CANTABRIA;811;158680;1819,16;92;343608;993,84
2008;4;Provincia;6;Cantabria;39;Cantabria;811;158680;1819,16;92;343608;993,84
2008;4;Comunidad;7;Castilla y León;98;CASTILLA Y LEÓN;2735;162896;1508,88;552;324198;585,61
2008;4;Provincia;7;Castilla y León;5;Ávila;145;167692;1563,67;32;138713;530,65
2008;4;Provincia;7;Castilla y León;9;Burgos;497;146884;1573,55;135;279317;601,94
2008;4;Provincia;7;Castilla y León;24;León;507;136643;1178,22;73;315010;535,78
2008;4;Provincia;7;Castilla y León;34;Palencia;214;112974;1142,22;18;201821;340,82
2008;4;Provincia;7;Castilla y León;37;Salamanca;381;158318;1681,04;43;286619;724,36
2008;4;Provincia;7;Castilla y León;40;Segovia;125;243601;1688,12;32;127599;348,41
2008;4;Provincia;7;Castilla y León;42;Soria;170;120438;1169,01;50;161812;375,37
2008;4;Provincia;7;Castilla y León;47;Valladolid;542;227429;1980,00;153;368916;626,05
2008;4;Provincia;7;Castilla y León;49;Zamora;154;141653;1036,01;16;1257360;385,55
2008;4;Comunidad;8;Castilla-La Mancha;98;CASTILLA-LA MANCHA;1881;178637;1222,21;859;350436;467,67
2008;4;Provincia;8;Castilla-La Mancha;2;Albacete;436;169351;1110,78;219;144630;386,05
2008;4;Provincia;8;Castilla-La Mancha;13;Ciudad Real;423;225727;1204,85;137;176006;353,04
2008;4;Provincia;8;Castilla-La Mancha;16;Cuenca;210;170248;1167,98;80;260679;335,39
2008;4;Provincia;8;Castilla-La Mancha;19;Guadalajara;210;206136;1786,60;120;843176;638,20
2008;4;Provincia;8;Castilla-La Mancha;45;Toledo;602;145279;1144,29;303;403541;538,40
2008;4;Comunidad;9;Cataluña;98;CATALUÑA;8403;300089;2211,48;1467;1242380;952,04
2008;4;Provincia;9;Cataluña;8;Barcelona;5789;361083;2539,77;966;1698337;1140,53
2008;4;Provincia;9;Cataluña;17;Girona;910;179194;1754,05;195;749705;749,32
2008;4;Provincia;9;Cataluña;25;Lleida;741;179149;1268,08;138;401895;502,49
2008;4;Provincia;9;Cataluña;43;Tarragona;963;154521;1437,38;168;512640;732,08
2008;4;Comunidad;10;Comunitat Valenciana;98;COMUNITAT VALENCIANA;6761;201708;1466,73;1307;1278670;671,41
2008;4;Provincia;10;Comunitat Valenciana;3;Alicante / Alacant;2581;196857;1373,65;318;361180;632,47
2008;4;Provincia;10;Comunitat Valenciana;12;Castellón / Castelló;1085;175967;1396,42;253;401178;659,60
2008;4;Provincia;10;Comunitat Valenciana;46;Valencia / València;3095;213815;1563,88;736;1996401;692,56
2008;4;Comunidad;11;Extremadura;98;EXTREMADURA;850;163509;1113,06;449;143596;341,50
2008;4;Provincia;11;Extremadura;6;Badajoz;536;206521;1301,18;243;145845;369,82
2008;4;Provincia;11;Extremadura;10;Cáceres;314;95843;817,11;206;140344;300,54
2008;4;Comunidad;12;Galicia;98;GALICIA;2962;162753;1344,83;244;593251;601,72
2008;4;Provincia;12;Galicia;15;A Coruña;1154;150441;1294,44;115;699023;537,76
2008;4;Provincia;12;Galicia;27;Lugo;404;122518;929,47;38;452038;500,67
2008;4;Provincia;12;Galicia;32;Ourense;393;135016;929,61;15;169377;437,09
2008;4;Provincia;12;Galicia;36;Pontevedra;1011;203836;1718,31;76;554308;749,15
2008;4;Comunidad;13;Comunidad de Madrid;98;COMUNIDAD DE MADRID;7645;408489;3224,61;1257;934484;1290,30
2008;4;Provincia;13;Comunidad de Madrid;28;Madrid;7645;408489;3224,61;1257;934484;1290,30
2008;4;Comunidad;14;Región de Murcia;98;REGIÓN DE MURCIA;2060;154135;1260,54;303;351580;442,65
2008;4;Provincia;14;Región de Murcia;30;Murcia;2060;154135;1260,54;303;351580;442,65
2008;4;Comunidad;15;C. Foral de Navarra;98;C. FORAL DE NAVARRA;1072;175687;1567,07;294;410631;735,07
2008;4;Provincia;15;C. Foral de Navarra;31;Navarra;1072;175687;1567,07;294;410631;735,07
2008;4;Comunidad;16;País Vasco;98;PAÍS VASCO;4000;217936;2339,65;715;716698;1144,16
2008;4;Provincia;16;País Vasco;1;Araba / Álava;554;154444;1782,15;142;343745;753,59
2008;4;Provincia;16;País Vasco;20;Gipuzkoa;1462;201629;2211,03;294;617458;1079,06
2008;4;Provincia;16;País Vasco;48;Bizkaia;1984;245446;2570,46;279;902849;1292,95
2008;4;Comunidad;17;La Rioja;98;LA RIOJA;1769;98883;1435,15;104;279345;510,18
2008;4;Provincia;17;La Rioja;26;La Rioja;1769;98883;1435,15;104;279345;510,18
2008;4;Comunidad;18;Ceuta;98;CEUTA;30;295541;1906,35;7;212399;946,32
2008;4;Provincia;18;Ceuta;51;Ceuta;30;295541;1906,35;7;212399;946,32
2008;4;Comunidad;19;Melilla;98;MELILLA;32;180132;1062,54;15;150535;636,25
2008;4;Provincia;19;Melilla;52;Melilla;32;180132;1062,54;15;150535;636,25
2009;1;Nacional;99;ESPAÑA;99;ESPAÑA;50622;215999;1804,51;9742;618426;743,42
2009;1;Comunidad;1;Andalucía;98;ANDALUCÍA;8593;170045;1465,42;2036;231207;565,44
2009;1;Provincia;1;Andalucía;4;Almería;864;181591;1377,46;174;318129;564,60
2009;1;Provincia;1;Andalucía;11;Cádiz;1085;210105;1777,67;298;280014;572,71
2009;1;Provincia;1;Andalucía;14;Córdoba;827;149490;1245,12;199;151921;466,65
2009;1;Provincia;1;Andalucía;18;Granada;1382;111253;1054,84;105;307617;514,61
2009;1;Provincia;1;Andalucía;21;Huelva;419;174081;1510,78;111;157413;485,32
2009;1;Provincia;1;Andalucía;23;Jaén;736;121466;957,78;160;209247;342,65
2009;1;Provincia;1;Andalucía;29;Málaga;1634;197528;1870,01;186;351414;799,31
2009;1;Provincia;1;Andalucía;41;Sevilla;1646;189617;1597,30;803;189584;595,62
2009;1;Comunidad;2;Aragón;98;ARAGÓN;1358;197632;1656,24;614;453269;675,14
2009;1;Provincia;2;Aragón;22;Huesca;287;125828;1419,89;67;453395;422,20
2009;1;Provincia;2;Aragón;44;Teruel;122;111487;799,29;18;308559;424,09
2009;1;Provincia;2;Aragón;50;Zaragoza;949;231847;1835,69;529;456603;692,61
2009;1;Comunidad;3;Principado de Asturias;98;PRINCIPADO DE ASTURIAS;936;150708;1281,09;149;331685;666,57
2009;1;Provincia;3;Principado de Asturias;33;Asturias;936;150708;1281,09;149;331685;666,57
2009;1;Comunidad;4;Illes Balears;98;ILLES BALEARS;1151;244873;2052,77;69;523089;1242,87
2009;1;Provincia;4;Illes Balears;7;Illes Balears;1151;244873;2052,77;69;523089;1242,87
2009;1;Comunidad;5;Canarias;98;CANARIAS;2112;251983;2035,62;185;727554;993,35
2009;1;Provincia;5;Canarias;35;Las Palmas;1103;290009;2299,51;118;665711;815,39
2009;1;Provincia;5;Canarias;38;Santa Cruz de Tenerife;1009;213534;1768,79;67;790363;1174,09
2009;1;Comunidad;6;Cantabria;98;CANTABRIA;652;140851;1607,54;90;373688;981,27
2009;1;Provincia;6;Cantabria;39;Cantabria;652;140851;1607,54;90;373688;981,27
2009;1;Comunidad;7;Castilla y León;98;CASTILLA Y LEÓN;2477;152922;1420,20;486;331708;579,86
2009;1;Provincia;7;Castilla y León;5;Ávila;132;184595;1590,43;33;123441;495,63
2009;1;Provincia;7;Castilla y León;9;Burgos;487;142388;1429,77;100;258590;609,97
2009;1;Provincia;7;Castilla y León;24;León;439;133670;1199,46;69;334603;522,63
2009;1;Provincia;7;Castilla y León;34;Palencia;176;134757;1147,46;17;196974;327,34
2009;1;Provincia;7;Castilla y León;37;Salamanca;324;130016;1663,95;45;341666;736,04
2009;1;Provincia;7;Castilla y León;40;Segovia;104;191862;1330,98;19;176265;434,98
2009;1;Provincia;7;Castilla y León;42;Soria;175;77324;1004,87;43;136753;312,59
2009;1;Provincia;7;Castilla y León;47;Valladolid;480;228583;1841,83;144;377026;613,68
2009;1;Provincia;7;Castilla y León;49;Zamora;160;138884;1050,05;16;1400688;417,54
2009;1;Comunidad;8;Castilla-La Mancha;98;CASTILLA-LA MANCHA;1664;146760;1183,63;778;391172;490,32
2009;1;Provincia;8;Castilla-La Mancha;2;Albacete;399;127108;1069,41;200;162869;400,67
2009;1;Provincia;8;Castilla-La Mancha;13;Ciudad Real;369;167146;1185,02;114;183480;382,11
2009;1;Provincia;8;Castilla-La Mancha;16;Cuenca;142;141835;1240,27;73;280051;333,92
2009;1;Provincia;8;Castilla-La Mancha;19;Guadalajara;185;215672;1687,82;128;1071678;623,88
2009;1;Provincia;8;Castilla-La Mancha;45;Toledo;569;126800;1094,84;263;332490;578,64
2009;1;Comunidad;9;Cataluña;98;CATALUÑA;7741;297341;2132,84;1217;1217731;886,56
2009;1;Provincia;9;Cataluña;8;Barcelona;5260;364097;2455,58;810;1709248;1074,60
2009;1;Provincia;9;Cataluña;17;Girona;800;164331;1683,78;151;482433;682,50
2009;1;Provincia;9;Cataluña;25;Lleida;869;175488;1274,33;125;372015;446,50
2009;1;Provincia;9;Cataluña;43;Tarragona;812;143032;1355,19;131;568064;643,49
2009;1;Comunidad;10;Comunitat Valenciana;98;COMUNITAT VALENCIANA;5940;200507;1409,54;1007;1574213;638,76
2009;1;Provincia;10;Comunitat Valenciana;3;Alicante / Alacant;2246;213821;1390,99;246;385050;526,45
2009;1;Provincia;10;Comunitat Valenciana;12;Castellón / Castelló;1029;146428;1353,39;163;533437;668,05
2009;1;Provincia;10;Comunitat Valenciana;46;Valencia / València;2665;208636;1445,22;598;2311434;673,63
2009;1;Comunidad;11;Extremadura;98;EXTREMADURA;812;135090;1017,01;458;139808;355,73
2009;1;Provincia;11;Extremadura;6;Badajoz;521;158709;1107,10;279;150410;397,37
2009;1;Provincia;11;Extremadura;10;Cáceres;291;95656;866,59;179;119421;275,67
2009;1;Comunidad;12;Galicia;98;GALICIA;2724;138764;1199,25;241;490450;555,76
2009;1;Provincia;12;Galicia;15;A Coruña;1041;138880;1265,16;100;609933;492,54
2009;1;Provincia;12;Galicia;27;Lugo;420;89002;825,02;35;494996;525,33
2009;1;Provincia;12;Galicia;32;Ourense;374;111021;884,29;16;196000;500,83
2009;1;Provincia;12;Galicia;36;Pontevedra;889;172808;1407,80;90;379017;640,45
2009;1;Comunidad;13;Comunidad de Madrid;98;COMUNIDAD DE MADRID;6650;351208;3044,01;1103;783088;1328,04
2009;1;Provincia;13;Comunidad de Madrid;28;Madrid;6650;351208;3044,01;1103;783088;1328,04
2009;1;Comunidad;14;Región de Murcia;98;REGIÓN DE MURCIA;1801;142924;1176,84;268;374809;464,79
2009;1;Provincia;14;Región de Murcia;30;Murcia;1801;142924;1176,84;268;374809;464,79
2009;1;Comunidad;15;C. Foral de Navarra;98;C. FORAL DE NAVARRA;934;149701;1508,00;248;430205;738,10
2009;1;Provincia;15;C. Foral de Navarra;31;Navarra;934;149701;1508,00;248;430205;738,10
2009;1;Comunidad;16;País Vasco;98;PAÍS VASCO;3361;211827;2256,59;707;749271;1135,76
2009;1;Provincia;16;País Vasco;1;Araba / Álava;475;160909;1804,51;133;712970;937,76
2009;1;Provincia;16;País Vasco;20;Gipuzkoa;1262;188354;2048,66;280;589673;1056,97
2009;1;Provincia;16;País Vasco;48;Bizkaia;1624;243126;2534,12;294;936323;1257,31
2009;1;Comunidad;17;La Rioja;98;LA RIOJA;1634;100797;1470,41;65;335152;548,98
2009;1;Provincia;17;La Rioja;26;La Rioja;1634;100797;1470,41;65;335152;548,98
2009;1;Comunidad;18;Ceuta;98;CEUTA;40;282898;2265,64;7;182248;1051,05
2009;1;Provincia;18;Ceuta;51;Ceuta;40;282898;2265,64;7;182248;1051,05
2009;1;Comunidad;19;Melilla;98;MELILLA;42;185902;1209,88;14;168012;657,78
2009;1;Provincia;19;Melilla;52;Melilla;42;185902;1209,88;14;168012;657,78
2009;2;Nacional;99;ESPAÑA;99;ESPAÑA;45804;222322;1780,10;8497;664647;746,59
2009;2;Comunidad;1;Andalucía;98;ANDALUCÍA;7637;165552;1462,22;1789;229749;572,01
2009;2;Provincia;1;Andalucía;4;Almería;745;172465;1288,74;144;323602;570,87
2009;2;Provincia;1;Andalucía;11;Cádiz;930;218796;1810,59;266;244042;567,81
2009;2;Provincia;1;Andalucía;14;Córdoba;767;160988;1236,91;168;164083;461,61
2009;2;Provincia;1;Andalucía;18;Granada;1275;99238;1144,38;98;291901;483,80
2009;2;Provincia;1;Andalucía;21;Huelva;369;191339;1692,50;107;152974;457,70
2009;2;Provincia;1;Andalucía;23;Jaén;663;112798;934,22;135;241432;376,86
2009;2;Provincia;1;Andalucía;29;Málaga;1493;182198;1881,72;173;310724;817,75
2009;2;Provincia;1;Andalucía;41;Sevilla;1395;187671;1517,14;698;204461;613,20
2009;2;Comunidad;2;Aragón;98;ARAGÓN;1289;203193;1619,81;532;505221;676,00
2009;2;Provincia;2;Aragón;22;Huesca;279;124897;1396,79;59;327937;382,74
2009;2;Provincia;2;Aragón;44;Teruel;125;113404;919,06;19;174977;370,68
2009;2;Provincia;2;Aragón;50;Zaragoza;885;242183;1793,54;454;522481;697,69
2009;2;Comunidad;3;Principado de Asturias;98;PRINCIPADO DE ASTURIAS;784;164468;1282,67;137;330600;644,88
2009;2;Provincia;3;Principado de Asturias;33;Asturias;784;164468;1282,67;137;330600;644,88
2009;2;Comunidad;4;Illes Balears;98;ILLES BALEARS;1058;234788;1942,60;54;539336;1503,03
2009;2;Provincia;4;Illes Balears;7;Illes Balears;1058;234788;1942,60;54;539336;1503,03
2009;2;Comunidad;5;Canarias;98;CANARIAS;1906;247307;1942,35;159;629460;897,89
2009;2;Provincia;5;Canarias;35;Las Palmas;999;279839;2162,52;101;537798;755,84
2009;2;Provincia;5;Canarias;38;Santa Cruz de Tenerife;907;216895;1736,52;58;736687;1064,07
2009;2;Comunidad;6;Cantabria;98;CANTABRIA;571;142141;1630,56;90;376876;774,61
2009;2;Provincia;6;Cantabria;39;Cantabria;571;142141;1630,56;90;376876;774,61
2009;2;Comunidad;7;Castilla y León;98;CASTILLA Y LEÓN;2297;161588;1367,74;439;328498;556,90
2009;2;Provincia;7;Castilla y León;5;Ávila;150;163061;1651,95;34;193193;482,02
2009;2;Provincia;7;Castilla y León;9;Burgos;486;139678;1336,56;87;233589;521,46
2009;2;Provincia;7;Castilla y León;24;León;380;157403;1098,04;64;395933;517,28
2009;2;Provincia;7;Castilla y León;34;Palencia;145;145749;1087,91;15;225836;404,34
2009;2;Provincia;7;Castilla y León;37;Salamanca;233;136493;1495,07;44;351909;778,80
2009;2;Provincia;7;Castilla y León;40;Segovia;89;210840;1464,41;21;391362;469,59
2009;2;Provincia;7;Castilla y León;42;Soria;161;64191;866,59;39;157947;324,46
2009;2;Provincia;7;Castilla y León;47;Valladolid;501;248525;1880,25;120;356840;592,67
2009;2;Provincia;7;Castilla y León;49;Zamora;152;129278;1031,43;15;1253136;385,73
2009;2;Comunidad;8;Castilla-La Mancha;98;CASTILLA-LA MANCHA;1523;140413;1149,33;704;461855;503,81
2009;2;Provincia;8;Castilla-La Mancha;2;Albacete;389;109757;957,33;165;188950;421,60
2009;2;Provincia;8;Castilla-La Mancha;13;Ciudad Real;318;165110;1183,68;123;154517;394,81
2009;2;Provincia;8;Castilla-La Mancha;16;Cuenca;132;139960;1227,62;50;327333;456,47
2009;2;Provincia;8;Castilla-La Mancha;19;Guadalajara;158;219012;1622,64;116;1530660;650,34
2009;2;Provincia;8;Castilla-La Mancha;45;Toledo;526;122842;1099,91;250;337094;557,69
2009;2;Comunidad;9;Cataluña;98;CATALUÑA;7050;326997;2139,58;1072;1308550;936,21
2009;2;Provincia;9;Cataluña;8;Barcelona;4745;404249;2446,22;729;1803555;1126,82
2009;2;Provincia;9;Cataluña;17;Girona;702;160969;1751,98;143;462729;686,45
2009;2;Provincia;9;Cataluña;25;Lleida;879;185316;1321,82;97;314498;457,66
2009;2;Provincia;9;Cataluña;43;Tarragona;724;148325;1326,56;103;583343;609,00
2009;2;Comunidad;10;Comunitat Valenciana;98;COMUNITAT VALENCIANA;5326;199828;1363,72;830;1785377;583,39
2009;2;Provincia;10;Comunitat Valenciana;3;Alicante / Alacant;2045;221630;1340,33;197;403839;488,07
2009;2;Provincia;10;Comunitat Valenciana;12;Castellón / Castelló;932;146667;1363,96;156;402895;447,34
2009;2;Provincia;10;Comunitat Valenciana;46;Valencia / València;2349;200578;1383,50;477;2551154;645,29
2009;2;Comunidad;11;Extremadura;98;EXTREMADURA;740;117751;925,41;365;158449;390,67
2009;2;Provincia;11;Extremadura;6;Badajoz;457;137098;928,24;249;163613;414,66
2009;2;Provincia;11;Extremadura;10;Cáceres;283;88730;921,16;116;139919;304,60
2009;2;Comunidad;12;Galicia;98;GALICIA;2500;151975;1242,46;236;533856;563,93
2009;2;Provincia;12;Galicia;15;A Coruña;985;172337;1348,84;99;593321;465,75
2009;2;Provincia;12;Galicia;27;Lugo;373;94913;841,24;25;656265;650,11
2009;2;Provincia;12;Galicia;32;Ourense;317;105306;841,69;22;260013;439,61
2009;2;Provincia;12;Galicia;36;Pontevedra;825;166392;1415,00;90;471159;663,13
2009;2;Comunidad;13;Comunidad de Madrid;98;COMUNIDAD DE MADRID;5974;363146;3005,15;899;883225;1371,67
2009;2;Provincia;13;Comunidad de Madrid;28;Madrid;5974;363146;3005,15;899;883225;1371,67
2009;2;Comunidad;14;Región de Murcia;98;REGIÓN DE MURCIA;1567;151696;1210,29;247;347319;462,71
2009;2;Provincia;14;Región de Murcia;30;Murcia;1567;151696;1210,29;247;347319;462,71
2009;2;Comunidad;15;C. Foral de Navarra;98;C. FORAL DE NAVARRA;900;147649;1438,19;193;390210;759,55
2009;2;Provincia;15;C. Foral de Navarra;31;Navarra;900;147649;1438,19;193;390210;759,55
2009;2;Comunidad;16;País Vasco;98;PAÍS VASCO;2950;223195;2261,67;687;777125;1106,47
2009;2;Provincia;16;País Vasco;1;Araba / Álava;419;177545;1785,00;136;695072;865,29
2009;2;Provincia;16;País Vasco;20;Gipuzkoa;1058;193966;2102,36;278;624242;1014,94
2009;2;Provincia;16;País Vasco;48;Bizkaia;1473;255157;2492,79;273;994181;1280,18
2009;2;Comunidad;17;La Rioja;98;LA RIOJA;1651;101153;1434,00;44;321651;549,60
2009;2;Provincia;17;La Rioja;26;La Rioja;1651;101153;1434,00;44;321651;549,60
2009;2;Comunidad;18;Ceuta;98;CEUTA;33;364800;2404,34;8;205177;1000,09
2009;2;Provincia;18;Ceuta;51;Ceuta;33;364800;2404,34;8;205177;1000,09
2009;2;Comunidad;19;Melilla;98;MELILLA;48;192918;1448,91;12;177344;628,74
2009;2;Provincia;19;Melilla;52;Melilla;48;192918;1448,91;12;177344;628,74
2009;3;Nacional;99;ESPAÑA;99;ESPAÑA;43390;209607;1735,83;7975;662266;735,29
2009;3;Comunidad;1;Andalucía;98;ANDALUCÍA;7225;158221;1438,50;1605;226699;564,37
2009;3;Provincia;1;Andalucía;4;Almería;699;170213;1182,11;135;306265;515,30
2009;3;Provincia;1;Andalucía;11;Cádiz;978;206360;1714,56;216;277898;585,14
2009;3;Provincia;1;Andalucía;14;Córdoba;675;166287;1293,32;156;169713;453,96
2009;3;Provincia;1;Andalucía;18;Granada;1237;103597;1149,14;108;244726;476,98
2009;3;Provincia;1;Andalucía;21;Huelva;365;183372;1742,14;118;141935;428,38
2009;3;Provincia;1;Andalucía;23;Jaén;600;107201;914,16;134;203859;404,31
2009;3;Provincia;1;Andalucía;29;Málaga;1385;175056;1823,47;159;316242;711,82
2009;3;Provincia;1;Andalucía;41;Sevilla;1286;159751;1512,90;579;204353;638,32
2009;3;Comunidad;2;Aragón;98;ARAGÓN;1124;226528;1630,70;505;525079;658,21
2009;3;Provincia;2;Aragón;22;Huesca;250;121680;1244,05;61;309241;426,59
2009;3;Provincia;2;Aragón;44;Teruel;130;107212;948,03;20;172980;322,95
2009;3;Provincia;2;Aragón;50;Zaragoza;744;283303;1884,59;424;551435;684,98
2009;3;Comunidad;3;Principado de Asturias;98;PRINCIPADO DE ASTURIAS;730;135038;1190,94;113;319241;635,01
2009;3;Provincia;3;Principado de Asturias;33;Asturias;730;135038;1190,94;113;319241;635,01
2009;3;Comunidad;4;Illes Balears;98;ILLES BALEARS;925;230838;1805,15;61;446727;1513,72
2009;3;Provincia;4;Illes Balears;7;Illes Balears;925;230838;1805,15;61;446727;1513,72
2009;3;Comunidad;5;Canarias;98;CANARIAS;1877;253316;1963,28;141;714693;832,26
2009;3;Provincia;5;Canarias;35;Las Palmas;1002;306367;2227,26;92;518785;719,71
2009;3;Provincia;5;Canarias;38;Santa Cruz de Tenerife;875;198920;1692,62;49;979168;984,20
2009;3;Comunidad;6;Cantabria;98;CANTABRIA;551;145448;1641,38;83;362973;724,06
2009;3;Provincia;6;Cantabria;39;Cantabria;551;145448;1641,38;83;362973;724,06
2009;3;Comunidad;7;Castilla y León;98;CASTILLA Y LEÓN;2210;159383;1353,91;423;301260;537,03
2009;3;Provincia;7;Castilla y León;5;Ávila;145;158624;1714,36;33;192333;479,99
2009;3;Provincia;7;Castilla y León;9;Burgos;498;160256;1366,50;122;205996;512,73
2009;3;Provincia;7;Castilla y León;24;León;380;144970;1082,36;47;379292;437,74
2009;3;Provincia;7;Castilla y León;34;Palencia;121;121233;1016,04;17;171366;374,18
2009;3;Provincia;7;Castilla y León;37;Salamanca;218;130900;1400,25;48;307945;728,67
2009;3;Provincia;7;Castilla y León;40;Segovia;91;124676;1330,60;19;413562;463,05
2009;3;Provincia;7;Castilla y León;42;Soria;125;69891;852,99;33;304066;372,56
2009;3;Provincia;7;Castilla y León;47;Valladolid;478;244169;1864,37;90;326850;571,13
2009;3;Provincia;7;Castilla y León;49;Zamora;154;145334;1087,42;14;1253136;385,73
2009;3;Comunidad;8;Castilla-La Mancha;98;CASTILLA-LA MANCHA;1429;143012;1151,84;658;359939;483,50
2009;3;Provincia;8;Castilla-La Mancha;2;Albacete;380;100501;952,86;185;195959;405,44
2009;3;Provincia;8;Castilla-La Mancha;13;Ciudad Real;276;151912;1147,01;100;130427;367,51
2009;3;Provincia;8;Castilla-La Mancha;16;Cuenca;126;130448;1211,52;42;554050;514,49
2009;3;Provincia;8;Castilla-La Mancha;19;Guadalajara;189;261996;1564,38;106;989059;685,80
2009;3;Provincia;8;Castilla-La Mancha;45;Toledo;458;124197;1119,85;225;311015;511,85
2009;3;Comunidad;9;Cataluña;98;CATALUÑA;6502;288818;2092,32;1030;1118944;911,34
2009;3;Provincia;9;Cataluña;8;Barcelona;4407;346532;2373,84;733;1478141;1083,38
2009;3;Provincia;9;Cataluña;17;Girona;650;165886;1721,93;115;468809;661,79
2009;3;Provincia;9;Cataluña;25;Lleida;860;176041;1279,52;91;297173;474,85
2009;3;Provincia;9;Cataluña;43;Tarragona;585;139614;1303,58;91;617214;617,74
2009;3;Comunidad;10;Comunitat Valenciana;98;COMUNITAT VALENCIANA;4954;175012;1336,63;799;1808888;604,75
2009;3;Provincia;10;Comunitat Valenciana;3;Alicante / Alacant;1961;176515;1350,30;178;447537;501,58
2009;3;Provincia;10;Comunitat Valenciana;12;Castellón / Castelló;781;144228;1263,84;159;345478;489,96
2009;3;Provincia;10;Comunitat Valenciana;46;Valencia / València;2212;184798;1351,16;462;2622897;667,53
2009;3;Comunidad;11;Extremadura;98;EXTREMADURA;747;117576;870,83;382;155308;389,19
2009;3;Provincia;11;Extremadura;6;Badajoz;490;132053;851,29;255;164072;420,66
2009;3;Provincia;11;Extremadura;10;Cáceres;257;92893;904,15;127;125119;280,80
2009;3;Comunidad;12;Galicia;98;GALICIA;2478;156589;1287,91;243;561818;576,30
2009;3;Provincia;12;Galicia;15;A Coruña;960;175673;1420,03;80;534046;443,49
2009;3;Provincia;12;Galicia;27;Lugo;377;96948;865,80;32;614166;650,04
2009;3;Provincia;12;Galicia;32;Ourense;320;111123;927,94;34;260013;439,61
2009;3;Provincia;12;Galicia;36;Pontevedra;821;172881;1418,45;97;595731;658,68
2009;3;Comunidad;13;Comunidad de Madrid;98;COMUNIDAD DE MADRID;5775;336983;2845,06;802;1065238;1371,27
2009;3;Provincia;13;Comunidad de Madrid;28;Madrid;5775;336983;2845,06;802;1065238;1371,27
2009;3;Comunidad;14;Región de Murcia;98;REGIÓN DE MURCIA;1506;147540;1210,19;244;322037;464,58
2009;3;Provincia;14;Región de Murcia;30;Murcia;1506;147540;1210,19;244;322037;464,58
2009;3;Comunidad;15;C. Foral de Navarra;98;C. FORAL DE NAVARRA;803;147836;1423,48;168;413834;836,35
2009;3;Provincia;15;C. Foral de Navarra;31;Navarra;803;147836;1423,48;168;413834;836,35
2009;3;Comunidad;16;País Vasco;98;PAÍS VASCO;2687;227498;2205,92;659;738863;1055,51
2009;3;Provincia;16;País Vasco;1;Araba / Álava;404;177227;1727,73;109;695923;842,28
2009;3;Provincia;16;País Vasco;20;Gipuzkoa;951;184609;2074,85;247;633898;936,18
2009;3;Provincia;16;País Vasco;48;Bizkaia;1332;271975;2426,49;303;862970;1230,69
2009;3;Comunidad;17;La Rioja;98;LA RIOJA;1789;96555;1304,96;43;353477;606,21
2009;3;Provincia;17;La Rioja;26;La Rioja;1789;96555;1304,96;43;353477;606,21
2009;3;Comunidad;18;Ceuta;98;CEUTA;32;302789;2339,57;5;215667;540,26
2009;3;Provincia;18;Ceuta;51;Ceuta;32;302789;2339,57;5;215667;540,26
2009;3;Comunidad;19;Melilla;98;MELILLA;46;145228;1321,58;11;172012;471,54
2009;3;Provincia;19;Melilla;52;Melilla;46;145228;1321,58;11;172012;471,54
2009;4;Nacional;99;ESPAÑA;99;ESPAÑA;41188;224817;1767,46;7241;537474;716,22
2009;4;Comunidad;1;Andalucía;98;ANDALUCÍA;6921;170415;1466,27;1435;284863;560,82
2009;4;Provincia;1;Andalucía;4;Almería;635;164684;1133,18;135;272356;504,77
2009;4;Provincia;1;Andalucía;11;Cádiz;982;191915;1651,31;213;266466;563,05
2009;4;Provincia;1;Andalucía;14;Córdoba;649;180261;1348,91;135;163841;471,30
2009;4;Provincia;1;Andalucía;18;Granada;1166;119956;1174,44;116;276616;507,66
2009;4;Provincia;1;Andalucía;21;Huelva;322;205507;1821,74;116;120741;455,57
2009;4;Provincia;1;Andalucía;23;Jaén;535;99090;942,45;113;221031;414,16
2009;4;Provincia;1;Andalucía;29;Málaga;1419;213303;1858,14;157;846825;630,40
2009;4;Provincia;1;Andalucía;41;Sevilla;1213;176319;1594,70;450;237150;648,80
2009;4;Comunidad;2;Aragón;98;ARAGÓN;1036;227776;1618,28;471;432014;628,43
2009;4;Provincia;2;Aragón;22;Huesca;227;134061;1199,58;83;275592;429,21
2009;4;Provincia;2;Aragón;44;Teruel;120;112227;960,69;27;268433;321,05
2009;4;Provincia;2;Aragón;50;Zaragoza;689;279143;1875,77;361;467810;681,19
2009;4;Comunidad;3;Principado de Asturias;98;PRINCIPADO DE ASTURIAS;703;157404;1265,81;96;303943;536,77
2009;4;Provincia;3;Principado de Asturias;33;Asturias;703;157404;1265,81;96;303943;536,77
2009;4;Comunidad;4;Illes Balears;98;ILLES BALEARS;821;220680;1808,67;73;535265;1490,60
2009;4;Provincia;4;Illes Balears;7;Illes Balears;821;220680;1808,67;73;535265;1490,60
2009;4;Comunidad;5;Canarias;98;CANARIAS;1719;269045;1946,20;139;807427;842,62
2009;4;Provincia;5;Canarias;35;Las Palmas;925;331659;2306,44;84;649738;726,80
2009;4;Provincia;5;Canarias;38;Santa Cruz de Tenerife;794;202608;1563,96;55;995968;981,09
2009;4;Comunidad;6;Cantabria;98;CANTABRIA;511;155128;1703,55;73;389723;720,45
2009;4;Provincia;6;Cantabria;39;Cantabria;511;155128;1703,55;73;389723;720,45
2009;4;Comunidad;7;Castilla y León;98;CASTILLA Y LEÓN;2070;186992;1346,45;399;258825;511,62
2009;4;Provincia;7;Castilla y León;5;Ávila;152;167200;1692,12;33;180461;471,45
2009;4;Provincia;7;Castilla y León;9;Burgos;426;193880;1326,90;127;212635;526,13
2009;4;Provincia;7;Castilla y León;24;León;367;195634;1187,46;36;292259;356,15
2009;4;Provincia;7;Castilla y León;34;Palencia;110;113236;828,80;15;187504;369,60
2009;4;Provincia;7;Castilla y León;37;Salamanca;223;144712;1416,66;48;242861;561,69
2009;4;Provincia;7;Castilla y León;40;Segovia;86;145928;1367,87;17;365468;449,39
2009;4;Provincia;7;Castilla y León;42;Soria;126;107781;887,64;19;397009;425,70
2009;4;Provincia;7;Castilla y León;47;Valladolid;449;251399;1762,21;90;300628;548,83
2009;4;Provincia;7;Castilla y León;49;Zamora;131;216487;1135,07;14;93918;385,36
2009;4;Comunidad;8;Castilla-La Mancha;98;CASTILLA-LA MANCHA;1333;165497;1219,62;602;355800;470,79
2009;4;Provincia;8;Castilla-La Mancha;2;Albacete;378;113209;1008,92;193;190917;392,17
2009;4;Provincia;8;Castilla-La Mancha;13;Ciudad Real;298;186256;1257,96;85;107901;382,69
2009;4;Provincia;8;Castilla-La Mancha;16;Cuenca;127;152121;1228,80;39;546172;427,95
2009;4;Provincia;8;Castilla-La Mancha;19;Guadalajara;193;257831;1639,86;76;1264216;708,12
2009;4;Provincia;8;Castilla-La Mancha;45;Toledo;337;147786;1132,83;209;264730;500,83
2009;4;Comunidad;9;Cataluña;98;CATALUÑA;6251;286813;2052,36;947;1107471;878,39
2009;4;Provincia;9;Cataluña;8;Barcelona;4285;339673;2302,84;700;1437998;1026,35
2009;4;Provincia;9;Cataluña;17;Girona;636;188009;1759,50;93;419536;656,29
2009;4;Provincia;9;Cataluña;25;Lleida;755;156882;1262,18;82;304313;451,32
2009;4;Provincia;9;Cataluña;43;Tarragona;575;144827;1302,74;72;640580;616,99
2009;4;Comunidad;10;Comunitat Valenciana;98;COMUNITAT VALENCIANA;4743;180094;1347,17;732;461075;574,48
2009;4;Provincia;10;Comunitat Valenciana;3;Alicante / Alacant;1805;188257;1365,28;150;514548;502,50
2009;4;Provincia;10;Comunitat Valenciana;12;Castellón / Castelló;655;161661;1242,06;164;324624;488,35
2009;4;Provincia;10;Comunitat Valenciana;46;Valencia / València;2283;179600;1366,25;418;492232;625,23
2009;4;Comunidad;11;Extremadura;98;EXTREMADURA;735;133280;878,17;339;149026;358,71
2009;4;Provincia;11;Extremadura;6;Badajoz;470;146850;861,80;216;156482;383,17
2009;4;Provincia;11;Extremadura;10;Cáceres;265;111778;904,12;123;126813;285,83
2009;4;Comunidad;12;Galicia;98;GALICIA;2407;186417;1330,50;223;607182;588,30
2009;4;Provincia;12;Galicia;15;A Coruña;910;196581;1444,10;73;601127;482,11
2009;4;Provincia;12;Galicia;27;Lugo;365;118582;907,84;28;371631;622,01
2009;4;Provincia;12;Galicia;32;Ourense;332;166724;1037,93;34;354474;368,65
2009;4;Provincia;12;Galicia;36;Pontevedra;800;208759;1456,81;88;693132;680,72
2009;4;Comunidad;13;Comunidad de Madrid;98;COMUNIDAD DE MADRID;5261;368483;2957,72;672;1129583;1282,33
2009;4;Provincia;13;Comunidad de Madrid;28;Madrid;5261;368483;2957,72;672;1129583;1282,33
2009;4;Comunidad;14;Región de Murcia;98;REGIÓN DE MURCIA;1464;169664;1281,72;239;227592;431,97
2009;4;Provincia;14;Región de Murcia;30;Murcia;1464;169664;1281,72;239;227592;431,97
2009;4;Comunidad;15;C. Foral de Navarra;98;C. FORAL DE NAVARRA;793;173691;1470,77;167;373639;877,48
2009;4;Provincia;15;C. Foral de Navarra;31;Navarra;793;173691;1470,77;167;373639;877,48
2009;4;Comunidad;16;País Vasco;98;PAÍS VASCO;2671;251375;2297,58;579;716596;1116,64
2009;4;Provincia;16;País Vasco;1;Araba / Álava;383;165704;1601,72;61;705047;864,81
2009;4;Provincia;16;País Vasco;20;Gipuzkoa;914;193182;2099,44;200;580451;911,87
2009;4;Provincia;16;País Vasco;48;Bizkaia;1374;311824;2600,61;318;829706;1325,83
2009;4;Comunidad;17;La Rioja;98;LA RIOJA;1664;97206;1220,62;40;264661;612,87
2009;4;Provincia;17;La Rioja;26;La Rioja;1664;97206;1220,62;40;264661;612,87
2009;4;Comunidad;18;Ceuta;98;CEUTA;33;239962;2477,94;8;189400;841,33
2009;4;Provincia;18;Ceuta;51;Ceuta;33;239962;2477,94;8;189400;841,33
2009;4;Comunidad;19;Melilla;98;MELILLA;52;138491;1281,93;7;197683;480,46
2009;4;Provincia;19;Melilla;52;Melilla;52;138491;1281,93;7;197683;480,46
2010;1;Nacional;99;ESPAÑA;99;ESPAÑA;40157;225013;1781,44;6981;512354;736,37
2010;1;Comunidad;1;Andalucía;98;ANDALUCÍA;6764;168105;1495,27;1400;296521;675,35
2010;1;Provincia;1;Andalucía;4;Almería;596;157747;1108,08;124;177981;542,80
2010;1;Provincia;1;Andalucía;11;Cádiz;910;153528;1569,14;190;244519;579,80
2010;1;Provincia;1;Andalucía;14;Córdoba;657;179521;1379,25;119;170700;454,90
2010;1;Provincia;1;Andalucía;18;Granada;1096;113883;1194,35;122;251018;476,49
2010;1;Provincia;1;Andalucía;21;Huelva;303;198666;1882,89;139;116385;525,84
2010;1;Provincia;1;Andalucía;23;Jaén;499;98187;935,05;109;235473;448,36
2010;1;Provincia;1;Andalucía;29;Málaga;1464;224565;1949,30;164;787695;627,73
2010;1;Provincia;1;Andalucía;41;Sevilla;1239;189125;1657,46;433;320602;957,88
2010;1;Comunidad;2;Aragón;98;ARAGÓN;963;212344;1588,84;330;362831;514,39
2010;1;Provincia;2;Aragón;22;Huesca;233;123430;1134,97;55;279228;424,50
2010;1;Provincia;2;Aragón;44;Teruel;117;105882;970,14;33;221480;307,48
2010;1;Provincia;2;Aragón;50;Zaragoza;613;269523;1898,60;242;418204;584,04
2010;1;Comunidad;3;Principado de Asturias;98;PRINCIPADO DE ASTURIAS;772;153808;1240,20;116;439848;567,94
2010;1;Provincia;3;Principado de Asturias;33;Asturias;772;153808;1240,20;116;439848;567,94
2010;1;Comunidad;4;Illes Balears;98;ILLES BALEARS;836;235912;1864,19;80;545737;1331,39
2010;1;Provincia;4;Illes Balears;7;Illes Balears;836;235912;1864,19;80;545737;1331,39
2010;1;Comunidad;5;Canarias;98;CANARIAS;1643;210481;1841,91;144;709969;745,78
2010;1;Provincia;5;Canarias;35;Las Palmas;881;242581;2190,85;92;557589;641,11
2010;1;Provincia;5;Canarias;38;Santa Cruz de Tenerife;762;175784;1464,74;52;953050;912,75
2010;1;Comunidad;6;Cantabria;98;CANTABRIA;594;150854;1709,44;80;361548;625,84
2010;1;Provincia;6;Cantabria;39;Cantabria;594;150854;1709,44;80;361548;625,84
2010;1;Comunidad;7;Castilla y León;98;CASTILLA Y LEÓN;2077;190663;1380,03;408;265284;520,31
2010;1;Provincia;7;Castilla y León;5;Ávila;151;155703;1643,63;30;181333;471,21
2010;1;Provincia;7;Castilla y León;9;Burgos;408;188986;1364,15;132;217406;520,34
2010;1;Provincia;7;Castilla y León;24;León;387;214665;1159,51;37;405676;328,62
2010;1;Provincia;7;Castilla y León;34;Palencia;120;94581;836,21;19;173558;396,68
2010;1;Provincia;7;Castilla y León;37;Salamanca;249;160489;1467,63;41;200811;547,27
2010;1;Provincia;7;Castilla y León;40;Segovia;82;140264;1408,81;20;324243;559,87
2010;1;Provincia;7;Castilla y León;42;Soria;115;159563;1266,82;17;510912;541,69
2010;1;Provincia;7;Castilla y León;47;Valladolid;441;237931;1759,33;102;288417;565,44
2010;1;Provincia;7;Castilla y León;49;Zamora;124;226894;1184,12;10;80127;337,93
2010;1;Comunidad;8;Castilla-La Mancha;98;CASTILLA-LA MANCHA;1221;176723;1179,36;574;308693;461,97
2010;1;Provincia;8;Castilla-La Mancha;2;Albacete;362;110324;968,65;185;184727;403,38
2010;1;Provincia;8;Castilla-La Mancha;13;Ciudad Real;278;198997;1241,69;79;108805;383,93
2010;1;Provincia;8;Castilla-La Mancha;16;Cuenca;128;145543;1188,92;42;409887;358,46
2010;1;Provincia;8;Castilla-La Mancha;19;Guadalajara;180;247697;1488,40;85;727011;621,39
2010;1;Provincia;8;Castilla-La Mancha;45;Toledo;273;205312;1162,02;183;294896;489,67
2010;1;Comunidad;9;Cataluña;98;CATALUÑA;5598;288405;2082,64;954;1135317;945,66
2010;1;Provincia;9;Cataluña;8;Barcelona;3968;332500;2304,91;725;1431714;1098,41
2010;1;Provincia;9;Cataluña;17;Girona;575;211347;1801,05;84;470158;651,72
2010;1;Provincia;9;Cataluña;25;Lleida;476;158065;1327,36;71;370309;490,21
2010;1;Provincia;9;Cataluña;43;Tarragona;579;160532;1396,20;74;497908;614,47
2010;1;Comunidad;10;Comunitat Valenciana;98;COMUNITAT VALENCIANA;4665;159274;1310,41;731;428014;568,88
2010;1;Provincia;10;Comunitat Valenciana;3;Alicante / Alacant;1755;151559;1293,21;152;369504;529,66
2010;1;Provincia;10;Comunitat Valenciana;12;Castellón / Castelló;611;165688;1264,38;164;256498;491,71
2010;1;Provincia;10;Comunitat Valenciana;46;Valencia / València;2299;163015;1336,40;415;503749;606,35
2010;1;Comunidad;11;Extremadura;98;EXTREMADURA;706;131125;900,36;317;155432;312,86
2010;1;Provincia;11;Extremadura;6;Badajoz;458;116524;873,99;196;171021;329,31
2010;1;Provincia;11;Extremadura;10;Cáceres;248;155017;943,51;121;106487;261,21
2010;1;Comunidad;12;Galicia;98;GALICIA;2377;198457;1364,08;198;618162;561,44
2010;1;Provincia;12;Galicia;15;A Coruña;916;199878;1455,73;73;516782;446,80
2010;1;Provincia;12;Galicia;27;Lugo;323;137543;1036,29;23;352140;689,37
2010;1;Provincia;12;Galicia;32;Ourense;322;182855;969,70;35;333029;369,89
2010;1;Provincia;12;Galicia;36;Pontevedra;816;223833;1489,55;67;819252;670,96
2010;1;Comunidad;13;Comunidad de Madrid;98;COMUNIDAD DE MADRID;5207;390027;2966,72;668;866572;1205,97
2010;1;Provincia;13;Comunidad de Madrid;28;Madrid;5207;390027;2966,72;668;866572;1205,97
2010;1;Comunidad;14;Región de Murcia;98;REGIÓN DE MURCIA;1332;181047;1343,56;221;239204;398,87
2010;1;Provincia;14;Región de Murcia;30;Murcia;1332;181047;1343,56;221;239204;398,87
2010;1;Comunidad;15;C. Foral de Navarra;98;C. FORAL DE NAVARRA;796;175555;1509,99;185;381342;852,59
2010;1;Provincia;15;C. Foral de Navarra;31;Navarra;796;175555;1509,99;185;381342;852,59
2010;1;Comunidad;16;País Vasco;98;PAÍS VASCO;2736;248615;2246,37;516;620990;1123,65
2010;1;Provincia;16;País Vasco;1;Araba / Álava;374;155791;1464,78;62;560038;726,20
2010;1;Provincia;16;País Vasco;20;Gipuzkoa;929;209230;2183,59;156;564628;805,97
2010;1;Provincia;16;País Vasco;48;Bizkaia;1433;296100;2468,38;298;665926;1386,48
2010;1;Comunidad;17;La Rioja;98;LA RIOJA;1795;98550;1203,62;40;276832;540,18
2010;1;Provincia;17;La Rioja;26;La Rioja;1795;98550;1203,62;40;276832;540,18
2010;1;Comunidad;18;Ceuta;98;CEUTA;27;222392;2356,66;9;193857;870,66
2010;1;Provincia;18;Ceuta;51;Ceuta;27;222392;2356,66;9;193857;870,66
2010;1;Comunidad;19;Melilla;98;MELILLA;48;115708;1234,53;10;196499;574,29
2010;1;Provincia;19;Melilla;52;Melilla;48;115708;1234,53;10;196499;574,29
2010;2;Nacional;99;ESPAÑA;99;ESPAÑA;40213;221441;1770,03;6796;504184;731,21
2010;2;Comunidad;1;Andalucía;98;ANDALUCÍA;6823;170332;1456,41;1314;317717;686,40
2010;2;Provincia;1;Andalucía;4;Almería;587;148279;1163,79;122;164519;495,99
2010;2;Provincia;1;Andalucía;11;Cádiz;923;142826;1513,21;182;255546;603,43
2010;2;Provincia;1;Andalucía;14;Córdoba;746;159208;1340,13;115;167033;476,95
2010;2;Provincia;1;Andalucía;18;Granada;1049;141322;1152,49;119;299845;495,83
2010;2;Provincia;1;Andalucía;21;Huelva;308;222717;1744,28;133;116625;557,26
2010;2;Provincia;1;Andalucía;23;Jaén;476;95384;914,37;108;205118;415,21
2010;2;Provincia;1;Andalucía;29;Málaga;1445;231550;1827,52;163;713512;672,22
2010;2;Provincia;1;Andalucía;41;Sevilla;1289;187504;1648,04;372;385897;992,31
2010;2;Comunidad;2;Aragón;98;ARAGÓN;961;188164;1500,90;371;392256;502,53
2010;2;Provincia;2;Aragón;22;Huesca;207;135738;1142,43;64;243472;425,46
2010;2;Provincia;2;Aragón;44;Teruel;113;96912;825,23;33;223290;295,02
2010;2;Provincia;2;Aragón;50;Zaragoza;641;222808;1748,64;274;459738;553,85
2010;2;Comunidad;3;Principado de Asturias;98;PRINCIPADO DE ASTURIAS;813;152168;1280,22;110;461306;560,16
2010;2;Provincia;3;Principado de Asturias;33;Asturias;813;152168;1280,22;110;461306;560,16
2010;2;Comunidad;4;Illes Balears;98;ILLES BALEARS;827;229062;1905,46;85;539302;1179,43
2010;2;Provincia;4;Illes Balears;7;Illes Balears;827;229062;1905,46;85;539302;1179,43
2010;2;Comunidad;5;Canarias;98;CANARIAS;1677;217563;1819,17;141;770131;814,76
2010;2;Provincia;5;Canarias;35;Las Palmas;880;253418;2145,32;88;658472;713,65
2010;2;Provincia;5;Canarias;38;Santa Cruz de Tenerife;797;178276;1461,80;53;933897;963,05
2010;2;Comunidad;6;Cantabria;98;CANTABRIA;552;157776;1689,17;74;369711;752,64
2010;2;Provincia;6;Cantabria;39;Cantabria;552;157776;1689,17;74;369711;752,64
2010;2;Comunidad;7;Castilla y León;98;CASTILLA Y LEÓN;2162;192385;1377,29;419;269735;526,70
2010;2;Provincia;7;Castilla y León;5;Ávila;147;167492;1662,56;26;149663;440,86
2010;2;Provincia;7;Castilla y León;9;Burgos;425;202668;1475,94;150;197977;561,47
2010;2;Provincia;7;Castilla y León;24;León;414;211655;1160,17;37;377499;319,82
2010;2;Provincia;7;Castilla y León;34;Palencia;142;81280;886,98;17;192032;369,74
2010;2;Provincia;7;Castilla y León;37;Salamanca;278;147010;1470,12;42;286280;559,85
2010;2;Provincia;7;Castilla y León;40;Segovia;98;381034;1300,01;17;275529;550,10
2010;2;Provincia;7;Castilla y León;42;Soria;122;154924;1362,80;19;542624;531,50
2010;2;Provincia;7;Castilla y León;47;Valladolid;425;192333;1593,63;100;299574;542,48
2010;2;Provincia;7;Castilla y León;49;Zamora;111;241580;1236,64;11;100000;564,97
2010;2;Comunidad;8;Castilla-La Mancha;98;CASTILLA-LA MANCHA;1164;184823;1217,20;524;268659;444,05
2010;2;Provincia;8;Castilla-La Mancha;2;Albacete;334;127241;991,77;172;167407;388,23
2010;2;Provincia;8;Castilla-La Mancha;13;Ciudad Real;264;204083;1346,05;65;140563;366,58
2010;2;Provincia;8;Castilla-La Mancha;16;Cuenca;109;151233;1179,18;40;388050;345,41
2010;2;Provincia;8;Castilla-La Mancha;19;Guadalajara;167;235710;1452,18;74;522591;584,46
2010;2;Provincia;8;Castilla-La Mancha;45;Toledo;290;218813;1240,45;173;279277;476,37
2010;2;Comunidad;9;Cataluña;98;CATALUÑA;5532;263706;2026,53;913;1102030;876,93
2010;2;Provincia;9;Cataluña;8;Barcelona;3955;301147;2267,26;693;1433044;1023,16
2010;2;Provincia;9;Cataluña;17;Girona;569;217138;1636,11;75;426245;606,27
2010;2;Provincia;9;Cataluña;25;Lleida;431;129866;1214,90;68;346712;494,93
2010;2;Provincia;9;Cataluña;43;Tarragona;577;150349;1358,74;77;348276;562,58
2010;2;Comunidad;10;Comunitat Valenciana;98;COMUNITAT VALENCIANA;4617;155055;1290,77;709;421348;572,25
2010;2;Provincia;10;Comunitat Valenciana;3;Alicante / Alacant;1685;145369;1289,49;161;360757;541,44
2010;2;Provincia;10;Comunitat Valenciana;12;Castellón / Castelló;588;159724;1243,63;130;279882;535,61
2010;2;Provincia;10;Comunitat Valenciana;46;Valencia / València;2344;160504;1304,97;418;493819;595,90
2010;2;Comunidad;11;Extremadura;98;EXTREMADURA;715;137796;983,33;360;163880;295,02
2010;2;Provincia;11;Extremadura;6;Badajoz;468;120986;942,10;222;180664;311,48
2010;2;Provincia;11;Extremadura;10;Cáceres;247;166601;1053,99;138;106733;239,01
2010;2;Comunidad;12;Galicia;98;GALICIA;2359;212298;1351,45;193;695770;683,91
2010;2;Provincia;12;Galicia;15;A Coruña;885;179100;1396,34;81;730679;812,76
2010;2;Provincia;12;Galicia;27;Lugo;361;259572;1141,72;28;497690;625,47
2010;2;Provincia;12;Galicia;32;Ourense;329;191536;992,32;28;392175;415,44
2010;2;Provincia;12;Galicia;36;Pontevedra;784;240179;1489,68;56;769193;584,39
2010;2;Comunidad;13;Comunidad de Madrid;98;COMUNIDAD DE MADRID;5381;378276;2974,62;652;782040;1159,75
2010;2;Provincia;13;Comunidad de Madrid;28;Madrid;5381;378276;2974,62;652;782040;1159,75
2010;2;Comunidad;14;Región de Murcia;98;REGIÓN DE MURCIA;1406;177299;1286,64;200;237433;393,69
2010;2;Provincia;14;Región de Murcia;30;Murcia;1406;177299;1286,64;200;237433;393,69
2010;2;Comunidad;15;C. Foral de Navarra;98;C. FORAL DE NAVARRA;772;165416;1504,80;189;419438;822,28
2010;2;Provincia;15;C. Foral de Navarra;31;Navarra;772;165416;1504,80;189;419438;822,28
2010;2;Comunidad;16;País Vasco;98;PAÍS VASCO;2864;253958;2263,73;489;649968;1216,46
2010;2;Provincia;16;País Vasco;1;Araba / Álava;393;158370;1458,36;58;504218;744,60
2010;2;Provincia;16;País Vasco;20;Gipuzkoa;1008;204865;2157,58;140;596759;867,99
2010;2;Provincia;16;País Vasco;48;Bizkaia;1463;309754;2522,24;291;700773;1475,97
2010;2;Comunidad;17;La Rioja;98;LA RIOJA;1513;93435;1176,96;34;306282;541,47
2010;2;Provincia;17;La Rioja;26;La Rioja;1513;93435;1176,96;34;306282;541,47
2010;2;Comunidad;18;Ceuta;98;CEUTA;32;223336;2334,50;7;153684;874,26
2010;2;Provincia;18;Ceuta;51;Ceuta;32;223336;2334,50;7;153684;874,26
2010;2;Comunidad;19;Melilla;98;MELILLA;43;101915;1032,87;12;225354;673,40
2010;2;Provincia;19;Melilla;52;Melilla;43;101915;1032,87;12;225354;673,40
2010;3;Nacional;99;ESPAÑA;99;ESPAÑA;40424;223776;1786,69;6736;500939;726,41
2010;3;Comunidad;1;Andalucía;98;ANDALUCÍA;6748;170600;1470,32;1266;315049;684,47
2010;3;Provincia;1;Andalucía;4;Almería;577;165937;1210,70;103;173435;509,03
2010;3;Provincia;1;Andalucía;11;Cádiz;831;138750;1507,70;186;218524;577,60
2010;3;Provincia;1;Andalucía;14;Córdoba;747;152102;1329,73;105;182571;496,22
2010;3;Provincia;1;Andalucía;18;Granada;1027;151203;1166,19;113;313964;487,31
2010;3;Provincia;1;Andalucía;21;Huelva;301;227774;1729,70;119;122776;660,04
2010;3;Provincia;1;Andalucía;23;Jaén;506;96867;934,91;101;164626;360,10
2010;3;Provincia;1;Andalucía;29;Málaga;1567;215540;1803,71;168;731333;688,76
2010;3;Provincia;1;Andalucía;41;Sevilla;1192;190204;1685,67;371;380385;958,06
2010;3;Comunidad;2;Aragón;98;ARAGÓN;955;161114;1506,22;368;505099;544,06
2010;3;Provincia;2;Aragón;22;Huesca;213;128226;1219,45;73;250858;414,34
2010;3;Provincia;2;Aragón;44;Teruel;110;91130;864,81;33;227298;335,39
2010;3;Provincia;2;Aragón;50;Zaragoza;632;184606;1716,95;262;615758;609,14
2010;3;Comunidad;3;Principado de Asturias;98;PRINCIPADO DE ASTURIAS;913;168440;1377,62;110;512313;567,17
2010;3;Provincia;3;Principado de Asturias;33;Asturias;913;168440;1377,62;110;512313;567,17
2010;3;Comunidad;4;Illes Balears;98;ILLES BALEARS;862;214555;1928,10;82;635193;1148,02
2010;3;Provincia;4;Illes Balears;7;Illes Balears;862;214555;1928,10;82;635193;1148,02
2010;3;Comunidad;5;Canarias;98;CANARIAS;1578;199278;1709,24;144;728209;839,28
2010;3;Provincia;5;Canarias;35;Las Palmas;800;227303;1971,28;92;702012;731,20
2010;3;Provincia;5;Canarias;38;Santa Cruz de Tenerife;778;170646;1441,53;52;766958;999,15
2010;3;Comunidad;6;Cantabria;98;CANTABRIA;581;145778;1679,77;87;350626;737,45
2010;3;Provincia;6;Cantabria;39;Cantabria;581;145778;1679,77;87;350626;737,45
2010;3;Comunidad;7;Castilla y León;98;CASTILLA Y LEÓN;2226;195227;1396,42;422;268525;520,98
2010;3;Provincia;7;Castilla y León;5;Ávila;155;142211;1391,21;35;133167;458,43
2010;3;Provincia;7;Castilla y León;9;Burgos;422;192125;1520,36;101;197155;604,42
2010;3;Provincia;7;Castilla y León;24;León;425;201350;1162,24;41;430390;342,07
2010;3;Provincia;7;Castilla y León;34;Palencia;161;97333;954,07;19;147795;350,25
2010;3;Provincia;7;Castilla y León;37;Salamanca;270;148074;1549,07;47;291630;544,88
2010;3;Provincia;7;Castilla y León;40;Segovia;88;388972;1315,22;25;296640;578,94
2010;3;Provincia;7;Castilla y León;42;Soria;116;159485;1389,85;24;274274;464,30
2010;3;Provincia;7;Castilla y León;47;Valladolid;476;226402;1613,31;115;307779;523,90
2010;3;Provincia;7;Castilla y León;49;Zamora;113;255707;1294,58;15;112500;417,72
2010;3;Comunidad;8;Castilla-La Mancha;98;CASTILLA-LA MANCHA;1192;177053;1254,09;537;241948;442,63
2010;3;Provincia;8;Castilla-La Mancha;2;Albacete;354;134241;1026,29;144;130700;379,25
2010;3;Provincia;8;Castilla-La Mancha;13;Ciudad Real;303;202703;1398,63;71;141363;383,60
2010;3;Provincia;8;Castilla-La Mancha;16;Cuenca;103;165025;1216,47;44;215885;336,18
2010;3;Provincia;8;Castilla-La Mancha;19;Guadalajara;132;188359;1413,50;76;412406;568,21
2010;3;Provincia;8;Castilla-La Mancha;45;Toledo;300;198329;1304,43;202;282375;466,46
2010;3;Comunidad;9;Cataluña;98;CATALUÑA;5770;278034;2029,18;875;1082592;848,95
2010;3;Provincia;9;Cataluña;8;Barcelona;4094;322505;2285,70;633;1422313;1007,00
2010;3;Provincia;9;Cataluña;17;Girona;580;218335;1602,82;94;535215;594,64
2010;3;Provincia;9;Cataluña;25;Lleida;452;129635;1211,08;69;332577;480,35
2010;3;Provincia;9;Cataluña;43;Tarragona;644;148070;1335,14;79;379544;540,49
2010;3;Comunidad;10;Comunitat Valenciana;98;COMUNITAT VALENCIANA;4708;157668;1298,49;704;451627;561,20
2010;3;Provincia;10;Comunitat Valenciana;3;Alicante / Alacant;1696;154735;1257,96;170;360818;537,88
2010;3;Provincia;10;Comunitat Valenciana;12;Castellón / Castelló;583;175350;1196,38;128;279721;514,16
2010;3;Provincia;10;Comunitat Valenciana;46;Valencia / València;2429;154809;1351,51;406;542532;585,59
2010;3;Comunidad;11;Extremadura;98;EXTREMADURA;691;138491;1006,87;359;155557;279,66
2010;3;Provincia;11;Extremadura;6;Badajoz;436;125398;977,97;228;177516;299,31
2010;3;Provincia;11;Extremadura;10;Cáceres;255;160074;1054,50;131;86190;217,59
2010;3;Comunidad;12;Galicia;98;GALICIA;2349;198229;1289,41;170;672661;651,59
2010;3;Provincia;12;Galicia;15;A Coruña;866;172970;1380,64;81;625083;769,13
2010;3;Provincia;12;Galicia;27;Lugo;371;233182;1074,26;21;566277;646,29
2010;3;Provincia;12;Galicia;32;Ourense;323;183584;879,04;18;368781;370,61
2010;3;Provincia;12;Galicia;36;Pontevedra;789;216951;1402,24;50;883489;524,61
2010;3;Comunidad;13;Comunidad de Madrid;98;COMUNIDAD DE MADRID;5169;385982;3037,45;707;661385;1085,59
2010;3;Provincia;13;Comunidad de Madrid;28;Madrid;5169;385982;3037,45;707;661385;1085,59
2010;3;Comunidad;14;Región de Murcia;98;REGIÓN DE MURCIA;1406;187950;1315,16;198;234957;371,49
2010;3;Provincia;14;Región de Murcia;30;Murcia;1406;187950;1315,16;198;234957;371,49
2010;3;Comunidad;15;C. Foral de Navarra;98;C. FORAL DE NAVARRA;789;161114;1512,18;184;407262;763,73
2010;3;Provincia;15;C. Foral de Navarra;31;Navarra;789;161114;1512,18;184;407262;763,73
2010;3;Comunidad;16;País Vasco;98;PAÍS VASCO;2913;277752;2431,56;464;645985;1262,97
2010;3;Provincia;16;País Vasco;1;Araba / Álava;367;180010;1636,19;59;495750;726,94
2010;3;Provincia;16;País Vasco;20;Gipuzkoa;1047;207785;2174,36;138;613986;983,48
2010;3;Provincia;16;País Vasco;48;Bizkaia;1499;345522;2771,31;267;686922;1497,98
2010;3;Comunidad;17;La Rioja;98;LA RIOJA;1489;118499;1330,43;40;191649;499,24
2010;3;Provincia;17;La Rioja;26;La Rioja;1489;118499;1330,43;40;191649;499,24
2010;3;Comunidad;18;Ceuta;98;CEUTA;40;221840;2395,20;9;157444;835,94
2010;3;Provincia;18;Ceuta;51;Ceuta;40;221840;2395,20;9;157444;835,94
2010;3;Comunidad;19;Melilla;98;MELILLA;45;108894;1136,88;10;268878;688,67
2010;3;Provincia;19;Melilla;52;Melilla;45;108894;1136,88;10;268878;688,67
2010;4;Nacional;99;ESPAÑA;99;ESPAÑA;38127;210653;1746,45;6495;479077;730,82
2010;4;Comunidad;1;Andalucía;98;ANDALUCÍA;6310;158726;1430,71;1196;260948;683,48
2010;4;Provincia;1;Andalucía;4;Almería;529;160457;1182,51;103;250073;500,63
2010;4;Provincia;1;Andalucía;11;Cádiz;777;146327;1519,38;171;204943;603,85
2010;4;Provincia;1;Andalucía;14;Córdoba;673;139745;1275,09;98;174103;427,35
2010;4;Provincia;1;Andalucía;18;Granada;965;135116;1128,85;105;343169;443,65
2010;4;Provincia;1;Andalucía;21;Huelva;297;210927;1590,04;108;122135;644,67
2010;4;Provincia;1;Andalucía;23;Jaén;477;98478;950,41;111;153763;347,80
2010;4;Provincia;1;Andalucía;29;Málaga;1467;188826;1740,98;149;273769;741,00
2010;4;Provincia;1;Andalucía;41;Sevilla;1125;175244;1617,80;351;359100;964,86
2010;4;Comunidad;2;Aragón;98;ARAGÓN;906;146860;1541,82;345;536503;547,92
2010;4;Provincia;2;Aragón;22;Huesca;207;123919;1224,06;56;257662;415,29
2010;4;Provincia;2;Aragón;44;Teruel;107;87045;915,66;26;130239;331,40
2010;4;Provincia;2;Aragón;50;Zaragoza;592;165914;1768,11;263;638782;598,82
2010;4;Comunidad;3;Principado de Asturias;98;PRINCIPADO DE ASTURIAS;905;159384;1378,60;96;526016;565,72
2010;4;Provincia;3;Principado de Asturias;33;Asturias;905;159384;1378,60;96;526016;565,72
2010;4;Comunidad;4;Illes Balears;98;ILLES BALEARS;890;229439;1953,86;79;591434;1108,14
2010;4;Provincia;4;Illes Balears;7;Illes Balears;890;229439;1953,86;79;591434;1108,14
2010;4;Comunidad;5;Canarias;98;CANARIAS;1560;178880;1659,74;129;618960;828,21
2010;4;Provincia;5;Canarias;35;Las Palmas;806;191737;1778,29;83;587600;725,36
2010;4;Provincia;5;Canarias;38;Santa Cruz de Tenerife;754;165189;1533,49;46;669617;994,35
2010;4;Comunidad;6;Cantabria;98;CANTABRIA;588;128599;1568,24;79;364988;778,38
2010;4;Provincia;6;Cantabria;39;Cantabria;588;128599;1568,24;79;364988;778,38
2010;4;Comunidad;7;Castilla y León;98;CASTILLA Y LEÓN;2190;164025;1335,10;376;261448;496,62
2010;4;Provincia;7;Castilla y León;5;Ávila;144;109750;1214,29;35;196352;415,62
2010;4;Provincia;7;Castilla y León;9;Burgos;394;160206;1482,15;83;164410;568,67
2010;4;Provincia;7;Castilla y León;24;León;407;157246;1116,07;37;427100;256,00
2010;4;Provincia;7;Castilla y León;34;Palencia;153;87698;1003,39;21;145113;340,58
2010;4;Provincia;7;Castilla y León;37;Salamanca;282;150068;1492,70;35;318290;557,61
2010;4;Provincia;7;Castilla y León;40;Segovia;88;367889;1291,44;25;324140;575,61
2010;4;Provincia;7;Castilla y León;42;Soria;105;115804;1284,51;27;280041;457,33
2010;4;Provincia;7;Castilla y León;47;Valladolid;498;187489;1515,07;101;295849;496,80
2010;4;Provincia;7;Castilla y León;49;Zamora;119;179845;1185,29;12;112500;417,72
2010;4;Comunidad;8;Castilla-La Mancha;98;CASTILLA-LA MANCHA;1054;160011;1201,73;516;241856;436,27
2010;4;Provincia;8;Castilla-La Mancha;2;Albacete;338;119696;984,53;119;152563;385,88
2010;4;Provincia;8;Castilla-La Mancha;13;Ciudad Real;260;171296;1309,28;81;179549;358,87
2010;4;Provincia;8;Castilla-La Mancha;16;Cuenca;80;144550;1101,37;41;92521;376,99
2010;4;Provincia;8;Castilla-La Mancha;19;Guadalajara;98;206605;1255,12;69;446494;562,88
2010;4;Provincia;8;Castilla-La Mancha;45;Toledo;278;184219;1364,53;206;245179;446,67
2010;4;Comunidad;9;Cataluña;98;CATALUÑA;5224;267819;1966,42;892;1018002;894,21
2010;4;Provincia;9;Cataluña;8;Barcelona;3723;309166;2204,96;639;1301711;1060,26
2010;4;Provincia;9;Cataluña;17;Girona;498;212722;1560,24;101;598916;667,10
2010;4;Provincia;9;Cataluña;25;Lleida;412;130773;1168,71;69;308366;482,15
2010;4;Provincia;9;Cataluña;43;Tarragona;591;146332;1347,01;83;381267;490,13
2010;4;Comunidad;10;Comunitat Valenciana;98;COMUNITAT VALENCIANA;4469;153625;1319,02;668;457033;569,49
2010;4;Provincia;10;Comunitat Valenciana;3;Alicante / Alacant;1620;144258;1254,77;174;363840;535,47
2010;4;Provincia;10;Comunitat Valenciana;12;Castellón / Castelló;548;147587;1131,49;118;279437;536,66
2010;4;Provincia;10;Comunitat Valenciana;46;Valencia / València;2301;161135;1408,51;376;557841;594,19
2010;4;Comunidad;11;Extremadura;98;EXTREMADURA;651;125527;1040,95;360;158771;275,51
2010;4;Provincia;11;Extremadura;6;Badajoz;407;112018;1005,12;237;184911;294,97
2010;4;Provincia;11;Extremadura;10;Cáceres;244;148137;1100,94;123;73976;212,37
2010;4;Comunidad;12;Galicia;98;GALICIA;2123;172624;1236,13;164;601534;595,63
2010;4;Provincia;12;Galicia;15;A Coruña;829;153945;1314,17;85;557866;732,00
2010;4;Provincia;12;Galicia;27;Lugo;324;225726;1026,69;15;550962;288,15
2010;4;Provincia;12;Galicia;32;Ourense;301;136151;811,80;17;314607;272,64
2010;4;Provincia;12;Galicia;36;Pontevedra;669;183722;1373,50;47;766226;429,84
2010;4;Comunidad;13;Comunidad de Madrid;98;COMUNIDAD DE MADRID;4861;388014;3003,65;721;587255;1120,18
2010;4;Provincia;13;Comunidad de Madrid;28;Madrid;4861;388014;3003,65;721;587255;1120,18
2010;4;Comunidad;14;Región de Murcia;98;REGIÓN DE MURCIA;1277;156942;1259,09;189;286576;379,75
2010;4;Provincia;14;Región de Murcia;30;Murcia;1277;156942;1259,09;189;286576;379,75
2010;4;Comunidad;15;C. Foral de Navarra;98;C. FORAL DE NAVARRA;751;130497;1415,70;168;412875;697,90
2010;4;Provincia;15;C. Foral de Navarra;31;Navarra;751;130497;1415,70;168;412875;697,90
2010;4;Comunidad;16;País Vasco;98;PAÍS VASCO;2803;250771;2313,76;459;642211;1203,69
2010;4;Provincia;16;País Vasco;1;Araba / Álava;378;167840;1791,80;66;454587;735,79
2010;4;Provincia;16;País Vasco;20;Gipuzkoa;1017;186852;2040,03;168;566731;975,25
2010;4;Provincia;16;País Vasco;48;Bizkaia;1408;315189;2627,87;225;743278;1487,78
2010;4;Comunidad;17;La Rioja;98;LA RIOJA;1482;131980;1339,84;40;213449;445,04
2010;4;Provincia;17;La Rioja;26;La Rioja;1482;131980;1339,84;40;213449;445,04
2010;4;Comunidad;18;Ceuta;98;CEUTA;42;185128;2031,74;7;209375;662,93
2010;4;Provincia;18;Ceuta;51;Ceuta;42;185128;2031,74;7;209375;662,93
2010;4;Comunidad;19;Melilla;98;MELILLA;41;104194;1135,98;11;268990;708,33
2010;4;Provincia;19;Melilla;52;Melilla;41;104194;1135,98;11;268990;708,33
2011;1;Nacional;99;ESPAÑA;99;ESPAÑA;36306;206333;1707,07;6227;567022;689,84
2011;1;Comunidad;1;Andalucía;98;ANDALUCÍA;6013;157861;1388,63;1088;256256;555,17
2011;1;Provincia;1;Andalucía;4;Almería;475;160232;1222,74;100;283798;461,54
2011;1;Provincia;1;Andalucía;11;Cádiz;723;138483;1389,39;167;212008;605,55
2011;1;Provincia;1;Andalucía;14;Córdoba;594;125715;1273,19;79;174571;416,39
2011;1;Provincia;1;Andalucía;18;Granada;981;150856;1134,44;120;378145;464,01
2011;1;Provincia;1;Andalucía;21;Huelva;314;235951;1546,26;91;112897;526,42
2011;1;Provincia;1;Andalucía;23;Jaén;440;92934;911,21;100;137298;322,83
2011;1;Provincia;1;Andalucía;29;Málaga;1356;172725;1692,22;137;251130;736,68
2011;1;Provincia;1;Andalucía;41;Sevilla;1130;183137;1532,52;294;332097;633,77
2011;1;Comunidad;2;Aragón;98;ARAGÓN;946;165313;1576,08;341;494131;560,79
2011;1;Provincia;2;Aragón;22;Huesca;195;130274;1287,35;47;270135;419,99
2011;1;Provincia;2;Aragón;44;Teruel;103;81464;914,83;21;158533;356,07
2011;1;Provincia;2;Aragón;50;Zaragoza;648;187285;1752,84;273;547815;594,17
2011;1;Comunidad;3;Principado de Asturias;98;PRINCIPADO DE ASTURIAS;880;163223;1431,18;79;458530;517,57
2011;1;Provincia;3;Principado de Asturias;33;Asturias;880;163223;1431,18;79;458530;517,57
2011;1;Comunidad;4;Illes Balears;98;ILLES BALEARS;841;222205;1827,12;67;569639;968,44
2011;1;Provincia;4;Illes Balears;7;Illes Balears;841;222205;1827,12;67;569639;968,44
2011;1;Comunidad;5;Canarias;98;CANARIAS;1486;216941;1728,24;126;633073;851,09
2011;1;Provincia;5;Canarias;35;Las Palmas;816;242215;1757,30;74;656596;748,44
2011;1;Provincia;5;Canarias;38;Santa Cruz de Tenerife;670;185847;1692,49;52;604436;976,05
2011;1;Comunidad;6;Cantabria;98;CANTABRIA;545;121758;1542,96;78;308571;790,90
2011;1;Provincia;6;Cantabria;39;Cantabria;545;121758;1542,96;78;308571;790,90
2011;1;Comunidad;7;Castilla y León;98;CASTILLA Y LEÓN;2136;151748;1298,65;345;267304;495,60
2011;1;Provincia;7;Castilla y León;5;Ávila;144;104881;1157,43;38;447580;452,86
2011;1;Provincia;7;Castilla y León;9;Burgos;383;153482;1453,20;80;201970;602,80
2011;1;Provincia;7;Castilla y León;24;León;400;135295;1072,57;38;194373;266,38
2011;1;Provincia;7;Castilla y León;34;Palencia;150;118941;1134,09;20;160090;352,71
2011;1;Provincia;7;Castilla y León;37;Salamanca;276;127714;1341,07;35;326288;560,12
2011;1;Provincia;7;Castilla y León;40;Segovia;87;361711;1300,57;19;371940;476,45
2011;1;Provincia;7;Castilla y León;42;Soria;92;62477;897,13;25;336071;386,64
2011;1;Provincia;7;Castilla y León;47;Valladolid;493;181044;1583,63;79;308938;462,49
2011;1;Provincia;7;Castilla y León;49;Zamora;111;142217;1061,01;11;112500;417,72
2011;1;Comunidad;8;Castilla-La Mancha;98;CASTILLA-LA MANCHA;1071;150267;1240,74;481;260119;418,43
2011;1;Provincia;8;Castilla-La Mancha;2;Albacete;343;129066;1056,19;113;133880;302,71
2011;1;Provincia;8;Castilla-La Mancha;13;Ciudad Real;240;167797;1333,96;80;220192;413,30
2011;1;Provincia;8;Castilla-La Mancha;16;Cuenca;87;186187;1353,18;43;162924;403,34
2011;1;Provincia;8;Castilla-La Mancha;19;Guadalajara;112;184620;1298,34;62;629420;606,57
2011;1;Provincia;8;Castilla-La Mancha;45;Toledo;289;132896;1320,90;183;221637;423,16
2011;1;Comunidad;9;Cataluña;98;CATALUÑA;4947;255238;1840,78;884;851314;774,17
2011;1;Provincia;9;Cataluña;8;Barcelona;3522;297843;2071,99;627;1072920;905,61
2011;1;Provincia;9;Cataluña;17;Girona;488;193749;1472,67;111;604107;651,56
2011;1;Provincia;9;Cataluña;25;Lleida;388;132920;989,02;59;237419;403,20
2011;1;Provincia;9;Cataluña;43;Tarragona;549;125871;1281,12;87;384329;465,38
2011;1;Comunidad;10;Comunitat Valenciana;98;COMUNITAT VALENCIANA;4250;163627;1332,67;687;478482;555,46
2011;1;Provincia;10;Comunitat Valenciana;3;Alicante / Alacant;1546;149496;1269,09;175;341757;503,58
2011;1;Provincia;10;Comunitat Valenciana;12;Castellón / Castelló;525;148299;1048,38;122;295811;504,25
2011;1;Provincia;10;Comunitat Valenciana;46;Valencia / València;2179;176743;1447,92;390;594061;592,74
2011;1;Comunidad;11;Extremadura;98;EXTREMADURA;633;119073;1013,85;357;139545;291,72
2011;1;Provincia;11;Extremadura;6;Badajoz;386;130112;990,68;227;160583;311,16
2011;1;Provincia;11;Extremadura;10;Cáceres;247;101423;1050,89;130;80256;236,93
2011;1;Comunidad;12;Galicia;98;GALICIA;2029;175547;1265,54;152;1027456;621,28
2011;1;Provincia;12;Galicia;15;A Coruña;801;166421;1324,43;73;618187;783,98
2011;1;Provincia;12;Galicia;27;Lugo;314;223328;1045,73;17;501265;265,04
2011;1;Provincia;12;Galicia;32;Ourense;282;111691;867,15;18;428148;266,90
2011;1;Provincia;12;Galicia;36;Pontevedra;632;182444;1412,07;44;2100437;473,01
2011;1;Comunidad;13;Comunidad de Madrid;98;COMUNIDAD DE MADRID;4620;372095;2931,03;662;809928;1143,89
2011;1;Provincia;13;Comunidad de Madrid;28;Madrid;4620;372095;2931,03;662;809928;1143,89
2011;1;Comunidad;14;Región de Murcia;98;REGIÓN DE MURCIA;1264;151929;1266,13;179;250682;384,29
2011;1;Provincia;14;Región de Murcia;30;Murcia;1264;151929;1266,13;179;250682;384,29
2011;1;Comunidad;15;C. Foral de Navarra;98;C. FORAL DE NAVARRA;673;127078;1354,08;163;373149;698,73
2011;1;Provincia;15;C. Foral de Navarra;31;Navarra;673;127078;1354,08;163;373149;698,73
2011;1;Comunidad;16;País Vasco;98;PAÍS VASCO;2656;227929;2269,37;472;1497601;1151,16
2011;1;Provincia;16;País Vasco;1;Araba / Álava;396;196001;1920,37;72;272470;685,25
2011;1;Provincia;16;País Vasco;20;Gipuzkoa;957;156590;1975,12;183;556613;972,65
2011;1;Provincia;16;País Vasco;48;Bizkaia;1303;289115;2575,28;217;2803500;1469,89
2011;1;Comunidad;17;La Rioja;98;LA RIOJA;1219;124528;1265,77;53;161578;399,70
2011;1;Provincia;17;La Rioja;26;La Rioja;1219;124528;1265,77;53;161578;399,70
2011;1;Comunidad;18;Ceuta;98;CEUTA;47;158083;1689,41;4;249751;567,19
2011;1;Provincia;18;Ceuta;51;Ceuta;47;158083;1689,41;4;249751;567,19
2011;1;Comunidad;19;Melilla;98;MELILLA;50;145820;946,87;9;259492;745,21
2011;1;Provincia;19;Melilla;52;Melilla;50;145820;946,87;9;259492;745,21
2011;2;Nacional;99;ESPAÑA;99;ESPAÑA;34874;198672;1674,51;6102;558415;678,01
2011;2;Comunidad;1;Andalucía;98;ANDALUCÍA;5736;147138;1339,61;1085;267703;533,46
2011;2;Provincia;1;Andalucía;4;Almería;476;165205;1157,34;78;342505;465,86
2011;2;Provincia;1;Andalucía;11;Cádiz;651;143389;1386,05;174;235274;579,90
2011;2;Provincia;1;Andalucía;14;Córdoba;485;128224;1254,69;85;154422;400,18
2011;2;Provincia;1;Andalucía;18;Granada;992;124920;1055,89;117;336598;458,62
2011;2;Provincia;1;Andalucía;21;Huelva;280;211850;1419,69;84;124553;531,84
2011;2;Provincia;1;Andalucía;23;Jaén;439;89995;891,89;92;137621;366,99
2011;2;Provincia;1;Andalucía;29;Málaga;1330;147046;1649,86;115;253747;644,37
2011;2;Provincia;1;Andalucía;41;Sevilla;1083;176109;1466,66;340;344203;593,73
2011;2;Comunidad;2;Aragón;98;ARAGÓN;860;173082;1681,46;306;659655;583,53
2011;2;Provincia;2;Aragón;22;Huesca;181;111914;1223,80;38;237658;410,59
2011;2;Provincia;2;Aragón;44;Teruel;91;87531;981,77;21;525204;417,11
2011;2;Provincia;2;Aragón;50;Zaragoza;588;203654;1918,63;247;735639;622,56
2011;2;Comunidad;3;Principado de Asturias;98;PRINCIPADO DE ASTURIAS;842;163395;1421,30;84;450303;517,37
2011;2;Provincia;3;Principado de Asturias;33;Asturias;842;163395;1421,30;84;450303;517,37
2011;2;Comunidad;4;Illes Balears;98;ILLES BALEARS;842;226099;1773,30;63;568143;1013,06
2011;2;Provincia;4;Illes Balears;7;Illes Balears;842;226099;1773,30;63;568143;1013,06
2011;2;Comunidad;5;Canarias;98;CANARIAS;1558;203713;1894,14;123;576056;781,83
2011;2;Provincia;5;Canarias;35;Las Palmas;817;229578;1710,10;68;576320;677,62
2011;2;Provincia;5;Canarias;38;Santa Cruz de Tenerife;741;177798;2078,52;55;575762;897,13
2011;2;Comunidad;6;Cantabria;98;CANTABRIA;561;126153;1571,32;71;266734;687,02
2011;2;Provincia;6;Cantabria;39;Cantabria;561;126153;1571,32;71;266734;687,02
2011;2;Comunidad;7;Castilla y León;98;CASTILLA Y LEÓN;1976;137853;1262,74;356;237663;489,54
2011;2;Provincia;7;Castilla y León;5;Ávila;136;93107;1023,53;46;264165;368,58
2011;2;Provincia;7;Castilla y León;9;Burgos;350;158183;1435,89;67;212116;536,19
2011;2;Provincia;7;Castilla y León;24;León;372;106920;1049,78;38;221234;457,64
2011;2;Provincia;7;Castilla y León;34;Palencia;137;121107;1068,20;32;149198;290,98
2011;2;Provincia;7;Castilla y León;37;Salamanca;244;130301;1306,63;31;253173;504,42
2011;2;Provincia;7;Castilla y León;40;Segovia;84;122009;1260,40;18;263804;435,41
2011;2;Provincia;7;Castilla y León;42;Soria;71;54606;769,90;27;208116;356,00
2011;2;Provincia;7;Castilla y León;47;Valladolid;470;188989;1578,01;91;272624;560,51
2011;2;Provincia;7;Castilla y León;49;Zamora;112;141629;1009,91;6;125000;270,46
2011;2;Comunidad;8;Castilla-La Mancha;98;CASTILLA-LA MANCHA;1032;140634;1202,72;446;275542;429,26
2011;2;Provincia;8;Castilla-La Mancha;2;Albacete;318;130893;1082,51;98;156401;375,31
2011;2;Provincia;8;Castilla-La Mancha;13;Ciudad Real;230;155329;1158,18;80;226506;380,12
2011;2;Provincia;8;Castilla-La Mancha;16;Cuenca;82;170267;1451,41;45;209413;358,63
2011;2;Provincia;8;Castilla-La Mancha;19;Guadalajara;119;173815;1327,06;59;640239;603,62
2011;2;Provincia;8;Castilla-La Mancha;45;Toledo;283;112687;1246,57;164;222600;421,84
2011;2;Comunidad;9;Cataluña;98;CATALUÑA;4952;243878;1793,52;881;789500;767,06
2011;2;Provincia;9;Cataluña;8;Barcelona;3571;279653;1984,26;603;1005210;910,78
2011;2;Provincia;9;Cataluña;17;Girona;483;190686;1567,28;125;579655;630,53
2011;2;Provincia;9;Cataluña;25;Lleida;387;132162;1005,50;62;291031;439,38
2011;2;Provincia;9;Cataluña;43;Tarragona;511;129080;1243,26;91;392431;493,57
2011;2;Comunidad;10;Comunitat Valenciana;98;COMUNITAT VALENCIANA;4087;167842;1349,59;686;542236;540,33
2011;2;Provincia;10;Comunitat Valenciana;3;Alicante / Alacant;1467;151435;1261,53;182;417226;477,57
2011;2;Provincia;10;Comunitat Valenciana;12;Castellón / Castelló;539;154636;1041,08;127;431952;513,66
2011;2;Provincia;10;Comunitat Valenciana;46;Valencia / València;2081;182386;1495,76;377;627711;573,22
2011;2;Comunidad;11;Extremadura;98;EXTREMADURA;584;116082;955,92;299;113346;289,91
2011;2;Provincia;11;Extremadura;6;Badajoz;362;123274;953,60;189;123441;310,26
2011;2;Provincia;11;Extremadura;10;Cáceres;222;103967;959,82;110;88111;239,04
2011;2;Comunidad;12;Galicia;98;GALICIA;1927;153592;1250,88;144;983705;491,44
2011;2;Provincia;12;Galicia;15;A Coruña;748;167731;1312,76;58;355510;417,49
2011;2;Provincia;12;Galicia;27;Lugo;250;104317;948,53;10;220000;270,95
2011;2;Provincia;12;Galicia;32;Ourense;274;114828;951,28;17;382166;216,53
2011;2;Provincia;12;Galicia;36;Pontevedra;655;168690;1391,23;59;1634537;597,53
2011;2;Comunidad;13;Comunidad de Madrid;98;COMUNIDAD DE MADRID;4253;360458;2805,65;679;771427;1148,49
2011;2;Provincia;13;Comunidad de Madrid;28;Madrid;4253;360458;2805,65;679;771427;1148,49
2011;2;Comunidad;14;Región de Murcia;98;REGIÓN DE MURCIA;1144;153362;1243,51;186;285713;372,60
2011;2;Provincia;14;Región de Murcia;30;Murcia;1144;153362;1243,51;186;285713;372,60
2011;2;Comunidad;15;C. Foral de Navarra;98;C. FORAL DE NAVARRA;634;122049;1331,54;150;307486;682,65
2011;2;Provincia;15;C. Foral de Navarra;31;Navarra;634;122049;1331,54;150;307486;682,65
2011;2;Comunidad;16;País Vasco;98;PAÍS VASCO;2567;219603;2193,83;456;1440083;1115,23
2011;2;Provincia;16;País Vasco;1;Araba / Álava;393;187968;1995,74;72;279285;672,19
2011;2;Provincia;16;País Vasco;20;Gipuzkoa;909;144635;1830,02;174;466579;996,82
2011;2;Provincia;16;País Vasco;48;Bizkaia;1265;284346;2519,76;210;2689941;1349,58
2011;2;Comunidad;17;La Rioja;98;LA RIOJA;1224;122652;1250,92;70;153235;452,80
2011;2;Provincia;17;La Rioja;26;La Rioja;1224;122652;1250,92;70;153235;452,80
2011;2;Comunidad;18;Ceuta;98;CEUTA;46;150906;1634,88;5;301037;875,53
2011;2;Provincia;18;Ceuta;51;Ceuta;46;150906;1634,88;5;301037;875,53
2011;2;Comunidad;19;Melilla;98;MELILLA;49;164576;985,41;12;237947;883,54
2011;2;Provincia;19;Melilla;52;Melilla;49;164576;985,41;12;237947;883,54
2011;3;Nacional;99;ESPAÑA;99;ESPAÑA;32070;187052;1600,01;5733;543168;649,68
2011;3;Comunidad;1;Andalucía;98;ANDALUCÍA;5261;143790;1298,33;993;284277;541,78
2011;3;Provincia;1;Andalucía;4;Almería;438;136393;1153,29;87;376047;457,00
2011;3;Provincia;1;Andalucía;11;Cádiz;620;142338;1366,08;163;260946;637,96
2011;3;Provincia;1;Andalucía;14;Córdoba;432;149203;1263,95;81;149793;396,42
2011;3;Provincia;1;Andalucía;18;Granada;953;110867;998,49;116;326660;466,58
2011;3;Provincia;1;Andalucía;21;Huelva;260;202134;1333,21;68;125981;428,39
2011;3;Provincia;1;Andalucía;23;Jaén;392;95680;880,36;85;121099;355,35
2011;3;Provincia;1;Andalucía;29;Málaga;1188;148482;1588,98;97;257891;617,24
2011;3;Provincia;1;Andalucía;41;Sevilla;978;174074;1424,10;296;372292;625,40
2011;3;Comunidad;2;Aragón;98;ARAGÓN;844;171085;1581,60;263;588504;511,21
2011;3;Provincia;2;Aragón;22;Huesca;174;107858;1092,51;23;218893;369,32
2011;3;Provincia;2;Aragón;44;Teruel;85;92582;824,00;22;565073;410,45
2011;3;Provincia;2;Aragón;50;Zaragoza;585;200641;1830,57;218;637696;536,83
2011;3;Comunidad;3;Principado de Asturias;98;PRINCIPADO DE ASTURIAS;744;152706;1342,62;87;438625;600,98
2011;3;Provincia;3;Principado de Asturias;33;Asturias;744;152706;1342,62;87;438625;600,98
2011;3;Comunidad;4;Illes Balears;98;ILLES BALEARS;767;235827;1666,65;67;406710;1142,83
2011;3;Provincia;4;Illes Balears;7;Illes Balears;767;235827;1666,65;67;406710;1142,83
2011;3;Comunidad;5;Canarias;98;CANARIAS;1492;192726;1921,57;125;534338;735,01
2011;3;Provincia;5;Canarias;35;Las Palmas;783;221155;1750,83;70;491267;651,49
2011;3;Provincia;5;Canarias;38;Santa Cruz de Tenerife;709;162582;2102,61;55;581075;825,63
2011;3;Comunidad;6;Cantabria;98;CANTABRIA;509;118119;1490,22;59;245746;700,44
2011;3;Provincia;6;Cantabria;39;Cantabria;509;118119;1490,22;59;245746;700,44
2011;3;Comunidad;7;Castilla y León;98;CASTILLA Y LEÓN;1778;123344;1218,68;315;225636;472,99
2011;3;Provincia;7;Castilla y León;5;Ávila;135;101218;1025,20;49;224536;315,96
2011;3;Provincia;7;Castilla y León;9;Burgos;304;165046;1443,08;70;213195;496,43
2011;3;Provincia;7;Castilla y León;24;León;335;101178;1024,26;31;232156;416,67
2011;3;Provincia;7;Castilla y León;34;Palencia;122;113299;1079,98;36;202157;286,11
2011;3;Provincia;7;Castilla y León;37;Salamanca;229;123183;1147,19;21;314708;486,19
2011;3;Provincia;7;Castilla y León;40;Segovia;73;108417;1188,24;15;161375;373,76
2011;3;Provincia;7;Castilla y León;42;Soria;68;49799;757,28;25;198259;308,74
2011;3;Provincia;7;Castilla y León;47;Valladolid;415;136411;1535,36;66;223789;598,03
2011;3;Provincia;7;Castilla y León;49;Zamora;97;116533;922,41;0;0;0,00
2011;3;Comunidad;8;Castilla-La Mancha;98;CASTILLA-LA MANCHA;904;140727;1099,52;384;253664;406,86
2011;3;Provincia;8;Castilla-La Mancha;2;Albacete;278;153430;1028,12;85;167753;376,88
2011;3;Provincia;8;Castilla-La Mancha;13;Ciudad Real;183;123080;878,96;76;219207;336,48
2011;3;Provincia;8;Castilla-La Mancha;16;Cuenca;66;186400;1477,75;46;287901;318,45
2011;3;Provincia;8;Castilla-La Mancha;19;Guadalajara;124;163966;1320,92;56;450329;535,98
2011;3;Provincia;8;Castilla-La Mancha;45;Toledo;253;112436;1128,52;121;238943;426,69
2011;3;Comunidad;9;Cataluña;98;CATALUÑA;4594;208601;1695,84;849;836004;761,45
2011;3;Provincia;9;Cataluña;8;Barcelona;3345;232605;1867,42;590;1097196;909,61
2011;3;Provincia;9;Cataluña;17;Girona;465;177048;1503,69;119;493371;597,33
2011;3;Provincia;9;Cataluña;25;Lleida;336;143191;1025,22;57;304735;434,81
2011;3;Provincia;9;Cataluña;43;Tarragona;448;118890;1154,59;83;367403;467,78
2011;3;Comunidad;10;Comunitat Valenciana;98;COMUNITAT VALENCIANA;3764;173961;1290,09;648;521351;504,80
2011;3;Provincia;10;Comunitat Valenciana;3;Alicante / Alacant;1334;158763;1196,67;159;374009;423,48
2011;3;Provincia;10;Comunitat Valenciana;12;Castellón / Castelló;518;116719;966,87;118;438324;493,73
2011;3;Provincia;10;Comunitat Valenciana;46;Valencia / València;1912;201916;1453,27;371;605438;539,25
2011;3;Comunidad;11;Extremadura;98;EXTREMADURA;534;107115;918,06;288;104252;270,43
2011;3;Provincia;11;Extremadura;6;Badajoz;330;106320;898,06;159;120203;317,88
2011;3;Provincia;11;Extremadura;10;Cáceres;204;108441;951,42;129;79296;196,19
2011;3;Comunidad;12;Galicia;98;GALICIA;1736;159449;1248,72;148;835708;499,76
2011;3;Provincia;12;Galicia;15;A Coruña;697;161105;1224,89;67;317886;444,22
2011;3;Provincia;12;Galicia;27;Lugo;204;111068;953,10;14;318392;295,48
2011;3;Provincia;12;Galicia;32;Ourense;251;119028;1046,25;15;362757;203,39
2011;3;Provincia;12;Galicia;36;Pontevedra;584;187401;1449,10;52;1484997;618,75
2011;3;Comunidad;13;Comunidad de Madrid;98;COMUNIDAD DE MADRID;4156;330106;2587,81;655;713536;1111,25
2011;3;Provincia;13;Comunidad de Madrid;28;Madrid;4156;330106;2587,81;655;713536;1111,25
2011;3;Comunidad;14;Región de Murcia;98;REGIÓN DE MURCIA;1003;137515;1108,86;186;339669;378,27
2011;3;Provincia;14;Región de Murcia;30;Murcia;1003;137515;1108,86;186;339669;378,27
2011;3;Comunidad;15;C. Foral de Navarra;98;C. FORAL DE NAVARRA;575;122159;1305,37;154;292124;610,10
2011;3;Provincia;15;C. Foral de Navarra;31;Navarra;575;122159;1305,37;154;292124;610,10
2011;3;Comunidad;16;País Vasco;98;PAÍS VASCO;2429;192225;2052,70;409;1493407;1024,40
2011;3;Provincia;16;País Vasco;1;Araba / Álava;374;177744;1903,94;78;257582;677,73
2011;3;Provincia;16;País Vasco;20;Gipuzkoa;868;166168;1949,22;170;405832;896,05
2011;3;Provincia;16;País Vasco;48;Bizkaia;1187;216782;2175,35;161;3161442;1293,71
2011;3;Comunidad;17;La Rioja;98;LA RIOJA;890;97274;1137,06;83;156239;431,28
2011;3;Provincia;17;La Rioja;26;La Rioja;890;97274;1137,06;83;156239;431,28
2011;3;Comunidad;18;Ceuta;98;CEUTA;38;141673;1498,90;6;282287;810,36
2011;3;Provincia;18;Ceuta;51;Ceuta;38;141673;1498,90;6;282287;810,36
2011;3;Comunidad;19;Melilla;98;MELILLA;52;150665;946,83;14;191262;879,98
2011;3;Provincia;19;Melilla;52;Melilla;52;150665;946,83;14;191262;879,98
2011;4;Nacional;99;ESPAÑA;99;ESPAÑA;31379;180146;1557,88;5756;536291;634,34
2011;4;Comunidad;1;Andalucía;98;ANDALUCÍA;5167;145935;1300,82;984;271687;532,80
2011;4;Provincia;1;Andalucía;4;Almería;424;150039;1158,40;67;305992;445,99
2011;4;Provincia;1;Andalucía;11;Cádiz;634;131314;1323,24;151;265756;633,21
2011;4;Provincia;1;Andalucía;14;Córdoba;435;148876;1294,57;74;145212;394,25
2011;4;Provincia;1;Andalucía;18;Granada;916;110900;1010,07;118;272693;434,25
2011;4;Provincia;1;Andalucía;21;Huelva;244;207102;1379,38;71;131086;403,03
2011;4;Provincia;1;Andalucía;23;Jaén;378;84557;852,39;79;121568;353,34
2011;4;Provincia;1;Andalucía;29;Málaga;1151;151730;1617,30;95;251862;590,02
2011;4;Provincia;1;Andalucía;41;Sevilla;985;184527;1393,47;329;353577;618,03
2011;4;Comunidad;2;Aragón;98;ARAGÓN;845;167075;1447,99;353;490147;502,37
2011;4;Provincia;2;Aragón;22;Huesca;176;106771;1033,97;16;182309;288,53
2011;4;Provincia;2;Aragón;44;Teruel;92;98720;770,43;28;392770;531,59
2011;4;Provincia;2;Aragón;50;Zaragoza;577;196464;1683,29;309;515405;512,60
2011;4;Comunidad;3;Principado de Asturias;98;PRINCIPADO DE ASTURIAS;718;156917;1332,14;108;436236;697,99
2011;4;Provincia;3;Principado de Asturias;33;Asturias;718;156917;1332,14;108;436236;697,99
2011;4;Comunidad;4;Illes Balears;98;ILLES BALEARS;702;198595;1547,67;61;362658;1047,05
2011;4;Provincia;4;Illes Balears;7;Illes Balears;702;198595;1547,67;61;362658;1047,05
2011;4;Comunidad;5;Canarias;98;CANARIAS;1509;185917;1847,10;125;522261;710,75
2011;4;Provincia;5;Canarias;35;Las Palmas;802;222609;1690,13;73;469423;626,92
2011;4;Provincia;5;Canarias;38;Santa Cruz de Tenerife;707;148935;2005,32;52;584493;809,48
2011;4;Comunidad;6;Cantabria;98;CANTABRIA;469;124317;1519,27;58;223519;630,59
2011;4;Provincia;6;Cantabria;39;Cantabria;469;124317;1519,27;58;223519;630,59
2011;4;Comunidad;7;Castilla y León;98;CASTILLA Y LEÓN;1642;127053;1203,72;337;315036;470,27
2011;4;Provincia;7;Castilla y León;5;Ávila;117;101278;967,00;56;662971;276,80
2011;4;Provincia;7;Castilla y León;9;Burgos;329;165228;1452,61;88;345092;492,39
2011;4;Provincia;7;Castilla y León;24;León;297;114051;980,08;35;278974;431,71
2011;4;Provincia;7;Castilla y León;34;Palencia;133;126667;991,65;35;243080;278,05
2011;4;Provincia;7;Castilla y León;37;Salamanca;213;121619;1138,26;21;277373;497,31
2011;4;Provincia;7;Castilla y León;40;Segovia;57;106636;1112,27;16;148875;401,30
2011;4;Provincia;7;Castilla y León;42;Soria;65;63429;834,32;23;198259;308,74
2011;4;Provincia;7;Castilla y León;47;Valladolid;344;135863;1539,87;59;263199;603,25
2011;4;Provincia;7;Castilla y León;49;Zamora;87;98348;948,28;4;1750000;175,00
2011;4;Comunidad;8;Castilla-La Mancha;98;CASTILLA-LA MANCHA;900;138457;1065,88;390;380522;404,00
2011;4;Provincia;8;Castilla-La Mancha;2;Albacete;269;149251;989,67;92;159615;378,26
2011;4;Provincia;8;Castilla-La Mancha;13;Ciudad Real;198;124231;879,07;88;193262;345,57
2011;4;Provincia;8;Castilla-La Mancha;16;Cuenca;65;169879;1398,43;45;297060;350,01
2011;4;Provincia;8;Castilla-La Mancha;19;Guadalajara;133;153321;1311,47;54;481709;474,70
2011;4;Provincia;8;Castilla-La Mancha;45;Toledo;235;118713;1066,89;111;632903;440,35
2011;4;Comunidad;9;Cataluña;98;CATALUÑA;4638;190642;1634,10;843;774991;691,26
2011;4;Provincia;9;Cataluña;8;Barcelona;3344;211944;1792,82;585;1023971;796,69
2011;4;Provincia;9;Cataluña;17;Girona;493;153777;1460,61;118;456978;548,00
2011;4;Provincia;9;Cataluña;25;Lleida;333;139104;996,46;57;338534;512,25
2011;4;Provincia;9;Cataluña;43;Tarragona;468;122212;1175,98;83;420360;549,92
2011;4;Comunidad;10;Comunitat Valenciana;98;COMUNITAT VALENCIANA;3730;166107;1199,41;660;513278;547,49
2011;4;Provincia;10;Comunitat Valenciana;3;Alicante / Alacant;1331;158289;1158,40;167;341312;451,42
2011;4;Provincia;10;Comunitat Valenciana;12;Castellón / Castelló;553;122114;969,02;117;420627;728,72
2011;4;Provincia;10;Comunitat Valenciana;46;Valencia / València;1846;189082;1319,79;376;617547;524,75
2011;4;Comunidad;11;Extremadura;98;EXTREMADURA;501;101813;838,65;258;100695;265,32
2011;4;Provincia;11;Extremadura;6;Badajoz;310;104209;831,21;136;113466;314,48
2011;4;Provincia;11;Extremadura;10;Cáceres;191;97937;850,68;122;82816;196,51
2011;4;Comunidad;12;Galicia;98;GALICIA;1741;164326;1258,97;144;888745;530,29
2011;4;Provincia;12;Galicia;15;A Coruña;674;165062;1263,41;63;324966;463,86
2011;4;Provincia;12;Galicia;27;Lugo;216;116766;984,83;19;266150;291,03
2011;4;Provincia;12;Galicia;32;Ourense;243;147033;1026,68;10;400343;185,54
2011;4;Provincia;12;Galicia;36;Pontevedra;608;186516;1425,88;52;1501172;659,88
2011;4;Comunidad;13;Comunidad de Madrid;98;COMUNIDAD DE MADRID;4128;305528;2484,41;627;711231;1064,62
2011;4;Provincia;13;Comunidad de Madrid;28;Madrid;4128;305528;2484,41;627;711231;1064,62
2011;4;Comunidad;14;Región de Murcia;98;REGIÓN DE MURCIA;1003;144655;1126,41;187;323213;368,32
2011;4;Provincia;14;Región de Murcia;30;Murcia;1003;144655;1126,41;187;323213;368,32
2011;4;Comunidad;15;C. Foral de Navarra;98;C. FORAL DE NAVARRA;528;129028;1347,20;150;300840;613,30
2011;4;Provincia;15;C. Foral de Navarra;31;Navarra;528;129028;1347,20;150;300840;613,30
2011;4;Comunidad;16;País Vasco;98;PAÍS VASCO;2298;192226;2068,47;365;1519405;1008,31
2011;4;Provincia;16;País Vasco;1;Araba / Álava;314;189947;1839,83;72;245828;650,68
2011;4;Provincia;16;País Vasco;20;Gipuzkoa;812;168511;1976,43;144;419197;879,20
2011;4;Provincia;16;País Vasco;48;Bizkaia;1172;210547;2190,36;149;3138800;1279,44
2011;4;Comunidad;17;La Rioja;98;LA RIOJA;777;82824;1113,34;83;164166;453,49
2011;4;Provincia;17;La Rioja;26;La Rioja;777;82824;1113,34;83;164166;453,49
2011;4;Comunidad;18;Ceuta;98;CEUTA;29;147692;1464,58;5;225000;843,20
2011;4;Provincia;18;Ceuta;51;Ceuta;29;147692;1464,58;5;225000;843,20
2011;4;Comunidad;19;Melilla;98;MELILLA;54;159624;979,34;18;192142;848,91
2011;4;Provincia;19;Melilla;52;Melilla;54;159624;979,34;18;192142;848,91
2012;1;Nacional;99;ESPAÑA;99;ESPAÑA;30555;176200;1523,78;5792;431864;640,39
2012;1;Comunidad;1;Andalucía;98;ANDALUCÍA;4970;138700;1270,42;1001;276422;587,97
2012;1;Provincia;1;Andalucía;4;Almería;448;157093;1106,99;65;381075;434,99
2012;1;Provincia;1;Andalucía;11;Cádiz;625;126120;1305,59;144;277400;576,49
2012;1;Provincia;1;Andalucía;14;Córdoba;438;145374;1268,13;84;261179;671,81
2012;1;Provincia;1;Andalucía;18;Granada;847;102057;1032,41;106;255869;429,22
2012;1;Provincia;1;Andalucía;21;Huelva;226;187204;1401,21;60;173723;441,77
2012;1;Provincia;1;Andalucía;23;Jaén;391;82890;810,55;67;113662;334,78
2012;1;Provincia;1;Andalucía;29;Málaga;1112;159070;1543,96;86;262979;568,11
2012;1;Provincia;1;Andalucía;41;Sevilla;883;154990;1386,60;389;304374;697,82
2012;1;Comunidad;2;Aragón;98;ARAGÓN;839;169436;1387,91;334;479736;500,23
2012;1;Provincia;2;Aragón;22;Huesca;190;91379;1062,43;23;175862;401,27
2012;1;Provincia;2;Aragón;44;Teruel;103;102019;847,00;31;364867;511,12
2012;1;Provincia;2;Aragón;50;Zaragoza;546;211623;1614,28;280;527453;509,81
2012;1;Comunidad;3;Principado de Asturias;98;PRINCIPADO DE ASTURIAS;678;155057;1335,16;108;400487;720,81
2012;1;Provincia;3;Principado de Asturias;33;Asturias;678;155057;1335,16;108;400487;720,81
2012;1;Comunidad;4;Illes Balears;98;ILLES BALEARS;682;217145;1634,52;60;440528;1050,65
2012;1;Provincia;4;Illes Balears;7;Illes Balears;682;217145;1634,52;60;440528;1050,65
2012;1;Comunidad;5;Canarias;98;CANARIAS;1498;180939;1816,25;128;431670;719,02
2012;1;Provincia;5;Canarias;35;Las Palmas;729;190358;1640,90;72;358973;600,59
2012;1;Provincia;5;Canarias;38;Santa Cruz de Tenerife;769;172332;1976,49;56;517718;859,20
2012;1;Comunidad;6;Cantabria;98;CANTABRIA;425;110126;1448,33;52;184293;580,44
2012;1;Provincia;6;Cantabria;39;Cantabria;425;110126;1448,33;52;184293;580,44
2012;1;Comunidad;7;Castilla y León;98;CASTILLA Y LEÓN;1526;129142;1230,27;370;308276;454,97
2012;1;Provincia;7;Castilla y León;5;Ávila;111;99989;1023,76;68;528138;304,11
2012;1;Provincia;7;Castilla y León;9;Burgos;299;180241;1597,32;93;373985;445,28
2012;1;Provincia;7;Castilla y León;24;León;287;120321;996,39;37;335235;443,51
2012;1;Provincia;7;Castilla y León;34;Palencia;123;81604;795,51;36;271489;248,18
2012;1;Provincia;7;Castilla y León;37;Salamanca;205;140098;1328,53;25;244291;481,90
2012;1;Provincia;7;Castilla y León;40;Segovia;52;118948;1150,67;20;167000;372,55
2012;1;Provincia;7;Castilla y León;42;Soria;59;76236;874,25;26;148586;350,55
2012;1;Provincia;7;Castilla y León;47;Valladolid;302;127328;1435,88;53;230784;615,55
2012;1;Provincia;7;Castilla y León;49;Zamora;88;100403;1067,50;12;507430;522,07
2012;1;Comunidad;8;Castilla-La Mancha;98;CASTILLA-LA MANCHA;842;120062;963,42;437;369709;383,79
2012;1;Provincia;8;Castilla-La Mancha;2;Albacete;226;142323;919,31;83;147061;409,42
2012;1;Provincia;8;Castilla-La Mancha;13;Ciudad Real;202;96680;795,13;86;159283;284,72
2012;1;Provincia;8;Castilla-La Mancha;16;Cuenca;63;113076;1050,03;42;246248;302,99
2012;1;Provincia;8;Castilla-La Mancha;19;Guadalajara;120;137053;1235,45;118;264158;463,46
2012;1;Provincia;8;Castilla-La Mancha;45;Toledo;231;110639;977,03;108;709352;406,10
2012;1;Comunidad;9;Cataluña;98;CATALUÑA;4505;175634;1604,97;836;839631;746,26
2012;1;Provincia;9;Cataluña;8;Barcelona;3255;192780;1757,93;585;1160916;865,46
2012;1;Provincia;9;Cataluña;17;Girona;467;142091;1439,33;104;337263;525,61
2012;1;Provincia;9;Cataluña;25;Lleida;328;126374;1017,71;59;322569;504,68
2012;1;Provincia;9;Cataluña;43;Tarragona;455;135132;1206,21;88;455862;693,07
2012;1;Comunidad;10;Comunitat Valenciana;98;COMUNITAT VALENCIANA;3819;162559;1171,30;694;509334;609,85
2012;1;Provincia;10;Comunitat Valenciana;3;Alicante / Alacant;1294;160234;1120,88;162;339536;492,49
2012;1;Provincia;10;Comunitat Valenciana;12;Castellón / Castelló;553;116135;981,05;135;345802;724,47
2012;1;Provincia;10;Comunitat Valenciana;46;Valencia / València;1972;180264;1273,82;397;654634;615,23
2012;1;Comunidad;11;Extremadura;98;EXTREMADURA;469;102448;884,03;240;97249;244,68
2012;1;Provincia;11;Extremadura;6;Badajoz;284;84551;798,30;123;110337;287,47
2012;1;Provincia;11;Extremadura;10;Cáceres;185;128926;1010,86;117;80888;191,20
2012;1;Comunidad;12;Galicia;98;GALICIA;1691;155151;1194,55;149;468103;502,88
2012;1;Provincia;12;Galicia;15;A Coruña;668;153810;1212,53;74;324319;457,13
2012;1;Provincia;12;Galicia;27;Lugo;202;126631;950,76;13;272193;291,98
2012;1;Provincia;12;Galicia;32;Ourense;241;122486;922,72;12;240463;183,93
2012;1;Provincia;12;Galicia;36;Pontevedra;580;176703;1341,14;50;709182;647,68
2012;1;Comunidad;13;Comunidad de Madrid;98;COMUNIDAD DE MADRID;4023;302912;2383,01;611;522977;1057,50
2012;1;Provincia;13;Comunidad de Madrid;28;Madrid;4023;302912;2383,01;611;522977;1057,50
2012;1;Comunidad;14;Región de Murcia;98;REGIÓN DE MURCIA;923;148581;1086,61;206;288504;363,23
2012;1;Provincia;14;Región de Murcia;30;Murcia;923;148581;1086,61;206;288504;363,23
2012;1;Comunidad;15;C. Foral de Navarra;98;C. FORAL DE NAVARRA;558;133586;1308,04;145;215661;615,10
2012;1;Provincia;15;C. Foral de Navarra;31;Navarra;558;133586;1308,04;145;215661;615,10
2012;1;Comunidad;16;País Vasco;98;PAÍS VASCO;2243;200758;2055,61;319;534818;892,62
2012;1;Provincia;16;País Vasco;1;Araba / Álava;255;174038;1838,52;58;321276;582,23
2012;1;Provincia;16;País Vasco;20;Gipuzkoa;786;176635;1950,45;143;639429;826,34
2012;1;Provincia;16;País Vasco;48;Bizkaia;1202;223719;2175,98;118;491555;1082,09
2012;1;Comunidad;17;La Rioja;98;LA RIOJA;801;98113;1205,23;77;178383;459,59
2012;1;Provincia;17;La Rioja;26;La Rioja;801;98113;1205,23;77;178383;459,59
2012;1;Comunidad;18;Ceuta;98;CEUTA;26;201952;2366,34;6;225000;843,20
2012;1;Provincia;18;Ceuta;51;Ceuta;26;201952;2366,34;6;225000;843,20
2012;1;Comunidad;19;Melilla;98;MELILLA;37;123348;1111,76;19;213718;841,67
2012;1;Provincia;19;Melilla;52;Melilla;37;123348;1111,76;19;213718;841,67
2012;2;Nacional;99;ESPAÑA;99;ESPAÑA;29174;172720;1477,88;5705;405402;608,58
2012;2;Comunidad;1;Andalucía;98;ANDALUCÍA;4680;137740;1265,74;939;257560;585,72
2012;2;Provincia;1;Andalucía;4;Almería;429;151657;1041,75;71;396739;440,15
2012;2;Provincia;1;Andalucía;11;Cádiz;620;116402;1243,75;133;279507;536,47
2012;2;Provincia;1;Andalucía;14;Córdoba;387;142888;1323,51;63;381041;812,74
2012;2;Provincia;1;Andalucía;18;Granada;763;107430;1067,69;98;257093;392,73
2012;2;Provincia;1;Andalucía;21;Huelva;221;166731;1396,80;52;157640;407,82
2012;2;Provincia;1;Andalucía;23;Jaén;356;83274;824,88;62;134678;309,45
2012;2;Provincia;1;Andalucía;29;Málaga;1054;161361;1542,77;107;309179;610,01
2012;2;Provincia;1;Andalucía;41;Sevilla;850;157447;1373,96;353;213791;698,79
2012;2;Comunidad;2;Aragón;98;ARAGÓN;836;165693;1292,68;296;335359;476,32
2012;2;Provincia;2;Aragón;22;Huesca;197;97135;1073,02;33;197131;377,05
2012;2;Provincia;2;Aragón;44;Teruel;113;97442;812,22;30;195132;550,11
2012;2;Provincia;2;Aragón;50;Zaragoza;526;208480;1482,86;233;378896;483,61
2012;2;Comunidad;3;Principado de Asturias;98;PRINCIPADO DE ASTURIAS;616;146019;1306,79;113;406137;674,69
2012;2;Provincia;3;Principado de Asturias;33;Asturias;616;146019;1306,79;113;406137;674,69
2012;2;Comunidad;4;Illes Balears;98;ILLES BALEARS;635;224305;1619,71;54;479761;980,75
2012;2;Provincia;4;Illes Balears;7;Illes Balears;635;224305;1619,71;54;479761;980,75
2012;2;Comunidad;5;Canarias;98;CANARIAS;1323;179329;1583,56;128;439059;694,82
2012;2;Provincia;5;Canarias;35;Las Palmas;670;190904;1636,01;80;384404;569,11
2012;2;Provincia;5;Canarias;38;Santa Cruz de Tenerife;653;167144;1528,35;48;519135;878,99
2012;2;Comunidad;6;Cantabria;98;CANTABRIA;379;90725;1391,08;69;473697;554,79
2012;2;Provincia;6;Cantabria;39;Cantabria;379;90725;1391,08;69;473697;554,79
2012;2;Comunidad;7;Castilla y León;98;CASTILLA Y LEÓN;1429;125768;1216,18;353;364925;420,56
2012;2;Provincia;7;Castilla y León;5;Ávila;107;97041;1039,66;69;599018;309,76
2012;2;Provincia;7;Castilla y León;9;Burgos;276;150237;1535,69;91;434535;481,67
2012;2;Provincia;7;Castilla y León;24;León;255;117598;873,46;37;495069;408,94
2012;2;Provincia;7;Castilla y León;34;Palencia;124;101980;1008,68;31;265381;348,76
2012;2;Provincia;7;Castilla y León;37;Salamanca;213;157236;1327,75;28;233181;438,97
2012;2;Provincia;7;Castilla y León;40;Segovia;36;90446;1061,09;20;183500;381,65
2012;2;Provincia;7;Castilla y León;42;Soria;60;76799;933,39;24;147198;331,57
2012;2;Provincia;7;Castilla y León;47;Valladolid;270;121924;1398,09;41;279843;392,67
2012;2;Provincia;7;Castilla y León;49;Zamora;88;112826;1118,81;12;507430;522,07
2012;2;Comunidad;8;Castilla-La Mancha;98;CASTILLA-LA MANCHA;899;107019;951,14;534;338205;360,19
2012;2;Provincia;8;Castilla-La Mancha;2;Albacete;217;143318;981,17;135;116398;303,60
2012;2;Provincia;8;Castilla-La Mancha;13;Ciudad Real;205;103233;896,26;83;130278;281,14
2012;2;Provincia;8;Castilla-La Mancha;16;Cuenca;66;114874;1031,63;42;208741;290,08
2012;2;Provincia;8;Castilla-La Mancha;19;Guadalajara;96;139889;1256,88;127;244574;437,26
2012;2;Provincia;8;Castilla-La Mancha;45;Toledo;315;71721;847,43;147;676055;419,17
2012;2;Comunidad;9;Cataluña;98;CATALUÑA;4336;191697;1566,00;783;829628;732,78
2012;2;Provincia;9;Cataluña;8;Barcelona;3125;219006;1723,59;556;1064148;830,19
2012;2;Provincia;9;Cataluña;17;Girona;448;132382;1336,30;96;340056;520,58
2012;2;Provincia;9;Cataluña;25;Lleida;306;120952;955,63;51;417049;480,01
2012;2;Provincia;9;Cataluña;43;Tarragona;457;134073;1249,30;80;582274;691,22
2012;2;Comunidad;10;Comunitat Valenciana;98;COMUNITAT VALENCIANA;3725;159339;1116,62;650;455622;608,03
2012;2;Provincia;10;Comunitat Valenciana;3;Alicante / Alacant;1273;157909;1081,71;153;297102;508,14
2012;2;Provincia;10;Comunitat Valenciana;12;Castellón / Castelló;565;102695;884,45;115;233180;736,42
2012;2;Provincia;10;Comunitat Valenciana;46;Valencia / València;1887;180958;1227,05;382;625203;609,54
2012;2;Comunidad;11;Extremadura;98;EXTREMADURA;478;106198;901,05;267;103791;234,30
2012;2;Provincia;11;Extremadura;6;Badajoz;299;93484;812,89;146;113536;265,56
2012;2;Provincia;11;Extremadura;10;Cáceres;179;126756;1043,61;121;91260;194,10
2012;2;Comunidad;12;Galicia;98;GALICIA;1646;146605;1158,07;150;400487;447,45
2012;2;Provincia;12;Galicia;15;A Coruña;682;145091;1169,34;74;334214;471,31
2012;2;Provincia;12;Galicia;27;Lugo;216;117008;960,08;16;246450;302,46
2012;2;Provincia;12;Galicia;32;Ourense;222;119718;887,77;25;191055;371,81
2012;2;Provincia;12;Galicia;36;Pontevedra;526;167718;1299,37;35;754870;518,59
2012;2;Comunidad;13;Comunidad de Madrid;98;COMUNIDAD DE MADRID;3960;286088;2341,76;610;464101;957,99
2012;2;Provincia;13;Comunidad de Madrid;28;Madrid;3960;286088;2341,76;610;464101;957,99
2012;2;Comunidad;14;Región de Murcia;98;REGIÓN DE MURCIA;874;132174;1034,21;199;247927;353,11
2012;2;Provincia;14;Región de Murcia;30;Murcia;874;132174;1034,21;199;247927;353,11
2012;2;Comunidad;15;C. Foral de Navarra;98;C. FORAL DE NAVARRA;543;132393;1298,81;142;229121;632,97
2012;2;Provincia;15;C. Foral de Navarra;31;Navarra;543;132393;1298,81;142;229121;632,97
2012;2;Comunidad;16;País Vasco;98;PAÍS VASCO;2106;183060;1995,09;311;547322;817,78
2012;2;Provincia;16;País Vasco;1;Araba / Álava;228;169621;1614,36;51;324839;615,03
2012;2;Provincia;16;País Vasco;20;Gipuzkoa;748;163668;1946,22;157;647704;781,03
2012;2;Provincia;16;País Vasco;48;Bizkaia;1130;199675;2103,90;103;497944;951,18
2012;2;Comunidad;17;La Rioja;98;LA RIOJA;654;104359;1223,01;82;201095;414,65
2012;2;Provincia;17;La Rioja;26;La Rioja;654;104359;1223,01;82;201095;414,65
2012;2;Comunidad;18;Ceuta;98;CEUTA;23;157811;2864,72;7;180500;1308,25
2012;2;Provincia;18;Ceuta;51;Ceuta;23;157811;2864,72;7;180500;1308,25
2012;2;Comunidad;19;Melilla;98;MELILLA;32;111422;1093,65;18;235688;738,74
2012;2;Provincia;19;Melilla;52;Melilla;32;111422;1093,65;18;235688;738,74
2012;3;Nacional;99;ESPAÑA;99;ESPAÑA;29147;167075;1442,81;5835;389206;591,89
2012;3;Comunidad;1;Andalucía;98;ANDALUCÍA;4659;134710;1232,60;966;254921;552,86
2012;3;Provincia;1;Andalucía;4;Almería;459;151045;916,25;67;410714;422,71
2012;3;Provincia;1;Andalucía;11;Cádiz;602;115678;1215,90;141;263369;460,13
2012;3;Provincia;1;Andalucía;14;Córdoba;381;143942;1271,10;67;373623;833,48
2012;3;Provincia;1;Andalucía;18;Granada;761;115841;1117,95;90;260425;384,35
2012;3;Provincia;1;Andalucía;21;Huelva;231;159657;1331,80;52;164372;394,05
2012;3;Provincia;1;Andalucía;23;Jaén;353;78841;831,68;74;153864;338,24
2012;3;Provincia;1;Andalucía;29;Málaga;1051;155647;1552,74;109;296872;629,43
2012;3;Provincia;1;Andalucía;41;Sevilla;821;145523;1302,30;366;220438;650,54
2012;3;Comunidad;2;Aragón;98;ARAGÓN;811;163538;1250,00;318;269377;455,43
2012;3;Provincia;2;Aragón;22;Huesca;192;90982;1112,87;50;226128;358,56
2012;3;Provincia;2;Aragón;44;Teruel;108;101014;861,94;32;189211;487,91
2012;3;Provincia;2;Aragón;50;Zaragoza;511;209908;1395,35;236;293647;470,59
2012;3;Comunidad;3;Principado de Asturias;98;PRINCIPADO DE ASTURIAS;587;154298;1324,47;107;475526;609,96
2012;3;Provincia;3;Principado de Asturias;33;Asturias;587;154298;1324,47;107;475526;609,96
2012;3;Comunidad;4;Illes Balears;98;ILLES BALEARS;678;268196;1588,93;50;577817;732,89
2012;3;Provincia;4;Illes Balears;7;Illes Balears;678;268196;1588,93;50;577817;732,89
2012;3;Comunidad;5;Canarias;98;CANARIAS;1349;167640;1503,48;137;564457;754,06
2012;3;Provincia;5;Canarias;35;Las Palmas;674;178998;1555,93;87;640797;652,86
2012;3;Provincia;5;Canarias;38;Santa Cruz de Tenerife;675;155912;1449,32;50;438496;921,03
2012;3;Comunidad;6;Cantabria;98;CANTABRIA;378;100234;1488,54;69;641478;571,50
2012;3;Provincia;6;Cantabria;39;Cantabria;378;100234;1488,54;69;641478;571,50
2012;3;Comunidad;7;Castilla y León;98;CASTILLA Y LEÓN;1485;120385;1184,39;345;380455;434,28
2012;3;Provincia;7;Castilla y León;5;Ávila;102;89856;979,09;60;503897;356,30
2012;3;Provincia;7;Castilla y León;9;Burgos;277;128837;1393,45;90;469565;507,93
2012;3;Provincia;7;Castilla y León;24;León;239;118020;867,72;42;506506;418,65
2012;3;Provincia;7;Castilla y León;34;Palencia;126;116758;969,17;26;217694;382,37
2012;3;Provincia;7;Castilla y León;37;Salamanca;235;142586;1361,63;24;176840;431,11
2012;3;Provincia;7;Castilla y León;40;Segovia;45;103775;973,59;17;278881;400,57
2012;3;Provincia;7;Castilla y León;42;Soria;67;75045;943,52;22;154138;359,41
2012;3;Provincia;7;Castilla y León;47;Valladolid;295;123848;1373,23;49;381264;414,98
2012;3;Provincia;7;Castilla y León;49;Zamora;99;108696;1112,34;15;415052;436,48
2012;3;Comunidad;8;Castilla-La Mancha;98;CASTILLA-LA MANCHA;961;98204;961,01;615;334445;368,67
2012;3;Provincia;8;Castilla-La Mancha;2;Albacete;218;109234;1001,23;160;114135;300,51
2012;3;Provincia;8;Castilla-La Mancha;13;Ciudad Real;209;107011;919,63;72;150974;295,55
2012;3;Provincia;8;Castilla-La Mancha;16;Cuenca;72;113568;1066,81;36;112769;411,28
2012;3;Provincia;8;Castilla-La Mancha;19;Guadalajara;95;148098;1294,99;130;290395;442,41
2012;3;Provincia;8;Castilla-La Mancha;45;Toledo;367;73068;865,32;217;529273;392,37
2012;3;Comunidad;9;Cataluña;98;CATALUÑA;4179;194997;1545,75;822;692095;667,26
2012;3;Provincia;9;Cataluña;8;Barcelona;2994;221210;1674,01;563;922527;768,65
2012;3;Provincia;9;Cataluña;17;Girona;418;139002;1424,99;94;289465;521,15
2012;3;Provincia;9;Cataluña;25;Lleida;311;100709;852,75;73;325915;472,46
2012;3;Provincia;9;Cataluña;43;Tarragona;456;157173;1354,92;92;583845;627,55
2012;3;Comunidad;10;Comunitat Valenciana;98;COMUNITAT VALENCIANA;3894;140396;1079,68;647;438726;597,91
2012;3;Provincia;10;Comunitat Valenciana;3;Alicante / Alacant;1295;125083;1042,40;159;371815;523,22
2012;3;Provincia;10;Comunitat Valenciana;12;Castellón / Castelló;537;96298;898,87;110;218595;778,13
2012;3;Provincia;10;Comunitat Valenciana;46;Valencia / València;2062;167899;1172,83;378;553529;576,61
2012;3;Comunidad;11;Extremadura;98;EXTREMADURA;514;107636;918,91;242;111358;246,96
2012;3;Provincia;11;Extremadura;6;Badajoz;329;96844;854,90;159;113802;248,11
2012;3;Provincia;11;Extremadura;10;Cáceres;185;125387;1024,19;83;105515;244,20
2012;3;Comunidad;12;Galicia;98;GALICIA;1661;136504;1133,26;175;483484;494,83
2012;3;Provincia;12;Galicia;15;A Coruña;697;138698;1166,22;91;375338;487,35
2012;3;Provincia;12;Galicia;27;Lugo;219;127070;958,14;12;161283;293,69
2012;3;Provincia;12;Galicia;32;Ourense;222;111436;899,18;26;185010;399,39
2012;3;Provincia;12;Galicia;36;Pontevedra;523;145195;1229,94;46;879819;590,85
2012;3;Comunidad;13;Comunidad de Madrid;98;COMUNIDAD DE MADRID;3875;282053;2406,70;576;428317;975,58
2012;3;Provincia;13;Comunidad de Madrid;28;Madrid;3875;282053;2406,70;576;428317;975,58
2012;3;Comunidad;14;Región de Murcia;98;REGIÓN DE MURCIA;835;124207;1040,92;213;155830;334,46
2012;3;Provincia;14;Región de Murcia;30;Murcia;835;124207;1040,92;213;155830;334,46
2012;3;Comunidad;15;C. Foral de Navarra;98;C. FORAL DE NAVARRA;570;119407;1224,64;133;218931;630,90
2012;3;Provincia;15;C. Foral de Navarra;31;Navarra;570;119407;1224,64;133;218931;630,90
2012;3;Comunidad;16;País Vasco;98;PAÍS VASCO;1996;171754;1819,48;327;495446;757,47
2012;3;Provincia;16;País Vasco;1;Araba / Álava;202;151863;1389,82;61;259081;533,05
2012;3;Provincia;16;País Vasco;20;Gipuzkoa;702;159315;1690,22;145;691786;731,63
2012;3;Provincia;16;País Vasco;48;Bizkaia;1092;183861;1983,74;121;423559;918,24
2012;3;Comunidad;17;La Rioja;98;LA RIOJA;667;104999;1189,32;70;203343;403,33
2012;3;Provincia;17;La Rioja;26;La Rioja;667;104999;1189,32;70;203343;403,33
2012;3;Comunidad;18;Ceuta;98;CEUTA;25;137633;2604,33;5;152167;1266,38
2012;3;Provincia;18;Ceuta;51;Ceuta;25;137633;2604,33;5;152167;1266,38
2012;3;Comunidad;19;Melilla;98;MELILLA;23;116323;1038,72;18;244372;723,21
2012;3;Provincia;19;Melilla;52;Melilla;23;116323;1038,72;18;244372;723,21
2012;4;Nacional;99;ESPAÑA;99;ESPAÑA;28390;161175;1389,40;5762;390533;568,44
2012;4;Comunidad;1;Andalucía;98;ANDALUCÍA;4518;127904;1195,78;966;253661;544,29
2012;4;Provincia;1;Andalucía;4;Almería;459;144706;886,09;72;367484;436,48
2012;4;Provincia;1;Andalucía;11;Cádiz;572;123841;1191,08;163;258979;465,08
2012;4;Provincia;1;Andalucía;14;Córdoba;404;134561;1209,94;73;433790;842,20
2012;4;Provincia;1;Andalucía;18;Granada;727;118684;1135,91;80;269592;372,43
2012;4;Provincia;1;Andalucía;21;Huelva;234;133973;1208,18;60;158268;378,74
2012;4;Provincia;1;Andalucía;23;Jaén;344;79691;800,07;86;151746;320,91
2012;4;Provincia;1;Andalucía;29;Málaga;1002;145700;1511,48;112;269627;596,57
2012;4;Provincia;1;Andalucía;41;Sevilla;776;124047;1242,20;320;226266;664,38
2012;4;Comunidad;2;Aragón;98;ARAGÓN;815;159990;1269,18;259;227241;399,37
2012;4;Provincia;2;Aragón;22;Huesca;181;85836;1149,28;72;199360;313,00
2012;4;Provincia;2;Aragón;44;Teruel;86;95193;940,03;33;238363;414,52
2012;4;Provincia;2;Aragón;50;Zaragoza;548;198222;1364,19;154;244062;456,75
2012;4;Comunidad;3;Principado de Asturias;98;PRINCIPADO DE ASTURIAS;586;146132;1282,01;94;479654;498,56
2012;4;Provincia;3;Principado de Asturias;33;Asturias;586;146132;1282,01;94;479654;498,56
2012;4;Comunidad;4;Illes Balears;98;ILLES BALEARS;711;258330;1541,89;50;840159;737,46
2012;4;Provincia;4;Illes Balears;7;Illes Balears;711;258330;1541,89;50;840159;737,46
2012;4;Comunidad;5;Canarias;98;CANARIAS;1256;159282;1427,59;159;600828;769,52
2012;4;Provincia;5;Canarias;35;Las Palmas;630;165153;1461,26;79;686468;672,20
2012;4;Provincia;5;Canarias;38;Santa Cruz de Tenerife;626;152571;1389,09;80;479678;907,20
2012;4;Comunidad;6;Cantabria;98;CANTABRIA;382;92516;1387,09;74;618414;578,17
2012;4;Provincia;6;Cantabria;39;Cantabria;382;92516;1387,09;74;618414;578,17
2012;4;Comunidad;7;Castilla y León;98;CASTILLA Y LEÓN;1431;111269;1141,77;353;314300;416,84
2012;4;Provincia;7;Castilla y León;5;Ávila;108;90528;960,91;59;450243;371,63
2012;4;Provincia;7;Castilla y León;9;Burgos;228;114272;1326,76;78;360876;512,48
2012;4;Provincia;7;Castilla y León;24;León;257;100804;813,50;44;446506;404,88
2012;4;Provincia;7;Castilla y León;34;Palencia;114;111888;1029,57;32;166203;362,05
2012;4;Provincia;7;Castilla y León;37;Salamanca;219;126702;1368,56;26;174459;388,60
2012;4;Provincia;7;Castilla y León;40;Segovia;46;100938;937,24;16;248881;342,49
2012;4;Provincia;7;Castilla y León;42;Soria;59;74826;887,79;28;147817;305,30
2012;4;Provincia;7;Castilla y León;47;Valladolid;305;122627;1316,29;54;387430;414,45
2012;4;Provincia;7;Castilla y León;49;Zamora;95;106938;1048,02;16;164420;429,82
2012;4;Comunidad;8;Castilla-La Mancha;98;CASTILLA-LA MANCHA;991;100521;959,56;599;214960;349,79
2012;4;Provincia;8;Castilla-La Mancha;2;Albacete;201;123222;1051,04;152;98649;297,06
2012;4;Provincia;8;Castilla-La Mancha;13;Ciudad Real;218;110666;909,97;52;153003;265,35
2012;4;Provincia;8;Castilla-La Mancha;16;Cuenca;71;137634;1073,20;36;107451;382,93
2012;4;Provincia;8;Castilla-La Mancha;19;Guadalajara;101;126743;1204,58;128;311374;434,15
2012;4;Provincia;8;Castilla-La Mancha;45;Toledo;400;72150;864,66;231;254493;363,45
2012;4;Comunidad;9;Cataluña;98;CATALUÑA;4126;195363;1493,93;784;690452;653,98
2012;4;Provincia;9;Cataluña;8;Barcelona;2928;223341;1630,72;531;949145;776,12
2012;4;Provincia;9;Cataluña;17;Girona;423;134646;1336,06;92;240997;545,09
2012;4;Provincia;9;Cataluña;25;Lleida;317;112693;881,67;69;290312;411,62
2012;4;Provincia;9;Cataluña;43;Tarragona;458;151597;1278,16;92;524524;545,95
2012;4;Comunidad;10;Comunitat Valenciana;98;COMUNITAT VALENCIANA;3721;138088;1061,84;674;462433;535,47
2012;4;Provincia;10;Comunitat Valenciana;3;Alicante / Alacant;1240;124279;1004,27;174;383393;488,12
2012;4;Provincia;10;Comunitat Valenciana;12;Castellón / Castelló;516;87197;869,75;110;330896;473,53
2012;4;Provincia;10;Comunitat Valenciana;46;Valencia / València;1965;164146;1164,12;390;544157;579,45
2012;4;Comunidad;11;Extremadura;98;EXTREMADURA;527;115645;924,87;223;112721;246,54
2012;4;Provincia;11;Extremadura;6;Badajoz;346;109601;846,89;143;111987;250,70
2012;4;Provincia;11;Extremadura;10;Cáceres;181;126474;1064,62;80;114315;237,52
2012;4;Comunidad;12;Galicia;98;GALICIA;1709;140016;1120,27;188;430180;463,46
2012;4;Provincia;12;Galicia;15;A Coruña;711;150172;1129,81;95;362822;463,54
2012;4;Provincia;12;Galicia;27;Lugo;217;116062;916,66;15;137540;288,09
2012;4;Provincia;12;Galicia;32;Ourense;227;85038;871,44;31;198538;385,14
2012;4;Provincia;12;Galicia;36;Pontevedra;554;152469;1252,21;47;753913;536,88
2012;4;Comunidad;13;Comunidad de Madrid;98;COMUNIDAD DE MADRID;3612;263071;2293,20;531;518123;953,50
2012;4;Provincia;13;Comunidad de Madrid;28;Madrid;3612;263071;2293,20;531;518123;953,50
2012;4;Comunidad;14;Región de Murcia;98;REGIÓN DE MURCIA;858;113348;963,59;240;170011;354,28
2012;4;Provincia;14;Región de Murcia;30;Murcia;858;113348;963,59;240;170011;354,28
2012;4;Comunidad;15;C. Foral de Navarra;98;C. FORAL DE NAVARRA;543;114603;1188,77;141;256728;615,08
2012;4;Provincia;15;C. Foral de Navarra;31;Navarra;543;114603;1188,77;141;256728;615,08
2012;4;Comunidad;16;País Vasco;98;PAÍS VASCO;1939;167413;1746,73;337;532951;751,44
2012;4;Provincia;16;País Vasco;1;Araba / Álava;198;132773;1269,82;64;272486;537,21
2012;4;Provincia;16;País Vasco;20;Gipuzkoa;691;164913;1710,00;148;620640;726,21
2012;4;Provincia;16;País Vasco;48;Bizkaia;1050;175673;1862,13;125;579614;905,00
2012;4;Comunidad;17;La Rioja;98;LA RIOJA;613;106061;1175,78;70;176189;367,46
2012;4;Provincia;17;La Rioja;26;La Rioja;613;106061;1175,78;70;176189;367,46
2012;4;Comunidad;18;Ceuta;98;CEUTA;29;141665;2302,55;5;152167;1266,38
2012;4;Provincia;18;Ceuta;51;Ceuta;29;141665;2302,55;5;152167;1266,38
2012;4;Comunidad;19;Melilla;98;MELILLA;23;104255;1044,07;15;264655;752,56
2012;4;Provincia;19;Melilla;52;Melilla;23;104255;1044,07;15;264655;752,56
2013;1;Nacional;99;ESPAÑA;99;ESPAÑA;28050;167541;1360,90;5462;401380;517,49
2013;1;Comunidad;1;Andalucía;98;ANDALUCÍA;4503;130853;1171,53;945;244042;456,44
2013;1;Provincia;1;Andalucía;4;Almería;448;134475;828,83;65;271816;417,05
2013;1;Provincia;1;Andalucía;11;Cádiz;688;112459;1171,12;160;280327;478,17
2013;1;Provincia;1;Andalucía;14;Córdoba;405;147465;1221,52;89;233032;353,29
2013;1;Provincia;1;Andalucía;18;Granada;693;119520;1099,80;76;226638;344,65
2013;1;Provincia;1;Andalucía;21;Huelva;205;141272;1158,62;64;112500;327,57
2013;1;Provincia;1;Andalucía;23;Jaén;325;95628;866,61;89;147462;305,97
2013;1;Provincia;1;Andalucía;29;Málaga;960;157795;1521,65;114;487300;784,97
2013;1;Provincia;1;Andalucía;41;Sevilla;779;128207;1144,82;288;199582;464,17
2013;1;Comunidad;2;Aragón;98;ARAGÓN;801;173173;1314,53;255;257524;388,85
2013;1;Provincia;2;Aragón;22;Huesca;175;102247;1117,83;73;308517;264,37
2013;1;Provincia;2;Aragón;44;Teruel;85;95293;903,07;30;172980;350,22
2013;1;Provincia;2;Aragón;50;Zaragoza;541;214365;1462,44;152;237328;483,08
2013;1;Comunidad;3;Principado de Asturias;98;PRINCIPADO DE ASTURIAS;581;134167;1166,06;91;519574;428,02
2013;1;Provincia;3;Principado de Asturias;33;Asturias;581;134167;1166,06;91;519574;428,02
2013;1;Comunidad;4;Illes Balears;98;ILLES BALEARS;734;221449;1426,92;51;763251;685,55
2013;1;Provincia;4;Illes Balears;7;Illes Balears;734;221449;1426,92;51;763251;685,55
2013;1;Comunidad;5;Canarias;98;CANARIAS;1211;124355;1336,42;143;807196;672,52
2013;1;Provincia;5;Canarias;35;Las Palmas;637;144220;1473,47;77;832964;682,53
2013;1;Provincia;5;Canarias;38;Santa Cruz de Tenerife;574;99735;1166,56;66;758420;653,59
2013;1;Comunidad;6;Cantabria;98;CANTABRIA;395;89825;1304,40;70;674074;553,59
2013;1;Provincia;6;Cantabria;39;Cantabria;395;89825;1304,40;70;674074;553,59
2013;1;Comunidad;7;Castilla y León;98;CASTILLA Y LEÓN;1456;115124;1089,21;321;339019;408,34
2013;1;Provincia;7;Castilla y León;5;Ávila;107;101009;932,89;45;496241;355,34
2013;1;Provincia;7;Castilla y León;9;Burgos;237;95748;1115,91;66;334568;520,38
2013;1;Provincia;7;Castilla y León;24;León;256;85523;788,82;41;396762;356,23
2013;1;Provincia;7;Castilla y León;34;Palencia;125;125564;1122,85;32;142726;360,82
2013;1;Provincia;7;Castilla y León;37;Salamanca;199;146124;1283,15;30;270237;404,27
2013;1;Provincia;7;Castilla y León;40;Segovia;54;84097;719,64;13;223602;363,30
2013;1;Provincia;7;Castilla y León;42;Soria;60;93620;991,06;24;136806;246,29
2013;1;Provincia;7;Castilla y León;47;Valladolid;331;139582;1303,92;59;354908;413,27
2013;1;Provincia;7;Castilla y León;49;Zamora;87;111286;946,06;11;788035;341,29
2013;1;Comunidad;8;Castilla-La Mancha;98;CASTILLA-LA MANCHA;1031;107380;932,65;573;173201;344,02
2013;1;Provincia;8;Castilla-La Mancha;2;Albacete;201;132907;1046,48;169;102524;291,58
2013;1;Provincia;8;Castilla-La Mancha;13;Ciudad Real;218;132275;890,74;63;132905;261,90
2013;1;Provincia;8;Castilla-La Mancha;16;Cuenca;70;155775;1089,36;38;122991;370,14
2013;1;Provincia;8;Castilla-La Mancha;19;Guadalajara;125;139378;1210,33;73;202060;449,33
2013;1;Provincia;8;Castilla-La Mancha;45;Toledo;417;69489;820,46;230;220231;356,49
2013;1;Comunidad;9;Cataluña;98;CATALUÑA;4362;243671;1538,09;720;727218;610,23
2013;1;Provincia;9;Cataluña;8;Barcelona;3104;284568;1680,54;481;993575;743,20
2013;1;Provincia;9;Cataluña;17;Girona;428;150904;1271,67;82;254603;545,48
2013;1;Provincia;9;Cataluña;25;Lleida;350;137650;961,71;67;291086;412,55
2013;1;Provincia;9;Cataluña;43;Tarragona;480;152679;1284,66;90;647164;425,11
2013;1;Comunidad;10;Comunitat Valenciana;98;COMUNITAT VALENCIANA;3527;143063;1026,18;616;393888;442,67
2013;1;Provincia;10;Comunitat Valenciana;3;Alicante / Alacant;1218;118643;995,73;183;398231;472,45
2013;1;Provincia;10;Comunitat Valenciana;12;Castellón / Castelló;537;78915;845,79;90;349204;408,84
2013;1;Provincia;10;Comunitat Valenciana;46;Valencia / València;1772;186000;1116,52;343;401881;433,75
2013;1;Comunidad;11;Extremadura;98;EXTREMADURA;545;108182;862,82;195;363721;239,60
2013;1;Provincia;11;Extremadura;6;Badajoz;352;115264;833,73;132;452300;244,65
2013;1;Provincia;11;Extremadura;10;Cáceres;193;94742;918,05;63;128435;226,19
2013;1;Comunidad;12;Galicia;98;GALICIA;1664;136780;1110,45;196;430377;446,66
2013;1;Provincia;12;Galicia;15;A Coruña;662;143780;1059,49;95;314045;448,04
2013;1;Provincia;12;Galicia;27;Lugo;250;116518;1015,85;22;137540;288,09
2013;1;Provincia;12;Galicia;32;Ourense;213;102465;904,84;27;174082;427,85
2013;1;Provincia;12;Galicia;36;Pontevedra;539;146767;1272,29;52;822269;478,00
2013;1;Comunidad;13;Comunidad de Madrid;98;COMUNIDAD DE MADRID;3619;250206;2177,53;519;627138;864,11
2013;1;Provincia;13;Comunidad de Madrid;28;Madrid;3619;250206;2177,53;519;627138;864,11
2013;1;Comunidad;14;Región de Murcia;98;REGIÓN DE MURCIA;813;110169;929,89;241;188128;349,00
2013;1;Provincia;14;Región de Murcia;30;Murcia;813;110169;929,89;241;188128;349,00
2013;1;Comunidad;15;C. Foral de Navarra;98;C. FORAL DE NAVARRA;476;99518;1141,59;125;294476;512,19
2013;1;Provincia;15;C. Foral de Navarra;31;Navarra;476;99518;1141,59;125;294476;512,19
2013;1;Comunidad;16;País Vasco;98;PAÍS VASCO;1770;178107;1721,05;315;371730;770,49
2013;1;Provincia;16;País Vasco;1;Araba / Álava;188;127501;1160,25;59;170862;546,45
2013;1;Provincia;16;País Vasco;20;Gipuzkoa;671;159701;1637,86;132;329083;678,89
2013;1;Provincia;16;País Vasco;48;Bizkaia;911;202844;1901,55;124;518193;978,50
2013;1;Comunidad;17;La Rioja;98;LA RIOJA;518;124486;1189,42;66;165180;361,55
2013;1;Provincia;17;La Rioja;26;La Rioja;518;124486;1189,42;66;165180;361,55
2013;1;Comunidad;18;Ceuta;98;CEUTA;25;128536;1628,25;5;152167;1266,38
2013;1;Provincia;18;Ceuta;51;Ceuta;25;128536;1628,25;5;152167;1266,38
2013;1;Comunidad;19;Melilla;98;MELILLA;19;109251;1245,24;15;236655;799,66
2013;1;Provincia;19;Melilla;52;Melilla;19;109251;1245,24;15;236655;799,66
2013;2;Nacional;99;ESPAÑA;99;ESPAÑA;28683;161450;1317,70;5756;389995;508,00
2013;2;Comunidad;1;Andalucía;98;ANDALUCÍA;4818;121888;1125,94;976;216517;435,53
2013;2;Provincia;1;Andalucía;4;Almería;476;124699;835,49;60;240538;383,40
2013;2;Provincia;1;Andalucía;11;Cádiz;677;109578;1177,62;168;254751;489,46
2013;2;Provincia;1;Andalucía;14;Córdoba;438;132868;1100,72;89;169931;298,58
2013;2;Provincia;1;Andalucía;18;Granada;667;112496;1059,32;78;223618;347,82
2013;2;Provincia;1;Andalucía;21;Huelva;282;116230;947,23;81;133441;335,19
2013;2;Provincia;1;Andalucía;23;Jaén;328;94893;828,28;90;135243;304,28
2013;2;Provincia;1;Andalucía;29;Málaga;988;159823;1498,33;99;456391;738,45
2013;2;Provincia;1;Andalucía;41;Sevilla;962;104925;1081,88;311;176917;435,77
2013;2;Comunidad;2;Aragón;98;ARAGÓN;821;168845;1309,09;304;343409;394,39
2013;2;Provincia;2;Aragón;22;Huesca;155;93605;1158,78;74;314669;268,05
2013;2;Provincia;2;Aragón;44;Teruel;81;109951;945,61;33;184558;320,10
2013;2;Provincia;2;Aragón;50;Zaragoza;585;201109;1412,29;197;374509;458,85
2013;2;Comunidad;3;Principado de Asturias;98;PRINCIPADO DE ASTURIAS;595;146883;1207,59;77;540445;445,66
2013;2;Provincia;3;Principado de Asturias;33;Asturias;595;146883;1207,59;77;540445;445,66
2013;2;Comunidad;4;Illes Balears;98;ILLES BALEARS;737;207614;1407,31;47;743689;713,24
2013;2;Provincia;4;Illes Balears;7;Illes Balears;737;207614;1407,31;47;743689;713,24
2013;2;Comunidad;5;Canarias;98;CANARIAS;1245;130233;1343,09;152;834290;659,12
2013;2;Provincia;5;Canarias;35;Las Palmas;666;147543;1484,62;77;863278;685,65
2013;2;Provincia;5;Canarias;38;Santa Cruz de Tenerife;579;108255;1163,40;75;792126;620,54
2013;2;Comunidad;6;Cantabria;98;CANTABRIA;419;97823;1332,07;53;481852;704,15
2013;2;Provincia;6;Cantabria;39;Cantabria;419;97823;1332,07;53;481852;704,15
2013;2;Comunidad;7;Castilla y León;98;CASTILLA Y LEÓN;1552;117112;1055,29;368;281508;402,48
2013;2;Provincia;7;Castilla y León;5;Ávila;111;86180;775,44;52;435625;316,04
2013;2;Provincia;7;Castilla y León;9;Burgos;295;114905;1025,49;71;176957;492,22
2013;2;Provincia;7;Castilla y León;24;León;250;86001;831,80;46;124069;198,77
2013;2;Provincia;7;Castilla y León;34;Palencia;130;133933;1051,73;31;172500;285,40
2013;2;Provincia;7;Castilla y León;37;Salamanca;200;133001;1256,61;34;313006;455,85
2013;2;Provincia;7;Castilla y León;40;Segovia;56;113017;743,38;17;244381;400,75
2013;2;Provincia;7;Castilla y León;42;Soria;59;97852;1021,22;30;169967;261,09
2013;2;Provincia;7;Castilla y León;47;Valladolid;373;137591;1260,48;74;285501;430,09
2013;2;Provincia;7;Castilla y León;49;Zamora;78;100929;904,66;13;788035;341,29
2013;2;Comunidad;8;Castilla-La Mancha;98;CASTILLA-LA MANCHA;1036;110039;866,45;639;179230;349,48
2013;2;Provincia;8;Castilla-La Mancha;2;Albacete;200;114328;900,83;186;102854;295,40
2013;2;Provincia;8;Castilla-La Mancha;13;Ciudad Real;198;125792;821,26;67;129204;251,85
2013;2;Provincia;8;Castilla-La Mancha;16;Cuenca;71;162234;1041,88;40;135364;410,93
2013;2;Provincia;8;Castilla-La Mancha;19;Guadalajara;173;154324;1040,21;97;173483;445,18
2013;2;Provincia;8;Castilla-La Mancha;45;Toledo;394;74288;773,65;249;245552;336,66
2013;2;Comunidad;9;Cataluña;98;CATALUÑA;4470;218307;1482,87;763;641609;592,00
2013;2;Provincia;9;Cataluña;8;Barcelona;3176;250919;1621,17;501;889069;728,46
2013;2;Provincia;9;Cataluña;17;Girona;432;147633;1259,77;89;287657;549,21
2013;2;Provincia;9;Cataluña;25;Lleida;359;140849;984,46;87;230576;386,90
2013;2;Provincia;9;Cataluña;43;Tarragona;503;142140;1188,58;86;667029;412,29
2013;2;Comunidad;10;Comunitat Valenciana;98;COMUNITAT VALENCIANA;3522;145722;1019,75;650;373906;424,51
2013;2;Provincia;10;Comunitat Valenciana;3;Alicante / Alacant;1312;116652;973,68;187;339137;447,40
2013;2;Provincia;10;Comunitat Valenciana;12;Castellón / Castelló;499;77764;853,69;105;311406;373,33
2013;2;Provincia;10;Comunitat Valenciana;46;Valencia / València;1711;191449;1111,19;358;410705;430,65
2013;2;Comunidad;11;Extremadura;98;EXTREMADURA;494;103208;823,43;171;418116;274,32
2013;2;Provincia;11;Extremadura;6;Badajoz;307;110956;798,05;111;518085;249,97
2013;2;Provincia;11;Extremadura;10;Cáceres;187;90189;866,08;60;141278;341,74
2013;2;Comunidad;12;Galicia;98;GALICIA;1738;153833;1087,25;204;442016;408,16
2013;2;Provincia;12;Galicia;15;A Coruña;683;137950;1044,37;107;296535;410,80
2013;2;Provincia;12;Galicia;27;Lugo;241;104744;962,96;21;212781;310,18
2013;2;Provincia;12;Galicia;32;Ourense;239;100037;823,73;20;304143;230,21
2013;2;Provincia;12;Galicia;36;Pontevedra;575;207727;1272,25;56;792609;450,98
2013;2;Comunidad;13;Comunidad de Madrid;98;COMUNIDAD DE MADRID;3546;236834;2051,02;591;557356;805,31
2013;2;Provincia;13;Comunidad de Madrid;28;Madrid;3546;236834;2051,02;591;557356;805,31
2013;2;Comunidad;14;Región de Murcia;98;REGIÓN DE MURCIA;866;119733;888,11;254;196828;348,14
2013;2;Provincia;14;Región de Murcia;30;Murcia;866;119733;888,11;254;196828;348,14
2013;2;Comunidad;15;C. Foral de Navarra;98;C. FORAL DE NAVARRA;451;88142;1057,97;129;358168;486,22
2013;2;Provincia;15;C. Foral de Navarra;31;Navarra;451;88142;1057,97;129;358168;486,22
2013;2;Comunidad;16;País Vasco;98;PAÍS VASCO;1801;181798;1760,63;304;513208;772,68
2013;2;Provincia;16;País Vasco;1;Araba / Álava;189;126242;1218,25;62;171159;557,95
2013;2;Provincia;16;País Vasco;20;Gipuzkoa;653;166868;1618,37;120;346607;628,97
2013;2;Provincia;16;País Vasco;48;Bizkaia;959;204495;1979,57;122;861070;1027,35
2013;2;Comunidad;17;La Rioja;98;LA RIOJA;524;118831;1175,58;62;107642;307,74
2013;2;Provincia;17;La Rioja;26;La Rioja;524;118831;1175,58;62;107642;307,74
2013;2;Comunidad;18;Ceuta;98;CEUTA;24;167694;1624,45;3;160000;429,04
2013;2;Provincia;18;Ceuta;51;Ceuta;24;167694;1624,45;3;160000;429,04
2013;2;Comunidad;19;Melilla;98;MELILLA;24;127390;1269,04;9;190040;885,33
2013;2;Provincia;19;Melilla;52;Melilla;24;127390;1269,04;9;190040;885,33
2013;3;Nacional;99;ESPAÑA;99;ESPAÑA;28369;161915;1293,97;5778;388119;492,47
2013;3;Comunidad;1;Andalucía;98;ANDALUCÍA;4756;117804;1105,45;1088;202304;415,93
2013;3;Provincia;1;Andalucía;4;Almería;445;106338;880,31;112;165533;345,94
2013;3;Provincia;1;Andalucía;11;Cádiz;614;107045;1151,98;160;261003;459,54
2013;3;Provincia;1;Andalucía;14;Córdoba;446;109232;1117,46;104;182095;341,45
2013;3;Provincia;1;Andalucía;18;Granada;664;119899;969,83;102;251541;358,96
2013;3;Provincia;1;Andalucía;21;Huelva;255;107526;908,60;81;134232;335,77
2013;3;Provincia;1;Andalucía;23;Jaén;312;92000;849,88;78;145219;282,19
2013;3;Provincia;1;Andalucía;29;Málaga;957;152126;1437,23;118;437788;688,64
2013;3;Provincia;1;Andalucía;41;Sevilla;1063;113386;1084,47;333;148433;430,50
2013;3;Comunidad;2;Aragón;98;ARAGÓN;794;167666;1322,22;283;318526;395,17
2013;3;Provincia;2;Aragón;22;Huesca;152;99235;1087,40;56;309141;273,36
2013;3;Provincia;2;Aragón;44;Teruel;90;95510;898,08;30;200789;278,56
2013;3;Provincia;2;Aragón;50;Zaragoza;552;201857;1471,68;197;331133;449,16
2013;3;Comunidad;3;Principado de Asturias;98;PRINCIPADO DE ASTURIAS;591;137532;1144,69;79;343602;424,09
2013;3;Provincia;3;Principado de Asturias;33;Asturias;591;137532;1144,69;79;343602;424,09
2013;3;Comunidad;4;Illes Balears;98;ILLES BALEARS;705;160270;1425,98;40;748156;732,31
2013;3;Provincia;4;Illes Balears;7;Illes Balears;705;160270;1425,98;40;748156;732,31
2013;3;Comunidad;5;Canarias;98;CANARIAS;1253;129724;1313,14;145;658635;576,22
2013;3;Provincia;5;Canarias;35;Las Palmas;696;129996;1423,65;65;510694;548,22
2013;3;Provincia;5;Canarias;38;Santa Cruz de Tenerife;557;129349;1160,85;80;821370;607,01
2013;3;Comunidad;6;Cantabria;98;CANTABRIA;394;93085;1277,15;55;197876;625,62
2013;3;Provincia;6;Cantabria;39;Cantabria;394;93085;1277,15;55;197876;625,62
2013;3;Comunidad;7;Castilla y León;98;CASTILLA Y LEÓN;1528;119665;1039,12;379;261361;463,23
2013;3;Provincia;7;Castilla y León;5;Ávila;108;99810;851,20;56;406746;624,57
2013;3;Provincia;7;Castilla y León;9;Burgos;320;112247;1059,50;78;156235;596,77
2013;3;Provincia;7;Castilla y León;24;León;267;91529;866,31;47;139728;222,87
2013;3;Provincia;7;Castilla y León;34;Palencia;116;123452;1008,04;31;164500;288,91
2013;3;Provincia;7;Castilla y León;37;Salamanca;191;171220;1153,62;43;321163;490,24
2013;3;Provincia;7;Castilla y León;40;Segovia;51;102522;708,47;16;225833;408,39
2013;3;Provincia;7;Castilla y León;42;Soria;50;83587;901,43;29;317035;229,22
2013;3;Provincia;7;Castilla y León;47;Valladolid;355;127095;1203,94;68;217494;419,12
2013;3;Provincia;7;Castilla y León;49;Zamora;70;128559;1010,14;11;1090000;400,68
2013;3;Comunidad;8;Castilla-La Mancha;98;CASTILLA-LA MANCHA;1012;111168;863,27;571;277638;338,33
2013;3;Provincia;8;Castilla-La Mancha;2;Albacete;205;128218;1028,13;166;107922;296,32
2013;3;Provincia;8;Castilla-La Mancha;13;Ciudad Real;188;120004;813,66;78;135347;249,20
2013;3;Provincia;8;Castilla-La Mancha;16;Cuenca;69;146894;992,30;42;152298;326,46
2013;3;Provincia;8;Castilla-La Mancha;19;Guadalajara;178;148927;966,96;95;496032;439,27
2013;3;Provincia;8;Castilla-La Mancha;45;Toledo;372;73871;725,57;190;292254;321,73
2013;3;Comunidad;9;Cataluña;98;CATALUÑA;4640;223525;1441,91;793;718808;624,78
2013;3;Provincia;9;Cataluña;8;Barcelona;3316;261494;1594,90;560;866174;733,49
2013;3;Provincia;9;Cataluña;17;Girona;466;135651;1166,37;79;275478;577,27
2013;3;Provincia;9;Cataluña;25;Lleida;366;153659;1009,68;67;222227;338,18
2013;3;Provincia;9;Cataluña;43;Tarragona;492;122064;1051,82;87;875132;399,06
2013;3;Comunidad;10;Comunitat Valenciana;98;COMUNITAT VALENCIANA;3293;139710;1007,12;659;329930;420,90
2013;3;Provincia;10;Comunitat Valenciana;3;Alicante / Alacant;1305;114980;966,22;189;251260;431,04
2013;3;Provincia;10;Comunitat Valenciana;12;Castellón / Castelló;480;74307;844,55;133;251945;378,79
2013;3;Provincia;10;Comunitat Valenciana;46;Valencia / València;1508;179027;1088,30;337;407702;438,55
2013;3;Comunidad;11;Extremadura;98;EXTREMADURA;459;105796;789,93;169;422778;280,74
2013;3;Provincia;11;Extremadura;6;Badajoz;270;114036;731,90;101;560031;271,82
2013;3;Provincia;11;Extremadura;10;Cáceres;189;93379;877,38;68;144112;298,85
2013;3;Comunidad;12;Galicia;98;GALICIA;1630;154377;1045,96;189;427637;336,90
2013;3;Provincia;12;Galicia;15;A Coruña;620;131122;1002,97;88;308059;356,28
2013;3;Provincia;12;Galicia;27;Lugo;241;90966;931,18;29;334707;356,61
2013;3;Provincia;12;Galicia;32;Ourense;223;127110;825,98;22;467900;246,82
2013;3;Provincia;12;Galicia;36;Pontevedra;546;211945;1210,23;50;686794;326,27
2013;3;Comunidad;13;Comunidad de Madrid;98;COMUNIDAD DE MADRID;3441;250938;1948,59;587;562388;749,67
2013;3;Provincia;13;Comunidad de Madrid;28;Madrid;3441;250938;1948,59;587;562388;749,67
2013;3;Comunidad;14;Región de Murcia;98;REGIÓN DE MURCIA;964;142097;973,41;253;203540;332,05
2013;3;Provincia;14;Región de Murcia;30;Murcia;964;142097;973,41;253;203540;332,05
2013;3;Comunidad;15;C. Foral de Navarra;98;C. FORAL DE NAVARRA;448;89583;1033,81;126;362928;470,60
2013;3;Provincia;15;C. Foral de Navarra;31;Navarra;448;89583;1033,81;126;362928;470,60
2013;3;Comunidad;16;País Vasco;98;PAÍS VASCO;1807;163904;1732,22;284;607781;790,12
2013;3;Provincia;16;País Vasco;1;Araba / Álava;221;114817;1200,82;44;307654;648,30
2013;3;Provincia;16;País Vasco;20;Gipuzkoa;647;123385;1571,72;120;341604;626,29
2013;3;Provincia;16;País Vasco;48;Bizkaia;939;207338;1984,76;120;926298;974,57
2013;3;Comunidad;17;La Rioja;98;LA RIOJA;601;128274;1167,09;65;111921;332,45
2013;3;Provincia;17;La Rioja;26;La Rioja;601;128274;1167,09;65;111921;332,45
2013;3;Comunidad;18;Ceuta;98;CEUTA;27;159563;1614,47;2;300000;638,30
2013;3;Provincia;18;Ceuta;51;Ceuta;27;159563;1614,47;2;300000;638,30
2013;3;Comunidad;19;Melilla;98;MELILLA;26;118111;1190,19;11;296111;896,08
2013;3;Provincia;19;Melilla;52;Melilla;26;118111;1190,19;11;296111;896,08
2013;4;Nacional;99;ESPAÑA;99;ESPAÑA;28688;163761;1328,26;5954;380513;485,04
2013;4;Comunidad;1;Andalucía;98;ANDALUCÍA;4825;118579;1118,45;1165;209340;399,21
2013;4;Provincia;1;Andalucía;4;Almería;452;99914;839,82;122;285457;350,00
2013;4;Provincia;1;Andalucía;11;Cádiz;609;101545;1160,13;137;268930;438,53
2013;4;Provincia;1;Andalucía;14;Córdoba;420;105629;1129,23;124;149979;342,15
2013;4;Provincia;1;Andalucía;18;Granada;657;119923;942,65;107;255143;374,38
2013;4;Provincia;1;Andalucía;21;Huelva;255;119359;990,62;67;142310;334,00
2013;4;Provincia;1;Andalucía;23;Jaén;308;89369;837,46;63;138827;288,46
2013;4;Provincia;1;Andalucía;29;Málaga;1020;159036;1486,70;129;514587;718,33
2013;4;Provincia;1;Andalucía;41;Sevilla;1104;113846;1088,67;416;125808;381,62
2013;4;Comunidad;2;Aragón;98;ARAGÓN;806;173926;1353,22;262;380940;419,84
2013;4;Provincia;2;Aragón;22;Huesca;170;103368;1035,65;37;496804;273,66
2013;4;Provincia;2;Aragón;44;Teruel;101;93299;841,88;25;139800;292,80
2013;4;Provincia;2;Aragón;50;Zaragoza;535;212589;1555,12;200;378006;454,99
2013;4;Comunidad;3;Principado de Asturias;98;PRINCIPADO DE ASTURIAS;598;135763;1119,59;70;331338;396,01
2013;4;Provincia;3;Principado de Asturias;33;Asturias;598;135763;1119,59;70;331338;396,01
2013;4;Comunidad;4;Illes Balears;98;ILLES BALEARS;708;150244;1485,15;47;381939;810,85
2013;4;Provincia;4;Illes Balears;7;Illes Balears;708;150244;1485,15;47;381939;810,85
2013;4;Comunidad;5;Canarias;98;CANARIAS;1292;135874;1343,73;128;705746;585,01
2013;4;Provincia;5;Canarias;35;Las Palmas;712;135452;1492,79;71;505491;588,11
2013;4;Provincia;5;Canarias;38;Santa Cruz de Tenerife;580;136391;1160,99;57;919654;581,70
2013;4;Comunidad;6;Cantabria;98;CANTABRIA;407;93213;1372,92;62;276612;576,97
2013;4;Provincia;6;Cantabria;39;Cantabria;407;93213;1372,92;62;276612;576,97
2013;4;Comunidad;7;Castilla y León;98;CASTILLA Y LEÓN;1622;120813;1054,54;391;225328;476,71
2013;4;Provincia;7;Castilla y León;5;Ávila;128;76233;744,26;62;138515;669,37
2013;4;Provincia;7;Castilla y León;9;Burgos;346;117694;1074,63;77;158028;624,53
2013;4;Provincia;7;Castilla y León;24;León;275;90035;855,21;50;148444;224,29
2013;4;Provincia;7;Castilla y León;34;Palencia;122;119585;1024,87;32;169332;284,39
2013;4;Provincia;7;Castilla y León;37;Salamanca;194;177358;1249,55;46;297332;463,00
2013;4;Provincia;7;Castilla y León;40;Segovia;64;113853;805,91;16;263750;473,70
2013;4;Provincia;7;Castilla y León;42;Soria;60;68942;820,18;32;475190;269,02
2013;4;Provincia;7;Castilla y León;47;Valladolid;353;135513;1239,76;67;143101;419,34
2013;4;Provincia;7;Castilla y León;49;Zamora;80;137516;1156,83;9;2100000;522,26
2013;4;Comunidad;8;Castilla-La Mancha;98;CASTILLA-LA MANCHA;985;108175;826,09;587;257566;338,31
2013;4;Provincia;8;Castilla-La Mancha;2;Albacete;215;118347;948,92;185;103546;291,15
2013;4;Provincia;8;Castilla-La Mancha;13;Ciudad Real;180;122231;798,82;83;129779;255,13
2013;4;Provincia;8;Castilla-La Mancha;16;Cuenca;74;132474;1024,43;53;138696;300,17
2013;4;Provincia;8;Castilla-La Mancha;19;Guadalajara;167;153115;914,53;98;483750;432,39
2013;4;Provincia;8;Castilla-La Mancha;45;Toledo;349;70157;681,74;168;266100;341,41
2013;4;Comunidad;9;Cataluña;98;CATALUÑA;4641;228433;1459,93;864;732853;617,43
2013;4;Provincia;9;Cataluña;8;Barcelona;3350;266238;1603,56;640;844850;714,78
2013;4;Provincia;9;Cataluña;17;Girona;488;136536;1221,83;79;305886;503,17
2013;4;Provincia;9;Cataluña;25;Lleida;343;147555;971,66;70;236664;324,55
2013;4;Provincia;9;Cataluña;43;Tarragona;460;125631;1061,97;75;929805;407,10
2013;4;Comunidad;10;Comunitat Valenciana;98;COMUNITAT VALENCIANA;3307;136710;987,67;671;300685;412,66
2013;4;Provincia;10;Comunitat Valenciana;3;Alicante / Alacant;1350;107826;948,03;192;296793;429,27
2013;4;Provincia;10;Comunitat Valenciana;12;Castellón / Castelló;451;71674;830,61;133;185559;358,21
2013;4;Provincia;10;Comunitat Valenciana;46;Valencia / València;1506;179605;1066,61;346;363653;433,52
2013;4;Comunidad;11;Extremadura;98;EXTREMADURA;450;92679;755,04;194;385853;280,32
2013;4;Provincia;11;Extremadura;6;Badajoz;264;94482;729,55;122;492550;272,65
2013;4;Provincia;11;Extremadura;10;Cáceres;186;89910;794,19;72;125778;299,01
2013;4;Comunidad;12;Galicia;98;GALICIA;1532;142323;1008,68;197;507196;321,24
2013;4;Provincia;12;Galicia;15;A Coruña;594;106206;922,37;98;343912;319,71
2013;4;Provincia;12;Galicia;27;Lugo;231;99471;1087,98;29;373343;350,19
2013;4;Provincia;12;Galicia;32;Ourense;214;123588;811,25;19;509875;238,97
2013;4;Provincia;12;Galicia;36;Pontevedra;493;208673;1146,54;51;887419;338,37
2013;4;Comunidad;13;Comunidad de Madrid;98;COMUNIDAD DE MADRID;3523;269185;2178,47;606;488770;716,11
2013;4;Provincia;13;Comunidad de Madrid;28;Madrid;3523;269185;2178,47;606;488770;716,11
2013;4;Comunidad;14;Región de Murcia;98;REGIÓN DE MURCIA;934;133449;958,55;224;213964;298,93
2013;4;Provincia;14;Región de Murcia;30;Murcia;934;133449;958,55;224;213964;298,93
2013;4;Comunidad;15;C. Foral de Navarra;98;C. FORAL DE NAVARRA;511;89288;1017,14;140;322277;467,71
2013;4;Provincia;15;C. Foral de Navarra;31;Navarra;511;89288;1017,14;140;322277;467,71
2013;4;Comunidad;16;País Vasco;98;PAÍS VASCO;1879;159880;1681,40;270;546545;778,08
2013;4;Provincia;16;País Vasco;1;Araba / Álava;229;121429;1301,01;40;313136;654,99
2013;4;Provincia;16;País Vasco;20;Gipuzkoa;647;116920;1502,54;123;364890;635,16
2013;4;Provincia;16;País Vasco;48;Bizkaia;1003;198188;1885,70;107;780429;945,90
2013;4;Comunidad;17;La Rioja;98;LA RIOJA;616;124647;1188,50;63;117498;326,30
2013;4;Provincia;17;La Rioja;26;La Rioja;616;124647;1188,50;63;117498;326,30
2013;4;Comunidad;18;Ceuta;98;CEUTA;28;142288;1671,83;3;315000;516,28
2013;4;Provincia;18;Ceuta;51;Ceuta;28;142288;1671,83;3;315000;516,28
2013;4;Comunidad;19;Melilla;98;MELILLA;24;129084;1325,89;10;327125;877,33
2013;4;Provincia;19;Melilla;52;Melilla;24;129084;1325,89;10;327125;877,33
2014;1;Nacional;99;ESPAÑA;99;ESPAÑA;29264;149729;1299,11;6445;344079;485,78
2014;1;Comunidad;1;Andalucía;98;ANDALUCÍA;4827;109733;1092,18;1233;201778;417,62
2014;1;Provincia;1;Andalucía;4;Almería;500;90412;804,80;145;255261;337,47
2014;1;Provincia;1;Andalucía;11;Cádiz;547;103730;1171,77;138;231873;404,34
2014;1;Provincia;1;Andalucía;14;Córdoba;385;87297;1048,64;116;147541;360,37
2014;1;Provincia;1;Andalucía;18;Granada;607;120188;932,35;105;242158;363,41
2014;1;Provincia;1;Andalucía;21;Huelva;267;113906;920,83;57;154754;350,67
2014;1;Provincia;1;Andalucía;23;Jaén;301;75752;829,58;81;140458;298,97
2014;1;Provincia;1;Andalucía;29;Málaga;1093;144632;1485,34;165;318632;797,40
2014;1;Provincia;1;Andalucía;41;Sevilla;1127;100497;1027,08;426;152800;389,42
2014;1;Comunidad;2;Aragón;98;ARAGÓN;791;166430;1188,96;310;296409;383,32
2014;1;Provincia;2;Aragón;22;Huesca;174;83355;884,57;47;214512;320,94
2014;1;Provincia;2;Aragón;44;Teruel;94;91315;828,05;25;144156;440,24
2014;1;Provincia;2;Aragón;50;Zaragoza;523;206550;1350,05;238;324318;392,76
2014;1;Comunidad;3;Principado de Asturias;98;PRINCIPADO DE ASTURIAS;632;126846;1101,21;80;311416;414,60
2014;1;Provincia;3;Principado de Asturias;33;Asturias;632;126846;1101,21;80;311416;414,60
2014;1;Comunidad;4;Illes Balears;98;ILLES BALEARS;680;190472;1463,37;40;334854;987,90
2014;1;Provincia;4;Illes Balears;7;Illes Balears;680;190472;1463,37;40;334854;987,90
2014;1;Comunidad;5;Canarias;98;CANARIAS;1319;138862;1332,56;137;574303;596,67
2014;1;Provincia;5;Canarias;35;Las Palmas;720;132639;1428,07;77;390622;615,30
2014;1;Provincia;5;Canarias;38;Santa Cruz de Tenerife;599;146381;1217,16;60;781944;575,60
2014;1;Comunidad;6;Cantabria;98;CANTABRIA;408;98555;1443,91;82;247468;512,58
2014;1;Provincia;6;Cantabria;39;Cantabria;408;98555;1443,91;82;247468;512,58
2014;1;Comunidad;7;Castilla y León;98;CASTILLA Y LEÓN;1622;115797;1000,03;439;219066;450,53
2014;1;Provincia;7;Castilla y León;5;Ávila;126;62800;638,40;75;118248;546,37
2014;1;Provincia;7;Castilla y León;9;Burgos;346;117260;1031,25;84;176000;592,17
2014;1;Provincia;7;Castilla y León;24;León;258;88454;850,53;54;346091;225,86
2014;1;Provincia;7;Castilla y León;34;Palencia;121;99581;885,59;41;153018;281,79
2014;1;Provincia;7;Castilla y León;37;Salamanca;194;141132;1141,53;47;272540;451,85
2014;1;Provincia;7;Castilla y León;40;Segovia;55;126683;1027,10;17;190420;394,52
2014;1;Provincia;7;Castilla y León;42;Soria;63;76735;931,46;36;410116;281,30
2014;1;Provincia;7;Castilla y León;47;Valladolid;373;139902;1101,50;78;242814;425,17
2014;1;Provincia;7;Castilla y León;49;Zamora;86;137861;1215,19;0;0;0,00
2014;1;Comunidad;8;Castilla-La Mancha;98;CASTILLA-LA MANCHA;937;102208;810,06;630;270563;338,71
2014;1;Provincia;8;Castilla-La Mancha;2;Albacete;222;111135;923,67;185;95832;275,22
2014;1;Provincia;8;Castilla-La Mancha;13;Ciudad Real;174;101635;798,11;74;159728;262,47
2014;1;Provincia;8;Castilla-La Mancha;16;Cuenca;65;112582;964,46;46;158471;296,26
2014;1;Provincia;8;Castilla-La Mancha;19;Guadalajara;164;128303;828,64;138;386953;381,64
2014;1;Provincia;8;Castilla-La Mancha;45;Toledo;312;79322;694,87;187;246115;343,97
2014;1;Comunidad;9;Cataluña;98;CATALUÑA;4613;178444;1349,20;936;762956;601,73
2014;1;Provincia;9;Cataluña;8;Barcelona;3338;203185;1479,88;692;894093;695,40
2014;1;Provincia;9;Cataluña;17;Girona;499;124148;1233,00;198;350324;478,31
2014;1;Provincia;9;Cataluña;25;Lleida;317;136377;810,99;79;258652;351,07
2014;1;Provincia;9;Cataluña;43;Tarragona;450;102977;944,79;73;897044;366,45
2014;1;Comunidad;10;Comunitat Valenciana;98;COMUNITAT VALENCIANA;3329;123754;961,60;693;288238;402,44
2014;1;Provincia;10;Comunitat Valenciana;3;Alicante / Alacant;1430;103260;921,73;182;335999;389,36
2014;1;Provincia;10;Comunitat Valenciana;12;Castellón / Castelló;402;78303;797,82;153;188851;363,14
2014;1;Provincia;10;Comunitat Valenciana;46;Valencia / València;1497;153594;1040,00;358;328981;433,75
2014;1;Comunidad;11;Extremadura;98;EXTREMADURA;435;92638;766,90;221;106599;267,31
2014;1;Provincia;11;Extremadura;6;Badajoz;259;94219;751,45;129;104331;262,92
2014;1;Provincia;11;Extremadura;10;Cáceres;176;90201;790,72;92;110857;275,56
2014;1;Comunidad;12;Galicia;98;GALICIA;1539;142383;957,65;214;408222;300,68
2014;1;Provincia;12;Galicia;15;A Coruña;633;98955;938,75;98;348172;320,82
2014;1;Provincia;12;Galicia;27;Lugo;194;81114;951,97;32;398902;410,45
2014;1;Provincia;12;Galicia;32;Ourense;202;110593;769,41;21;530688;260,96
2014;1;Provincia;12;Galicia;36;Pontevedra;510;229677;1042,38;63;448453;243,11
2014;1;Comunidad;13;Comunidad de Madrid;98;COMUNIDAD DE MADRID;3669;256303;2198,26;690;350400;726,10
2014;1;Provincia;13;Comunidad de Madrid;28;Madrid;3669;256303;2198,26;690;350400;726,10
2014;1;Comunidad;14;Región de Murcia;98;REGIÓN DE MURCIA;1038;117158;910,16;226;192034;277,77
2014;1;Provincia;14;Región de Murcia;30;Murcia;1038;117158;910,16;226;192034;277,77
2014;1;Comunidad;15;C. Foral de Navarra;98;C. FORAL DE NAVARRA;602;89298;968,91;156;349155;518,46
2014;1;Provincia;15;C. Foral de Navarra;31;Navarra;602;89298;968,91;156;349155;518,46
2014;1;Comunidad;16;País Vasco;98;PAÍS VASCO;2007;152214;1792,06;278;535120;802,65
2014;1;Provincia;16;País Vasco;1;Araba / Álava;227;116092;1332,46;55;283417;561,39
2014;1;Provincia;16;País Vasco;20;Gipuzkoa;656;173915;1927,34;109;388558;643,32
2014;1;Provincia;16;País Vasco;48;Bizkaia;1124;144527;1785,36;114;716178;991,09
2014;1;Comunidad;17;La Rioja;98;LA RIOJA;760;90126;1028,88;64;172039;335,30
2014;1;Provincia;17;La Rioja;26;La Rioja;760;90126;1028,88;64;172039;335,30
2014;1;Comunidad;18;Ceuta;98;CEUTA;29;120810;1609,81;5;324000;548,04
2014;1;Provincia;18;Ceuta;51;Ceuta;29;120810;1609,81;5;324000;548,04
2014;1;Comunidad;19;Melilla;98;MELILLA;27;143621;1247,76;11;293000;728,99
2014;1;Provincia;19;Melilla;52;Melilla;27;143621;1247,76;11;293000;728,99
2014;2;Nacional;99;ESPAÑA;99;ESPAÑA;29309;154485;1327,63;6636;348527;479,03
2014;2;Comunidad;1;Andalucía;98;ANDALUCÍA;4574;114961;1112,93;1381;198718;428,18
2014;2;Provincia;1;Andalucía;4;Almería;463;86874;772,95;149;245416;346,36
2014;2;Provincia;1;Andalucía;11;Cádiz;582;100756;1106,87;132;229811;393,18
2014;2;Provincia;1;Andalucía;14;Córdoba;379;100105;1065,80;138;157365;393,76
2014;2;Provincia;1;Andalucía;18;Granada;612;127048;976,68;116;211404;362,47
2014;2;Provincia;1;Andalucía;21;Huelva;197;131637;1030,20;147;97019;428,99
2014;2;Provincia;1;Andalucía;23;Jaén;283;68240;816,27;98;182532;296,47
2014;2;Provincia;1;Andalucía;29;Málaga;1097;148541;1511,06;189;288967;739,33
2014;2;Provincia;1;Andalucía;41;Sevilla;961;110380;1058,72;412;190530;409,18
2014;2;Comunidad;2;Aragón;98;ARAGÓN;774;165850;1155,90;296;217709;370,66
2014;2;Provincia;2;Aragón;22;Huesca;200;86507;831,07;39;204423;316,26
2014;2;Provincia;2;Aragón;44;Teruel;88;80267;801,86;19;225821;480,77
2014;2;Provincia;2;Aragón;50;Zaragoza;486;214270;1354,73;238;220151;374,74
2014;2;Comunidad;3;Principado de Asturias;98;PRINCIPADO DE ASTURIAS;708;122286;1069,46;105;362646;390,10
2014;2;Provincia;3;Principado de Asturias;33;Asturias;708;122286;1069,46;105;362646;390,10
2014;2;Comunidad;4;Illes Balears;98;ILLES BALEARS;740;199449;1467,53;47;353355;949,20
2014;2;Provincia;4;Illes Balears;7;Illes Balears;740;199449;1467,53;47;353355;949,20
2014;2;Comunidad;5;Canarias;98;CANARIAS;1474;142910;1326,47;139;595408;585,51
2014;2;Provincia;5;Canarias;35;Las Palmas;795;133666;1422,22;84;514338;599,01
2014;2;Provincia;5;Canarias;38;Santa Cruz de Tenerife;679;155148;1199,70;55;705302;567,21
2014;2;Comunidad;6;Cantabria;98;CANTABRIA;388;132900;1525,34;89;239859;434,04
2014;2;Provincia;6;Cantabria;39;Cantabria;388;132900;1525,34;89;239859;434,04
2014;2;Comunidad;7;Castilla y León;98;CASTILLA Y LEÓN;1562;123142;1008,33;445;216618;435,85
2014;2;Provincia;7;Castilla y León;5;Ávila;116;71279;619,61;74;97458;558,52
2014;2;Provincia;7;Castilla y León;9;Burgos;286;112732;1119,43;80;218176;615,51
2014;2;Provincia;7;Castilla y León;24;León;270;89315;859,73;62;427705;245,17
2014;2;Provincia;7;Castilla y León;34;Palencia;112;205347;884,21;40;134175;263,52
2014;2;Provincia;7;Castilla y León;37;Salamanca;188;136015;1100,93;51;234056;420,12
2014;2;Provincia;7;Castilla y León;40;Segovia;53;110633;1101,46;18;143864;363,49
2014;2;Provincia;7;Castilla y León;42;Soria;66;67404;822,30;42;268393;301,43
2014;2;Provincia;7;Castilla y León;47;Valladolid;363;144221;1091,70;69;278823;365,82
2014;2;Provincia;7;Castilla y León;49;Zamora;108;150519;1262,90;0;0;0,00
2014;2;Comunidad;8;Castilla-La Mancha;98;CASTILLA-LA MANCHA;833;106558;828,72;565;311408;317,37
2014;2;Provincia;8;Castilla-La Mancha;2;Albacete;226;114234;945,97;133;138180;286,88
2014;2;Provincia;8;Castilla-La Mancha;13;Ciudad Real;176;103838;795,35;89;154815;265,94
2014;2;Provincia;8;Castilla-La Mancha;16;Cuenca;62;99333;856,16;43;139148;270,19
2014;2;Provincia;8;Castilla-La Mancha;19;Guadalajara;131;102949;821,41;124;424390;338,17
2014;2;Provincia;8;Castilla-La Mancha;45;Toledo;238;105078;734,70;176;343857;334,20
2014;2;Comunidad;9;Cataluña;98;CATALUÑA;4644;188103;1373,47;968;813434;593,39
2014;2;Provincia;9;Cataluña;8;Barcelona;3386;214190;1508,63;717;959264;681,23
2014;2;Provincia;9;Cataluña;17;Girona;493;124292;1218,90;214;332528;424,00
2014;2;Provincia;9;Cataluña;25;Lleida;318;144384;805,68;64;224832;350,30
2014;2;Provincia;9;Cataluña;43;Tarragona;438;107185;951,96;79;738859;375,56
2014;2;Comunidad;10;Comunitat Valenciana;98;COMUNITAT VALENCIANA;3417;122854;958,55;709;272320;395,20
2014;2;Provincia;10;Comunitat Valenciana;3;Alicante / Alacant;1452;112201;981,74;186;338835;381,74
2014;2;Provincia;10;Comunitat Valenciana;12;Castellón / Castelló;398;89572;805,68;155;150029;357,20
2014;2;Provincia;10;Comunitat Valenciana;46;Valencia / València;1567;141166;979,98;368;318692;428,78
2014;2;Comunidad;11;Extremadura;98;EXTREMADURA;450;92768;803,37;222;118031;254,35
2014;2;Provincia;11;Extremadura;6;Badajoz;276;95706;812,21;130;125849;275,92
2014;2;Provincia;11;Extremadura;10;Cáceres;174;87886;788,67;92;101572;208,94
2014;2;Comunidad;12;Galicia;98;GALICIA;1476;122585;971,41;210;470139;316,34
2014;2;Provincia;12;Galicia;15;A Coruña;638;102017;994,28;86;476243;312,41
2014;2;Provincia;12;Galicia;27;Lugo;190;90588;978,82;34;389315;360,24
2014;2;Provincia;12;Galicia;32;Ourense;166;154598;871,72;15;655838;301,98
2014;2;Provincia;12;Galicia;36;Pontevedra;482;155641;960,74;75;481058;301,05
2014;2;Comunidad;13;Comunidad de Madrid;98;COMUNIDAD DE MADRID;3877;263990;2294,04;690;390469;723,03
2014;2;Provincia;13;Comunidad de Madrid;28;Madrid;3877;263990;2294,04;690;390469;723,03
2014;2;Comunidad;14;Región de Murcia;98;REGIÓN DE MURCIA;976;108264;918,36;232;193315;274,08
2014;2;Provincia;14;Región de Murcia;30;Murcia;976;108264;918,36;232;193315;274,08
2014;2;Comunidad;15;C. Foral de Navarra;98;C. FORAL DE NAVARRA;635;91090;985,22;184;347490;521,06
2014;2;Provincia;15;C. Foral de Navarra;31;Navarra;635;91090;985,22;184;347490;521,06
2014;2;Comunidad;16;País Vasco;98;PAÍS VASCO;1995;149107;1728,14;276;467296;812,51
2014;2;Provincia;16;País Vasco;1;Araba / Álava;241;111755;1333,26;58;282468;479,58
2014;2;Provincia;16;País Vasco;20;Gipuzkoa;663;170496;1900,65;113;387469;678,38
2014;2;Provincia;16;País Vasco;48;Bizkaia;1091;142069;1688,30;105;582826;1012,22
2014;2;Comunidad;17;La Rioja;98;LA RIOJA;733;94231;1020,90;59;217566;352,35
2014;2;Provincia;17;La Rioja;26;La Rioja;733;94231;1020,90;59;217566;352,35
2014;2;Comunidad;18;Ceuta;98;CEUTA;27;165361;1619,36;5;354000;556,54
2014;2;Provincia;18;Ceuta;51;Ceuta;27;165361;1619,36;5;354000;556,54
2014;2;Comunidad;19;Melilla;98;MELILLA;26;126002;1336,03;14;267714;699,46
2014;2;Provincia;19;Melilla;52;Melilla;26;126002;1336,03;14;267714;699,46
2014;3;Nacional;99;ESPAÑA;99;ESPAÑA;30030;158361;1330,69;7018;370728;471,37
2014;3;Comunidad;1;Andalucía;98;ANDALUCÍA;4705;113501;1106,51;1436;190252;438,91
2014;3;Provincia;1;Andalucía;4;Almería;451;87207;754,92;101;301140;360,72
2014;3;Provincia;1;Andalucía;11;Cádiz;628;101130;1095,87;199;167943;408,98
2014;3;Provincia;1;Andalucía;14;Córdoba;393;98506;1043,56;124;149808;409,08
2014;3;Provincia;1;Andalucía;18;Granada;589;96068;1007,96;109;229590;406,95
2014;3;Provincia;1;Andalucía;21;Huelva;208;161723;1069,92;156;96885;426,67
2014;3;Provincia;1;Andalucía;23;Jaén;290;80813;795,98;113;153651;305,47
2014;3;Provincia;1;Andalucía;29;Málaga;1216;146009;1441,34;183;289199;735,55
2014;3;Provincia;1;Andalucía;41;Sevilla;930;108514;1050,38;451;181426;407,35
2014;3;Comunidad;2;Aragón;98;ARAGÓN;847;161136;1128,87;340;319499;369,08
2014;3;Provincia;2;Aragón;22;Huesca;229;91266;851,93;54;256892;332,79
2014;3;Provincia;2;Aragón;44;Teruel;86;78585;802,11;26;219485;526,09
2014;3;Provincia;2;Aragón;50;Zaragoza;532;204542;1300,86;260;347695;368,13
2014;3;Comunidad;3;Principado de Asturias;98;PRINCIPADO DE ASTURIAS;700;116478;1087,91;104;366744;390,87
2014;3;Provincia;3;Principado de Asturias;33;Asturias;700;116478;1087,91;104;366744;390,87
2014;3;Comunidad;4;Illes Balears;98;ILLES BALEARS;840;198924;1456,34;52;422797;995,19
2014;3;Provincia;4;Illes Balears;7;Illes Balears;840;198924;1456,34;52;422797;995,19
2014;3;Comunidad;5;Canarias;98;CANARIAS;1483;144705;1383,20;150;603820;592,74
2014;3;Provincia;5;Canarias;35;Las Palmas;770;138527;1543,46;98;543706;615,16
2014;3;Provincia;5;Canarias;38;Santa Cruz de Tenerife;713;151861;1197,58;52;702189;556,06
2014;3;Comunidad;6;Cantabria;98;CANTABRIA;435;165946;1664,08;95;300186;467,46
2014;3;Provincia;6;Cantabria;39;Cantabria;435;165946;1664,08;95;300186;467,46
2014;3;Comunidad;7;Castilla y León;98;CASTILLA Y LEÓN;1606;126683;1017,81;474;205608;363,28
2014;3;Provincia;7;Castilla y León;5;Ávila;132;62301;564,13;67;82739;307,25
2014;3;Provincia;7;Castilla y León;9;Burgos;273;110775;1114,99;79;223083;461,04
2014;3;Provincia;7;Castilla y León;24;León;259;95111;854,84;71;356452;246,65
2014;3;Provincia;7;Castilla y León;34;Palencia;119;182260;932,76;41;151266;251,49
2014;3;Provincia;7;Castilla y León;37;Salamanca;196;131605;1138,19;57;191728;414,03
2014;3;Provincia;7;Castilla y León;40;Segovia;55;130053;1249,06;29;145982;337,98
2014;3;Provincia;7;Castilla y León;42;Soria;73;74050;854,06;42;207875;319,56
2014;3;Provincia;7;Castilla y León;47;Valladolid;394;164782;1125,22;77;270700;372,82
2014;3;Provincia;7;Castilla y León;49;Zamora;105;122709;1104,47;0;0;0,00
2014;3;Comunidad;8;Castilla-La Mancha;98;CASTILLA-LA MANCHA;740;107631;793,19;598;561643;320,20
2014;3;Provincia;8;Castilla-La Mancha;2;Albacete;189;98267;786,80;145;132808;284,02
2014;3;Provincia;8;Castilla-La Mancha;13;Ciudad Real;180;119311;804,27;95;129618;255,16
2014;3;Provincia;8;Castilla-La Mancha;16;Cuenca;60;100869;846,64;40;147727;259,74
2014;3;Provincia;8;Castilla-La Mancha;19;Guadalajara;113;100248;817,32;140;1023846;348,70
2014;3;Provincia;8;Castilla-La Mancha;45;Toledo;198;112538;755,88;178;335155;334,37
2014;3;Comunidad;9;Cataluña;98;CATALUÑA;4831;184711;1374,41;958;727072;559,18
2014;3;Provincia;9;Cataluña;8;Barcelona;3505;206314;1515,88;663;955913;669,65
2014;3;Provincia;9;Cataluña;17;Girona;516;140332;1189,40;242;320085;411,11
2014;3;Provincia;9;Cataluña;25;Lleida;317;142021;718,00;73;217597;326,81
2014;3;Provincia;9;Cataluña;43;Tarragona;484;111937;976,86;86;479158;371,28
2014;3;Comunidad;10;Comunitat Valenciana;98;COMUNITAT VALENCIANA;3502;143085;1027,16;789;273969;375,74
2014;3;Provincia;10;Comunitat Valenciana;3;Alicante / Alacant;1486;127514;982,43;200;362810;394,05
2014;3;Provincia;10;Comunitat Valenciana;12;Castellón / Castelló;436;153166;1362,42;135;221673;329,76
2014;3;Provincia;10;Comunitat Valenciana;46;Valencia / València;1580;153840;960,62;454;252161;384,47
2014;3;Comunidad;11;Extremadura;98;EXTREMADURA;485;109616;951,17;241;121468;249,87
2014;3;Provincia;11;Extremadura;6;Badajoz;321;112543;1027,74;141;122551;263,28
2014;3;Provincia;11;Extremadura;10;Cáceres;164;103516;791,59;100;119200;221,79
2014;3;Comunidad;12;Galicia;98;GALICIA;1576;124768;956,46;206;420798;314,94
2014;3;Provincia;12;Galicia;15;A Coruña;650;112188;988,10;82;443749;314,72
2014;3;Provincia;12;Galicia;27;Lugo;194;95962;1047,07;36;368684;334,78
2014;3;Provincia;12;Galicia;32;Ourense;183;109683;757,29;14;364594;326,56
2014;3;Provincia;12;Galicia;36;Pontevedra;549;153205;933,72;74;423667;306,93
2014;3;Comunidad;13;Comunidad de Madrid;98;COMUNIDAD DE MADRID;3952;271917;2243,07;739;509968;688,16
2014;3;Provincia;13;Comunidad de Madrid;28;Madrid;3952;271917;2243,07;739;509968;688,16
2014;3;Comunidad;14;Región de Murcia;98;REGIÓN DE MURCIA;938;96575;864,84;244;212387;277,77
2014;3;Provincia;14;Región de Murcia;30;Murcia;938;96575;864,84;244;212387;277,77
2014;3;Comunidad;15;C. Foral de Navarra;98;C. FORAL DE NAVARRA;634;99284;985,62;210;369282;525,93
2014;3;Provincia;15;C. Foral de Navarra;31;Navarra;634;99284;985,62;210;369282;525,93
2014;3;Comunidad;16;País Vasco;98;PAÍS VASCO;2025;155021;1708,70;298;454442;821,41
2014;3;Provincia;16;País Vasco;1;Araba / Álava;224;117004;1315,26;78;161305;528,55
2014;3;Provincia;16;País Vasco;20;Gipuzkoa;654;168184;1901,36;117;473096;670,75
2014;3;Provincia;16;País Vasco;48;Bizkaia;1147;153604;1659,47;103;517048;1065,18
2014;3;Comunidad;17;La Rioja;98;LA RIOJA;672;96677;987,98;67;284257;319,75
2014;3;Provincia;17;La Rioja;26;La Rioja;672;96677;987,98;67;284257;319,75
2014;3;Comunidad;18;Ceuta;98;CEUTA;28;214375;1692,90;6;324167;566,48
2014;3;Provincia;18;Ceuta;51;Ceuta;28;214375;1692,90;6;324167;566,48
2014;3;Comunidad;19;Melilla;98;MELILLA;31;97480;1154,44;11;218455;646,20
2014;3;Provincia;19;Melilla;52;Melilla;31;97480;1154,44;11;218455;646,20
2014;4;Nacional;99;ESPAÑA;99;ESPAÑA;31601;157606;1305,00;7285;415654;484,92
2014;4;Comunidad;1;Andalucía;98;ANDALUCÍA;4920;110575;1075,24;1431;181187;446,02
2014;4;Provincia;1;Andalucía;4;Almería;450;84679;753,59;93;153398;338,58
2014;4;Provincia;1;Andalucía;11;Cádiz;705;106733;1092,45;207;171786;403,28
2014;4;Provincia;1;Andalucía;14;Córdoba;408;105728;1003,33;124;237506;416,85
2014;4;Provincia;1;Andalucía;18;Granada;621;89445;994,05;104;217982;417,26
2014;4;Provincia;1;Andalucía;21;Huelva;226;138147;918,12;156;94441;427,74
2014;4;Provincia;1;Andalucía;23;Jaén;317;80071;804,36;123;157943;295,84
2014;4;Provincia;1;Andalucía;29;Málaga;1277;141489;1369,47;197;225647;673,13
2014;4;Provincia;1;Andalucía;41;Sevilla;916;104611;1055,39;427;198900;443,30
2014;4;Comunidad;2;Aragón;98;ARAGÓN;886;151461;1025,14;362;513989;358,14
2014;4;Provincia;2;Aragón;22;Huesca;230;88120;835,26;54;253212;339,14
2014;4;Provincia;2;Aragón;44;Teruel;90;74854;759,91;30;188800;464,34
2014;4;Provincia;2;Aragón;50;Zaragoza;566;193254;1156,44;278;627430;354,18
2014;4;Comunidad;3;Principado de Asturias;98;PRINCIPADO DE ASTURIAS;718;104518;1072,30;141;363378;385,11
2014;4;Provincia;3;Principado de Asturias;33;Asturias;718;104518;1072,30;141;363378;385,11
2014;4;Comunidad;4;Illes Balears;98;ILLES BALEARS;858;199889;1431,08;49;424667;856,24
2014;4;Provincia;4;Illes Balears;7;Illes Balears;858;199889;1431,08;49;424667;856,24
2014;4;Comunidad;5;Canarias;98;CANARIAS;1596;135556;1422,70;158;526218;563,95
2014;4;Provincia;5;Canarias;35;Las Palmas;851;133402;1608,51;107;529665;567,24
2014;4;Provincia;5;Canarias;38;Santa Cruz de Tenerife;745;138367;1180,07;51;519938;557,96
2014;4;Comunidad;6;Cantabria;98;CANTABRIA;461;173471;1580,34;86;276293;475,86
2014;4;Provincia;6;Cantabria;39;Cantabria;461;173471;1580,34;86;276293;475,86
2014;4;Comunidad;7;Castilla y León;98;CASTILLA Y LEÓN;1640;124897;974,61;483;224329;355,11
2014;4;Provincia;7;Castilla y León;5;Ávila;118;66664;540,24;60;78096;310,22
2014;4;Provincia;7;Castilla y León;9;Burgos;280;113500;1031,54;92;210151;403,16
2014;4;Provincia;7;Castilla y León;24;León;251;93919;843,75;67;361690;252,93
2014;4;Provincia;7;Castilla y León;34;Palencia;122;173981;897,82;38;140435;246,63
2014;4;Provincia;7;Castilla y León;37;Salamanca;205;123479;972,74;66;197597;434,27
2014;4;Provincia;7;Castilla y León;40;Segovia;66;105777;1172,06;36;481274;324,22
2014;4;Provincia;7;Castilla y León;42;Soria;81;85935;907,79;42;111303;308,84
2014;4;Provincia;7;Castilla y León;47;Valladolid;424;155040;1109,14;72;261994;358,06
2014;4;Provincia;7;Castilla y León;49;Zamora;93;137341;981,65;0;0;0,00
2014;4;Comunidad;8;Castilla-La Mancha;98;CASTILLA-LA MANCHA;763;122893;811,68;612;765761;324,08
2014;4;Provincia;8;Castilla-La Mancha;2;Albacete;219;164112;833,46;140;169189;291,88
2014;4;Provincia;8;Castilla-La Mancha;13;Ciudad Real;160;103710;802,54;97;153044;253,29
2014;4;Provincia;8;Castilla-La Mancha;16;Cuenca;64;93856;765,89;33;174000;279,53
2014;4;Provincia;8;Castilla-La Mancha;19;Guadalajara;125;98619;828,33;157;1401611;347,89
2014;4;Provincia;8;Castilla-La Mancha;45;Toledo;195;117126;796,21;185;333019;339,38
2014;4;Comunidad;9;Cataluña;98;CATALUÑA;5220;182032;1383,62;953;920108;591,33
2014;4;Provincia;9;Cataluña;8;Barcelona;3743;204220;1528,63;659;1265217;728,36
2014;4;Provincia;9;Cataluña;17;Girona;581;144142;1210,49;240;304422;415,38
2014;4;Provincia;9;Cataluña;25;Lleida;348;136886;752,35;69;347681;320,43
2014;4;Provincia;9;Cataluña;43;Tarragona;539;106562;976,79;91;478811;357,81
2014;4;Comunidad;10;Comunitat Valenciana;98;COMUNITAT VALENCIANA;3751;141739;1020,36;794;249380;364,59
2014;4;Provincia;10;Comunitat Valenciana;3;Alicante / Alacant;1610;129474;999,51;178;316673;397,95
2014;4;Provincia;10;Comunitat Valenciana;12;Castellón / Castelló;448;150071;1328,72;144;241013;324,75
2014;4;Provincia;10;Comunitat Valenciana;46;Valencia / València;1693;150511;943,50;472;226914;368,02
2014;4;Comunidad;11;Extremadura;98;EXTREMADURA;527;113721;996,21;232;142706;247,19
2014;4;Provincia;11;Extremadura;6;Badajoz;346;119517;1070,60;132;129794;252,29
2014;4;Provincia;11;Extremadura;10;Cáceres;181;102047;846,41;100;167629;237,34
2014;4;Comunidad;12;Galicia;98;GALICIA;1657;131245;955,07;226;355099;323,37
2014;4;Provincia;12;Galicia;15;A Coruña;661;111310;980,97;82;403999;341,28
2014;4;Provincia;12;Galicia;27;Lugo;204;89373;882,64;34;421144;390,12
2014;4;Provincia;12;Galicia;32;Ourense;183;120098;782,33;18;272838;276,95
2014;4;Provincia;12;Galicia;36;Pontevedra;609;168704;981,85;92;297489;288,90
2014;4;Comunidad;13;Comunidad de Madrid;98;COMUNIDAD DE MADRID;4195;268274;2102,15;826;585723;763,15
2014;4;Provincia;13;Comunidad de Madrid;28;Madrid;4195;268274;2102,15;826;585723;763,15
2014;4;Comunidad;14;Región de Murcia;98;REGIÓN DE MURCIA;956;106519;853,14;269;200552;280,27
2014;4;Provincia;14;Región de Murcia;30;Murcia;956;106519;853,14;269;200552;280,27
2014;4;Comunidad;15;C. Foral de Navarra;98;C. FORAL DE NAVARRA;634;105445;1016,57;196;354754;514,76
2014;4;Provincia;15;C. Foral de Navarra;31;Navarra;634;105445;1016,57;196;354754;514,76
2014;4;Comunidad;16;País Vasco;98;PAÍS VASCO;2113;156429;1708,48;369;439768;773,39
2014;4;Provincia;16;País Vasco;1;Araba / Álava;245;112548;1239,07;92;163670;523,68
2014;4;Provincia;16;País Vasco;20;Gipuzkoa;721;176750;1914,47;139;481298;618,20
2014;4;Provincia;16;País Vasco;48;Bizkaia;1147;151510;1663,43;138;486915;1015,08
2014;4;Comunidad;17;La Rioja;98;LA RIOJA;650;95997;929,37;77;255138;340,27
2014;4;Provincia;17;La Rioja;26;La Rioja;650;95997;929,37;77;255138;340,27
2014;4;Comunidad;18;Ceuta;98;CEUTA;26;235024;1802,00;8;325225;663,77
2014;4;Provincia;18;Ceuta;51;Ceuta;26;235024;1802,00;8;325225;663,77
2014;4;Comunidad;19;Melilla;98;MELILLA;30;113907;1166,39;13;210083;651,67
2014;4;Provincia;19;Melilla;52;Melilla;30;113907;1166,39;13;210083;651,67
2015;1;Nacional;99;ESPAÑA;99;ESPAÑA;32824;160402;1310,95;7405;456584;474,13
2015;1;Comunidad;1;Andalucía;98;ANDALUCÍA;5032;109795;1086,42;1442;215168;405,36
2015;1;Provincia;1;Andalucía;4;Almería;414;98933;791,66;98;296897;380,33
2015;1;Provincia;1;Andalucía;11;Cádiz;729;98551;1012,80;209;200001;412,97
2015;1;Provincia;1;Andalucía;14;Córdoba;448;112568;1013,44;130;221329;407,27
2015;1;Provincia;1;Andalucía;18;Granada;684;82525;1039,57;115;208210;398,59
2015;1;Provincia;1;Andalucía;21;Huelva;242;126723;940,16;176;97694;424,37
2015;1;Provincia;1;Andalucía;23;Jaén;329;84828;792,83;111;152423;289,52
2015;1;Provincia;1;Andalucía;29;Málaga;1294;133777;1392,87;175;216872;499,48
2015;1;Provincia;1;Andalucía;41;Sevilla;892;113819;1088,15;428;278629;382,57
2015;1;Comunidad;2;Aragón;98;ARAGÓN;891;122392;1015,47;349;640827;346,48
2015;1;Provincia;2;Aragón;22;Huesca;213;90114;831,85;46;258987;318,65
2015;1;Provincia;2;Aragón;44;Teruel;81;64700;725,70;32;325761;380,41
2015;1;Provincia;2;Aragón;50;Zaragoza;597;142683;1125,69;271;807056;350,47
2015;1;Comunidad;3;Principado de Asturias;98;PRINCIPADO DE ASTURIAS;722;125319;1071,91;132;362467;361,92
2015;1;Provincia;3;Principado de Asturias;33;Asturias;722;125319;1071,91;132;362467;361,92
2015;1;Comunidad;4;Illes Balears;98;ILLES BALEARS;964;185806;1600,25;67;429122;1084,32
2015;1;Provincia;4;Illes Balears;7;Illes Balears;964;185806;1600,25;67;429122;1084,32
2015;1;Comunidad;5;Canarias;98;CANARIAS;1745;146579;1502,45;172;549160;504,81
2015;1;Provincia;5;Canarias;35;Las Palmas;896;148765;1716,57;101;613693;510,31
2015;1;Provincia;5;Canarias;38;Santa Cruz de Tenerife;849;143711;1221,48;71;467973;497,90
2015;1;Comunidad;6;Cantabria;98;CANTABRIA;467;208877;1514,90;75;350203;502,91
2015;1;Provincia;6;Cantabria;39;Cantabria;467;208877;1514,90;75;350203;502,91
2015;1;Comunidad;7;Castilla y León;98;CASTILLA Y LEÓN;1712;117561;951,57;492;212919;356,77
2015;1;Provincia;7;Castilla y León;5;Ávila;137;79762;653,15;52;71559;299,80
2015;1;Provincia;7;Castilla y León;9;Burgos;310;110619;1010,44;97;234792;439,02
2015;1;Provincia;7;Castilla y León;24;León;263;88881;737,12;75;224288;251,94
2015;1;Provincia;7;Castilla y León;34;Palencia;121;165742;846,27;30;189472;243,93
2015;1;Provincia;7;Castilla y León;37;Salamanca;233;121481;1029,56;72;216623;412,53
2015;1;Provincia;7;Castilla y León;40;Segovia;87;108680;1022,78;37;534186;324,03
2015;1;Provincia;7;Castilla y León;42;Soria;73;62962;749,67;45;126386;318,48
2015;1;Provincia;7;Castilla y León;47;Valladolid;397;138924;1129,55;65;158684;309,17
2015;1;Provincia;7;Castilla y León;49;Zamora;91;139798;963,94;19;151083;400,23
2015;1;Comunidad;8;Castilla-La Mancha;98;CASTILLA-LA MANCHA;768;126689;832,88;558;873898;302,27
2015;1;Provincia;8;Castilla-La Mancha;2;Albacete;231;167126;837,02;121;181041;282,82
2015;1;Provincia;8;Castilla-La Mancha;13;Ciudad Real;158;108720;753,65;105;178944;277,30
2015;1;Provincia;8;Castilla-La Mancha;16;Cuenca;66;91321;777,93;33;157676;256,65
2015;1;Provincia;8;Castilla-La Mancha;19;Guadalajara;108;97478;847,63;124;2126247;313,30
2015;1;Provincia;8;Castilla-La Mancha;45;Toledo;205;120154;900,20;175;319122;320,20
2015;1;Comunidad;9;Cataluña;98;CATALUÑA;5567;183564;1360,70;1048;758838;580,40
2015;1;Provincia;9;Cataluña;8;Barcelona;4074;203061;1493,93;711;1048016;712,89
2015;1;Provincia;9;Cataluña;17;Girona;592;147452;1162,64;173;303473;436,28
2015;1;Provincia;9;Cataluña;25;Lleida;353;128036;828,31;71;367046;278,97
2015;1;Provincia;9;Cataluña;43;Tarragona;548;119087;950,04;93;432863;366,49
2015;1;Comunidad;10;Comunitat Valenciana;98;COMUNITAT VALENCIANA;4010;156181;1042,88;854;268813;373,75
2015;1;Provincia;10;Comunitat Valenciana;3;Alicante / Alacant;1734;167221;1021,25;212;236711;397,13
2015;1;Provincia;10;Comunitat Valenciana;12;Castellón / Castelló;489;142063;1263,77;153;268801;358,17
2015;1;Provincia;10;Comunitat Valenciana;46;Valencia / València;1787;150134;991,48;489;282448;369,66
2015;1;Comunidad;11;Extremadura;98;EXTREMADURA;535;111538;983,27;223;162417;261,71
2015;1;Provincia;11;Extremadura;6;Badajoz;358;114992;1036,16;128;145316;251,49
2015;1;Provincia;11;Extremadura;10;Cáceres;177;104302;872,46;95;193344;280,21
2015;1;Comunidad;12;Galicia;98;GALICIA;1686;136806;958,18;242;448872;353,72
2015;1;Provincia;12;Galicia;15;A Coruña;683;100580;951,12;110;470251;357,28
2015;1;Provincia;12;Galicia;27;Lugo;214;111873;888,93;34;423379;301,48
2015;1;Provincia;12;Galicia;32;Ourense;183;137406;812,19;17;215000;248,73
2015;1;Provincia;12;Galicia;36;Pontevedra;606;186779;1018,41;81;454193;387,86
2015;1;Comunidad;13;Comunidad de Madrid;98;COMUNIDAD DE MADRID;4369;272467;2055,97;815;847188;757,14
2015;1;Provincia;13;Comunidad de Madrid;28;Madrid;4369;272467;2055,97;815;847188;757,14
2015;1;Comunidad;14;Región de Murcia;98;REGIÓN DE MURCIA;920;113140;863,81;279;234247;279,60
2015;1;Provincia;14;Región de Murcia;30;Murcia;920;113140;863,81;279;234247;279,60
2015;1;Comunidad;15;C. Foral de Navarra;98;C. FORAL DE NAVARRA;625;113654;1088,03;182;333608;474,91
2015;1;Provincia;15;C. Foral de Navarra;31;Navarra;625;113654;1088,03;182;333608;474,91
2015;1;Comunidad;16;País Vasco;98;PAÍS VASCO;2228;145426;1704,57;374;469714;733,75
2015;1;Provincia;16;País Vasco;1;Araba / Álava;281;100023;1220,12;84;177862;545,48
2015;1;Provincia;16;País Vasco;20;Gipuzkoa;782;139322;1670,83;154;515223;642,65
2015;1;Provincia;16;País Vasco;48;Bizkaia;1165;159091;1828,54;136;514972;916,95
2015;1;Comunidad;17;La Rioja;98;LA RIOJA;524;88956;863,89;80;199182;327,09
2015;1;Provincia;17;La Rioja;26;La Rioja;524;88956;863,89;80;199182;327,09
2015;1;Comunidad;18;Ceuta;98;CEUTA;28;258947;1775,98;7;286133;770,32
2015;1;Provincia;18;Ceuta;51;Ceuta;28;258947;1775,98;7;286133;770,32
2015;1;Comunidad;19;Melilla;98;MELILLA;31;115242;1181,44;14;247917;761,93
2015;1;Provincia;19;Melilla;52;Melilla;31;115242;1181,44;14;247917;761,93
2015;2;Nacional;99;ESPAÑA;99;ESPAÑA;34105;163972;1326,57;7642;451574;473,33
2015;2;Comunidad;1;Andalucía;98;ANDALUCÍA;5252;113168;1095,76;1429;215646;389,46
2015;2;Provincia;1;Andalucía;4;Almería;431;109033;828,22;103;311495;388,77
2015;2;Provincia;1;Andalucía;11;Cádiz;744;103759;1052,07;218;185715;405,20
2015;2;Provincia;1;Andalucía;14;Córdoba;488;114819;1026,09;139;200701;385,41
2015;2;Provincia;1;Andalucía;18;Granada;672;79703;991,56;111;215246;392,95
2015;2;Provincia;1;Andalucía;21;Huelva;255;142371;973,42;87;124198;305,20
2015;2;Provincia;1;Andalucía;23;Jaén;358;92600;813,07;97;131843;289,72
2015;2;Provincia;1;Andalucía;29;Málaga;1355;129443;1362,11;166;226217;509,85
2015;2;Provincia;1;Andalucía;41;Sevilla;949;120149;1131,28;508;237376;369,94
2015;2;Comunidad;2;Aragón;98;ARAGÓN;901;123099;1045,98;366;623040;382,33
2015;2;Provincia;2;Aragón;22;Huesca;214;102668;916,72;46;241004;332,88
2015;2;Provincia;2;Aragón;44;Teruel;83;73476;767,54;32;385655;308,11
2015;2;Provincia;2;Aragón;50;Zaragoza;604;137362;1131,40;288;780736;409,06
2015;2;Comunidad;3;Principado de Asturias;98;PRINCIPADO DE ASTURIAS;673;116967;1083,31;113;311069;358,49
2015;2;Provincia;3;Principado de Asturias;33;Asturias;673;116967;1083,31;113;311069;358,49
2015;2;Comunidad;4;Illes Balears;98;ILLES BALEARS;939;214259;1710,98;78;422855;1038,82
2015;2;Provincia;4;Illes Balears;7;Illes Balears;939;214259;1710,98;78;422855;1038,82
2015;2;Comunidad;5;Canarias;98;CANARIAS;1813;151495;1618,54;185;497915;499,81
2015;2;Provincia;5;Canarias;35;Las Palmas;934;151806;1966,35;106;510954;496,73
2015;2;Provincia;5;Canarias;38;Santa Cruz de Tenerife;879;151116;1193,44;79;481666;503,65
2015;2;Comunidad;6;Cantabria;98;CANTABRIA;629;152438;1372,68;77;389339;487,33
2015;2;Provincia;6;Cantabria;39;Cantabria;629;152438;1372,68;77;389339;487,33
2015;2;Comunidad;7;Castilla y León;98;CASTILLA Y LEÓN;1767;116871;963,13;505;224974;364,96
2015;2;Provincia;7;Castilla y León;5;Ávila;144;71702;745,68;49;104429;305,72
2015;2;Provincia;7;Castilla y León;9;Burgos;323;119542;965,21;121;187353;456,89
2015;2;Provincia;7;Castilla y León;24;León;285;125736;844,87;71;218410;328,15
2015;2;Provincia;7;Castilla y León;34;Palencia;130;73293;831,24;34;195010;264,99
2015;2;Provincia;7;Castilla y León;37;Salamanca;224;136842;1147,21;77;254343;414,86
2015;2;Provincia;7;Castilla y León;40;Segovia;96;110839;973,68;35;465915;294,34
2015;2;Provincia;7;Castilla y León;42;Soria;79;85408;808,41;35;151778;309,41
2015;2;Provincia;7;Castilla y León;47;Valladolid;401;130766;1115,61;64;210409;314,63
2015;2;Provincia;7;Castilla y León;49;Zamora;85;123004;776,74;19;142329;331,89
2015;2;Comunidad;8;Castilla-La Mancha;98;CASTILLA-LA MANCHA;822;131311;855,44;533;889778;302,22
2015;2;Provincia;8;Castilla-La Mancha;2;Albacete;217;176929;841,69;122;115856;278,14
2015;2;Provincia;8;Castilla-La Mancha;13;Ciudad Real;192;132412;829,44;89;195260;281,70
2015;2;Provincia;8;Castilla-La Mancha;16;Cuenca;64;91617;719,26;33;155344;223,58
2015;2;Provincia;8;Castilla-La Mancha;19;Guadalajara;126;93556;771,83;125;2134253;314,46
2015;2;Provincia;8;Castilla-La Mancha;45;Toledo;223;120853;990,61;164;304873;320,42
2015;2;Comunidad;9;Cataluña;98;CATALUÑA;5869;188139;1386,04;1155;741126;581,82
2015;2;Provincia;9;Cataluña;8;Barcelona;4300;207700;1513,72;781;1008692;710,80
2015;2;Provincia;9;Cataluña;17;Girona;648;146202;1185,72;162;306548;440,14
2015;2;Provincia;9;Cataluña;25;Lleida;378;129205;848,27;77;412830;287,37
2015;2;Provincia;9;Cataluña;43;Tarragona;543;126544;985,08;135;420368;350,54
2015;2;Comunidad;10;Comunitat Valenciana;98;COMUNITAT VALENCIANA;4108;147603;1015,32;898;290630;391,15
2015;2;Provincia;10;Comunitat Valenciana;3;Alicante / Alacant;1711;162038;990,64;231;259883;414,09
2015;2;Provincia;10;Comunitat Valenciana;12;Castellón / Castelló;553;118247;1127,72;156;255995;380,91
2015;2;Provincia;10;Comunitat Valenciana;46;Valencia / València;1844;144535;998,06;511;316001;384,65
2015;2;Comunidad;11;Extremadura;98;EXTREMADURA;575;121527;981,07;250;155104;254,34
2015;2;Provincia;11;Extremadura;6;Badajoz;365;124279;1030,79;145;140969;233,64
2015;2;Provincia;11;Extremadura;10;Cáceres;210;116338;887,33;105;177146;286,61
2015;2;Comunidad;12;Galicia;98;GALICIA;1746;147909;951,91;251;397622;364,83
2015;2;Provincia;12;Galicia;15;A Coruña;675;107249;898,09;112;449636;365,73
2015;2;Provincia;12;Galicia;27;Lugo;231;209254;1021,63;37;381805;316,07
2015;2;Provincia;12;Galicia;32;Ourense;201;128779;824,42;21;214286;245,84
2015;2;Provincia;12;Galicia;36;Pontevedra;639;181402;1023,30;81;333286;405,28
2015;2;Comunidad;13;Comunidad de Madrid;98;COMUNIDAD DE MADRID;4487;279166;2028,03;789;888188;787,49
2015;2;Provincia;13;Comunidad de Madrid;28;Madrid;4487;279166;2028,03;789;888188;787,49
2015;2;Comunidad;14;Región de Murcia;98;REGIÓN DE MURCIA;969;116804;900,07;303;231264;266,84
2015;2;Provincia;14;Región de Murcia;30;Murcia;969;116804;900,07;303;231264;266,84
2015;2;Comunidad;15;C. Foral de Navarra;98;C. FORAL DE NAVARRA;640;121391;1080,19;168;283888;456,26
2015;2;Provincia;15;C. Foral de Navarra;31;Navarra;640;121391;1080,19;168;283888;456,26
2015;2;Comunidad;16;País Vasco;98;PAÍS VASCO;2341;164381;1802,10;424;401809;682,78
2015;2;Provincia;16;País Vasco;1;Araba / Álava;302;125490;1272,89;89;184406;549,06
2015;2;Provincia;16;País Vasco;20;Gipuzkoa;833;165256;1742,77;166;470646;616,93
2015;2;Provincia;16;País Vasco;48;Bizkaia;1206;172124;1958,56;169;392128;810,89
2015;2;Comunidad;17;La Rioja;98;LA RIOJA;512;81433;807,02;95;160675;327,54
2015;2;Provincia;17;La Rioja;26;La Rioja;512;81433;807,02;95;160675;327,54
2015;2;Comunidad;18;Ceuta;98;CEUTA;30;174528;1877,73;6;253360;788,23
2015;2;Provincia;18;Ceuta;51;Ceuta;30;174528;1877,73;6;253360;788,23
2015;2;Comunidad;19;Melilla;98;MELILLA;32;140494;1134,15;17;317308;792,76
2015;2;Provincia;19;Melilla;52;Melilla;32;140494;1134,15;17;317308;792,76
2015;3;Nacional;99;ESPAÑA;99;ESPAÑA;35443;165369;1334,14;7926;464433;480,47
2015;3;Comunidad;1;Andalucía;98;ANDALUCÍA;5322;117940;1130,15;1399;227220;375,14
2015;3;Provincia;1;Andalucía;4;Almería;465;122828;829,57;118;320072;390,60
2015;3;Provincia;1;Andalucía;11;Cádiz;768;110362;1117,57;165;246158;385,74
2015;3;Provincia;1;Andalucía;14;Córdoba;520;117396;1026,55;160;215253;366,85
2015;3;Provincia;1;Andalucía;18;Granada;680;87211;1037,47;116;180889;338,42
2015;3;Provincia;1;Andalucía;21;Huelva;278;121399;931,96;85;115581;300,11
2015;3;Provincia;1;Andalucía;23;Jaén;362;80028;775,52;92;142448;280,11
2015;3;Provincia;1;Andalucía;29;Málaga;1294;147249;1489,79;162;229920;522,33
2015;3;Provincia;1;Andalucía;41;Sevilla;955;117590;1143,87;501;240281;360,99
2015;3;Comunidad;2;Aragón;98;ARAGÓN;896;125312;1054,56;401;478880;372,68
2015;3;Provincia;2;Aragón;22;Huesca;197;91772;865,62;68;222445;327,56
2015;3;Provincia;2;Aragón;44;Teruel;82;82499;806,40;32;404994;285,44
2015;3;Provincia;2;Aragón;50;Zaragoza;617;141296;1145,46;301;659912;414,66
2015;3;Comunidad;3;Principado de Asturias;98;PRINCIPADO DE ASTURIAS;729;146004;1150,29;133;279496;322,64
2015;3;Provincia;3;Principado de Asturias;33;Asturias;729;146004;1150,29;133;279496;322,64
2015;3;Comunidad;4;Illes Balears;98;ILLES BALEARS;951;213437;1670,62;93;436852;930,84
2015;3;Provincia;4;Illes Balears;7;Illes Balears;951;213437;1670,62;93;436852;930,84
2015;3;Comunidad;5;Canarias;98;CANARIAS;1969;148092;1636,55;208;437288;471,10
2015;3;Provincia;5;Canarias;35;Las Palmas;1053;151362;1980,57;117;446911;470,46
2015;3;Provincia;5;Canarias;38;Santa Cruz de Tenerife;916;144045;1210,91;91;424591;471,96
2015;3;Comunidad;6;Cantabria;98;CANTABRIA;625;125947;1239,77;73;367266;536,86
2015;3;Provincia;6;Cantabria;39;Cantabria;625;125947;1239,77;73;367266;536,86
2015;3;Comunidad;7;Castilla y León;98;CASTILLA Y LEÓN;1831;128721;974,51;545;245412;361,06
2015;3;Provincia;7;Castilla y León;5;Ávila;135;82874;759,34;57;180620;340,11
2015;3;Provincia;7;Castilla y León;9;Burgos;344;126796;991,02;127;179352;436,50
2015;3;Provincia;7;Castilla y León;24;León;278;168789;811,13;72;235529;350,45
2015;3;Provincia;7;Castilla y León;34;Palencia;135;89610;811,92;40;246906;257,50
2015;3;Provincia;7;Castilla y León;37;Salamanca;235;122926;1140,84;75;258768;377,45
2015;3;Provincia;7;Castilla y León;40;Segovia;105;102735;883,88;32;518604;337,97
2015;3;Provincia;7;Castilla y León;42;Soria;92;79478;736,93;44;135403;302,85
2015;3;Provincia;7;Castilla y León;47;Valladolid;418;146118;1185,24;73;285504;338,31
2015;3;Provincia;7;Castilla y León;49;Zamora;89;146369;878,41;25;142329;331,89
2015;3;Comunidad;8;Castilla-La Mancha;98;CASTILLA-LA MANCHA;913;127009;840,73;537;612897;304,94
2015;3;Provincia;8;Castilla-La Mancha;2;Albacete;261;161060;811,08;128;159426;284,94
2015;3;Provincia;8;Castilla-La Mancha;13;Ciudad Real;193;121742;858,83;90;209983;286,57
2015;3;Provincia;8;Castilla-La Mancha;16;Cuenca;68;97223;831,67;36;129310;239,28
2015;3;Provincia;8;Castilla-La Mancha;19;Guadalajara;143;93883;726,03;114;1125240;318,53
2015;3;Provincia;8;Castilla-La Mancha;45;Toledo;248;125279;937,62;169;656006;320,55
2015;3;Comunidad;9;Cataluña;98;CATALUÑA;6188;180091;1374,36;1250;819411;616,06
2015;3;Provincia;9;Cataluña;8;Barcelona;4591;199307;1487,78;879;1008327;746,41
2015;3;Provincia;9;Cataluña;17;Girona;654;131261;1190,36;152;540142;434,26
2015;3;Provincia;9;Cataluña;25;Lleida;382;119680;933,61;84;463017;270,24
2015;3;Provincia;9;Cataluña;43;Tarragona;561;123241;966,37;135;419791;362,96
2015;3;Comunidad;10;Comunitat Valenciana;98;COMUNITAT VALENCIANA;4320;138382;953,81;886;297224;409,36
2015;3;Provincia;10;Comunitat Valenciana;3;Alicante / Alacant;1855;154460;993,61;245;235333;414,71
2015;3;Provincia;10;Comunitat Valenciana;12;Castellón / Castelló;534;81014;688,55;171;194534;389,77
2015;3;Provincia;10;Comunitat Valenciana;46;Valencia / València;1931;141756;1001,71;470;378324;415,52
2015;3;Comunidad;11;Extremadura;98;EXTREMADURA;556;133312;873,28;238;152805;258,68
2015;3;Provincia;11;Extremadura;6;Badajoz;343;155967;888,87;149;140652;237,96
2015;3;Provincia;11;Extremadura;10;Cáceres;213;92311;845,07;89;177111;300,11
2015;3;Comunidad;12;Galicia;98;GALICIA;1723;143772;974,95;266;428112;363,79
2015;3;Provincia;12;Galicia;15;A Coruña;689;102017;937,55;125;459463;363,65
2015;3;Provincia;12;Galicia;27;Lugo;222;221537;954,97;31;377529;316,78
2015;3;Provincia;12;Galicia;32;Ourense;199;125014;816,93;25;214286;245,84
2015;3;Provincia;12;Galicia;36;Pontevedra;613;176017;1063,02;85;424275;398,77
2015;3;Comunidad;13;Comunidad de Madrid;98;COMUNIDAD DE MADRID;4726;293679;2111,61;821;1031117;825,49
2015;3;Provincia;13;Comunidad de Madrid;28;Madrid;4726;293679;2111,61;821;1031117;825,49
2015;3;Comunidad;14;Región de Murcia;98;REGIÓN DE MURCIA;1000;116012;893,17;339;220607;260,16
2015;3;Provincia;14;Región de Murcia;30;Murcia;1000;116012;893,17;339;220607;260,16
2015;3;Comunidad;15;C. Foral de Navarra;98;C. FORAL DE NAVARRA;666;133458;1091,35;156;249702;427,13
2015;3;Provincia;15;C. Foral de Navarra;31;Navarra;666;133458;1091,35;156;249702;427,13
2015;3;Comunidad;16;País Vasco;98;PAÍS VASCO;2499;168304;1785,47;467;392560;668,53
2015;3;Provincia;16;País Vasco;1;Araba / Álava;339;146545;1363,97;87;201614;513,10
2015;3;Provincia;16;País Vasco;20;Gipuzkoa;932;168118;1743,16;188;514998;640,57
2015;3;Provincia;16;País Vasco;48;Bizkaia;1228;173322;1912,09;192;325347;754,57
2015;3;Comunidad;17;La Rioja;98;LA RIOJA;468;72322;849,22;94;139445;341,23
2015;3;Provincia;17;La Rioja;26;La Rioja;468;72322;849,22;94;139445;341,23
2015;3;Comunidad;18;Ceuta;98;CEUTA;28;151157;2066,78;5;272950;831,23
2015;3;Provincia;18;Ceuta;51;Ceuta;28;151157;2066,78;5;272950;831,23
2015;3;Comunidad;19;Melilla;98;MELILLA;33;199681;1747,69;15;330455;798,16
2015;3;Provincia;19;Melilla;52;Melilla;33;199681;1747,69;15;330455;798,16
2015;4;Nacional;99;ESPAÑA;99;ESPAÑA;35712;170618;1335,90;8242;476360;471,15
2015;4;Comunidad;1;Andalucía;98;ANDALUCÍA;5295;115317;1124,93;1452;230203;366,76
2015;4;Provincia;1;Andalucía;4;Almería;474;124566;843,48;127;323768;391,51
2015;4;Provincia;1;Andalucía;11;Cádiz;752;103159;1075,04;175;257730;388,03
2015;4;Provincia;1;Andalucía;14;Córdoba;521;113000;1010,96;162;188467;397,13
2015;4;Provincia;1;Andalucía;18;Granada;665;93730;1054,33;117;221716;321,94
2015;4;Provincia;1;Andalucía;21;Huelva;304;125242;933,61;95;110525;300,67
2015;4;Provincia;1;Andalucía;23;Jaén;334;78167;780,59;88;174864;295,84
2015;4;Provincia;1;Andalucía;29;Málaga;1300;137502;1470,03;139;289390;547,21
2015;4;Provincia;1;Andalucía;41;Sevilla;945;116498;1144,67;549;222543;339,38
2015;4;Comunidad;2;Aragón;98;ARAGÓN;865;125315;1075,73;491;198959;368,70
2015;4;Provincia;2;Aragón;22;Huesca;187;95655;875,66;82;192546;327,01
2015;4;Provincia;2;Aragón;44;Teruel;84;101446;884,60;31;510206;315,03
2015;4;Provincia;2;Aragón;50;Zaragoza;594;137744;1163,56;378;184389;391,23
2015;4;Comunidad;3;Principado de Asturias;98;PRINCIPADO DE ASTURIAS;739;146897;1124,46;111;241953;310,38
2015;4;Provincia;3;Principado de Asturias;33;Asturias;739;146897;1124,46;111;241953;310,38
2015;4;Comunidad;4;Illes Balears;98;ILLES BALEARS;935;212072;1694,34;102;486544;942,18
2015;4;Provincia;4;Illes Balears;7;Illes Balears;935;212072;1694,34;102;486544;942,18
2015;4;Comunidad;5;Canarias;98;CANARIAS;1928;160663;1623,77;227;428831;464,82
2015;4;Provincia;5;Canarias;35;Las Palmas;987;160192;1985,64;136;428234;460,35
2015;4;Provincia;5;Canarias;38;Santa Cruz de Tenerife;941;161204;1207,94;91;429689;471,24
2015;4;Comunidad;6;Cantabria;98;CANTABRIA;692;110159;1243,42;83;391258;565,15
2015;4;Provincia;6;Cantabria;39;Cantabria;692;110159;1243,42;83;391258;565,15
2015;4;Comunidad;7;Castilla y León;98;CASTILLA Y LEÓN;1795;139211;972,31;540;244869;388,81
2015;4;Provincia;7;Castilla y León;5;Ávila;126;89773;853,04;59;188850;339,41
2015;4;Provincia;7;Castilla y León;9;Burgos;333;155073;1043,49;121;216411;577,89
2015;4;Provincia;7;Castilla y León;24;León;294;164303;804,14;72;188620;336,81
2015;4;Provincia;7;Castilla y León;34;Palencia;139;90272;768,58;37;265988;266,54
2015;4;Provincia;7;Castilla y León;37;Salamanca;224;164241;1163,53;73;249488;350,02
2015;4;Provincia;7;Castilla y León;40;Segovia;88;117525;890,79;30;164149;346,07
2015;4;Provincia;7;Castilla y León;42;Soria;87;65929;694,17;42;268492;348,97
2015;4;Provincia;7;Castilla y León;47;Valladolid;398;153227;1148,54;80;323290;328,08
2015;4;Provincia;7;Castilla y León;49;Zamora;106;109842;807,41;26;163096;332,03
2015;4;Comunidad;8;Castilla-La Mancha;98;CASTILLA-LA MANCHA;945;111445;821,17;540;491762;315,05
2015;4;Provincia;8;Castilla-La Mancha;2;Albacete;246;101497;776,82;143;163504;339,11
2015;4;Provincia;8;Castilla-La Mancha;13;Ciudad Real;202;115355;830,69;90;187407;279,69
2015;4;Provincia;8;Castilla-La Mancha;16;Cuenca;69;105635;873,03;35;180677;215,64
2015;4;Provincia;8;Castilla-La Mancha;19;Guadalajara;141;101831;692,86;96;760412;330,81
2015;4;Provincia;8;Castilla-La Mancha;45;Toledo;287;124978;916,34;176;677396;320,55
2015;4;Comunidad;9;Cataluña;98;CATALUÑA;6392;184752;1373,12;1315;740704;578,00
2015;4;Provincia;9;Cataluña;8;Barcelona;4800;203579;1495,38;907;881279;687,82
2015;4;Provincia;9;Cataluña;17;Girona;615;132239;1133,46;154;591530;434,55
2015;4;Provincia;9;Cataluña;25;Lleida;393;112907;918,26;95;313091;302,95
2015;4;Provincia;9;Cataluña;43;Tarragona;584;132975;928,85;159;470267;385,26
2015;4;Comunidad;10;Comunitat Valenciana;98;COMUNITAT VALENCIANA;4245;137956;948,92;949;325388;418,76
2015;4;Provincia;10;Comunitat Valenciana;3;Alicante / Alacant;1835;151768;987,91;270;251086;406,24
2015;4;Provincia;10;Comunitat Valenciana;12;Castellón / Castelló;514;82727;697,28;174;201702;397,82
2015;4;Provincia;10;Comunitat Valenciana;46;Valencia / València;1896;142058;989,68;505;431317;436,66
2015;4;Comunidad;11;Extremadura;98;EXTREMADURA;554;135173;832,52;239;166481;265,11
2015;4;Provincia;11;Extremadura;6;Badajoz;336;155936;828,58;151;169908;244,84
2015;4;Provincia;11;Extremadura;10;Cáceres;218;100190;839,14;88;159901;304,03
2015;4;Comunidad;12;Galicia;98;GALICIA;1723;154378;1012,43;254;478327;380,10
2015;4;Provincia;12;Galicia;15;A Coruña;720;130777;1050,80;122;469971;366,41
2015;4;Provincia;12;Galicia;27;Lugo;222;225850;959,63;31;434896;423,38
2015;4;Provincia;12;Galicia;32;Ourense;213;112824;763,57;24;201000;256,55
2015;4;Provincia;12;Galicia;36;Pontevedra;568;176660;1052,30;77;543400;403,22
2015;4;Comunidad;13;Comunidad de Madrid;98;COMUNIDAD DE MADRID;4836;305222;2089,23;854;1272554;778,80
2015;4;Provincia;13;Comunidad de Madrid;28;Madrid;4836;305222;2089,23;854;1272554;778,80
2015;4;Comunidad;14;Región de Murcia;98;REGIÓN DE MURCIA;1023;104170;905,02;342;224207;266,25
2015;4;Provincia;14;Región de Murcia;30;Murcia;1023;104170;905,02;342;224207;266,25
2015;4;Comunidad;15;C. Foral de Navarra;98;C. FORAL DE NAVARRA;677;127951;1027,09;162;256992;478,30
2015;4;Provincia;15;C. Foral de Navarra;31;Navarra;677;127951;1027,09;162;256992;478,30
2015;4;Comunidad;16;País Vasco;98;PAÍS VASCO;2532;201791;1834,52;469;518706;677,86
2015;4;Provincia;16;País Vasco;1;Araba / Álava;315;153311;1359,52;96;224360;537,05
2015;4;Provincia;16;País Vasco;20;Gipuzkoa;961;176819;1781,62;184;665091;704,99
2015;4;Provincia;16;País Vasco;48;Bizkaia;1256;231542;1974,11;189;464208;699,36
2015;4;Comunidad;17;La Rioja;98;LA RIOJA;471;75045;880,49;97;145341;341,41
2015;4;Provincia;17;La Rioja;26;La Rioja;471;75045;880,49;97;145341;341,41
2015;4;Comunidad;18;Ceuta;98;CEUTA;30;170984;1946,91;2;105000;1019,42
2015;4;Provincia;18;Ceuta;51;Ceuta;30;170984;1946,91;2;105000;1019,42
2015;4;Comunidad;19;Melilla;98;MELILLA;35;186515;1693,76;13;326500;785,82
2015;4;Provincia;19;Melilla;52;Melilla;35;186515;1693,76;13;326500;785,82
2016;1;Nacional;99;ESPAÑA;99;ESPAÑA;36359;162773;1323,27;8559;505801;477,92
2016;1;Comunidad;1;Andalucía;98;ANDALUCÍA;5520;115772;1117,73;1474;196823;362,10
2016;1;Provincia;1;Andalucía;4;Almería;469;107639;832,82;114;246629;382,44
2016;1;Provincia;1;Andalucía;11;Cádiz;731;106586;1130,41;188;206417;380,26
2016;1;Provincia;1;Andalucía;14;Córdoba;601;122298;1005,51;190;222223;376,77
2016;1;Provincia;1;Andalucía;18;Granada;678;95133;996,93;117;272807;346,64
2016;1;Provincia;1;Andalucía;21;Huelva;335;140469;919,11;87;114936;283,86
2016;1;Provincia;1;Andalucía;23;Jaén;337;74664;769,37;77;202500;299,13
2016;1;Provincia;1;Andalucía;29;Málaga;1389;137116;1394,75;149;211888;537,32
2016;1;Provincia;1;Andalucía;41;Sevilla;980;113210;1197,22;552;171962;333,26
2016;1;Comunidad;2;Aragón;98;ARAGÓN;916;124215;1060,82;519;232198;387,23
2016;1;Provincia;2;Aragón;22;Huesca;213;92490;904,61;92;192285;324,38
2016;1;Provincia;2;Aragón;44;Teruel;88;91706;863,97;34;389533;216,20
2016;1;Provincia;2;Aragón;50;Zaragoza;615;140403;1145,68;393;245141;424,83
2016;1;Comunidad;3;Principado de Asturias;98;PRINCIPADO DE ASTURIAS;784;133443;1064,98;133;308748;321,64
2016;1;Provincia;3;Principado de Asturias;33;Asturias;784;133443;1064,98;133;308748;321,64
2016;1;Comunidad;4;Illes Balears;98;ILLES BALEARS;941;185806;1568,27;97;548489;740,59
2016;1;Provincia;4;Illes Balears;7;Illes Balears;941;185806;1568,27;97;548489;740,59
2016;1;Comunidad;5;Canarias;98;CANARIAS;1949;149260;1585,89;228;412331;472,21
2016;1;Provincia;5;Canarias;35;Las Palmas;1075;139717;1909,15;150;366953;450,19
2016;1;Provincia;5;Canarias;38;Santa Cruz de Tenerife;874;160364;1209,74;78;499106;514,30
2016;1;Comunidad;6;Cantabria;98;CANTABRIA;697;90000;1269,90;86;458662;559,29
2016;1;Provincia;6;Cantabria;39;Cantabria;697;90000;1269,90;86;458662;559,29
2016;1;Comunidad;7;Castilla y León;98;CASTILLA Y LEÓN;1815;145048;1005,01;574;254171;381,14
2016;1;Provincia;7;Castilla y León;5;Ávila;110;76123;802,25;65;231078;354,73
2016;1;Provincia;7;Castilla y León;9;Burgos;355;168644;1128,24;142;180957;511,51
2016;1;Provincia;7;Castilla y León;24;León;307;173086;880,13;72;412848;335,52
2016;1;Provincia;7;Castilla y León;34;Palencia;141;103891;933,36;39;217917;317,16
2016;1;Provincia;7;Castilla y León;37;Salamanca;218;162913;1101,11;71;269998;348,85
2016;1;Provincia;7;Castilla y León;40;Segovia;92;124067;992,61;37;184591;319,65
2016;1;Provincia;7;Castilla y León;42;Soria;88;84027;678,61;38;300039;326,61
2016;1;Provincia;7;Castilla y León;47;Valladolid;390;154586;1144,82;92;307588;339,19
2016;1;Provincia;7;Castilla y León;49;Zamora;114;105001;835,31;18;187292;276,57
2016;1;Comunidad;8;Castilla-La Mancha;98;CASTILLA-LA MANCHA;955;112769;830,73;543;529539;324,97
2016;1;Provincia;8;Castilla-La Mancha;2;Albacete;251;114210;815,82;153;178759;355,54
2016;1;Provincia;8;Castilla-La Mancha;13;Ciudad Real;195;117256;892,54;75;192708;248,60
2016;1;Provincia;8;Castilla-La Mancha;16;Cuenca;64;105772;918,93;36;210094;222,45
2016;1;Provincia;8;Castilla-La Mancha;19;Guadalajara;152;90124;702,28;82;834900;348,50
2016;1;Provincia;8;Castilla-La Mancha;45;Toledo;293;123647;859,58;197;709855;331,47
2016;1;Comunidad;9;Cataluña;98;CATALUÑA;6579;174240;1393,99;1299;960503;616,39
2016;1;Provincia;9;Cataluña;8;Barcelona;4940;192334;1521,40;910;1190879;743,30
2016;1;Provincia;9;Cataluña;17;Girona;622;126228;1175,06;136;789305;416,33
2016;1;Provincia;9;Cataluña;25;Lleida;409;113755;890,99;97;284997;315,00
2016;1;Provincia;9;Cataluña;43;Tarragona;608;116100;902,90;156;399103;382,24
2016;1;Comunidad;10;Comunitat Valenciana;98;COMUNITAT VALENCIANA;4310;119588;904,94;1049;322147;404,49
2016;1;Provincia;10;Comunitat Valenciana;3;Alicante / Alacant;1801;113848;958,82;287;268251;414,14
2016;1;Provincia;10;Comunitat Valenciana;12;Castellón / Castelló;485;82630;650,54;208;186615;350,98
2016;1;Provincia;10;Comunitat Valenciana;46;Valencia / València;2024;134478;928,86;554;437132;428,78
2016;1;Comunidad;11;Extremadura;98;EXTREMADURA;575;131824;850,68;263;149119;261,31
2016;1;Provincia;11;Extremadura;6;Badajoz;341;153091;851,11;169;152430;255,66
2016;1;Provincia;11;Extremadura;10;Cáceres;234;102006;850,07;94;141601;274,16
2016;1;Comunidad;12;Galicia;98;GALICIA;1727;147265;1033,58;222;531071;387,92
2016;1;Provincia;12;Galicia;15;A Coruña;708;156721;1139,23;95;557275;360,60
2016;1;Provincia;12;Galicia;27;Lugo;228;192052;854,24;26;362081;427,40
2016;1;Provincia;12;Galicia;32;Ourense;233;109061;730,56;25;980167;245,96
2016;1;Provincia;12;Galicia;36;Pontevedra;558;132717;1044,72;76;529294;410,77
2016;1;Comunidad;13;Comunidad de Madrid;98;COMUNIDAD DE MADRID;4866;299086;2125,75;926;1143470;775,31
2016;1;Provincia;13;Comunidad de Madrid;28;Madrid;4866;299086;2125,75;926;1143470;775,31
2016;1;Comunidad;14;Región de Murcia;98;REGIÓN DE MURCIA;1017;103112;891,74;352;192192;263,01
2016;1;Provincia;14;Región de Murcia;30;Murcia;1017;103112;891,74;352;192192;263,01
2016;1;Comunidad;15;C. Foral de Navarra;98;C. FORAL DE NAVARRA;675;134187;978,02;178;289930;462,39
2016;1;Provincia;15;C. Foral de Navarra;31;Navarra;675;134187;978,02;178;289930;462,39
2016;1;Comunidad;16;País Vasco;98;PAÍS VASCO;2519;191106;1715,36;511;814562;746,70
2016;1;Provincia;16;País Vasco;1;Araba / Álava;293;161394;1418,37;132;1788116;881,18
2016;1;Provincia;16;País Vasco;20;Gipuzkoa;954;159131;1699,69;188;643909;694,55
2016;1;Provincia;16;País Vasco;48;Bizkaia;1272;222389;1786,49;191;454601;727,45
2016;1;Comunidad;17;La Rioja;98;LA RIOJA;454;80782;932,38;94;158395;359,39
2016;1;Provincia;17;La Rioja;26;La Rioja;454;80782;932,38;94;158395;359,39
2016;1;Comunidad;18;Ceuta;98;CEUTA;26;155591;1948,88;1;265000;898,31
2016;1;Provincia;18;Ceuta;51;Ceuta;26;155591;1948,88;1;265000;898,31
2016;1;Comunidad;19;Melilla;98;MELILLA;34;172530;1453,77;10;332174;760,56
2016;1;Provincia;19;Melilla;52;Melilla;34;172530;1453,77;10;332174;760,56
2016;2;Nacional;99;ESPAÑA;99;ESPAÑA;38319;158675;1305,16;8913;547892;481,65
2016;2;Comunidad;1;Andalucía;98;ANDALUCÍA;5819;113187;1114,55;1565;354778;362,08
2016;2;Provincia;1;Andalucía;4;Almería;480;103786;822,84;128;223189;352,28
2016;2;Provincia;1;Andalucía;11;Cádiz;771;97947;1111,58;244;1210515;380,21
2016;2;Provincia;1;Andalucía;14;Córdoba;691;134860;1066,54;228;203477;379,97
2016;2;Provincia;1;Andalucía;18;Granada;725;96704;1037,98;117;296624;348,06
2016;2;Provincia;1;Andalucía;21;Huelva;312;126325;890,53;103;115571;316,00
2016;2;Provincia;1;Andalucía;23;Jaén;335;73387;766,18;96;229641;296,90
2016;2;Provincia;1;Andalucía;29;Málaga;1498;132074;1366,15;144;204619;532,26
2016;2;Provincia;1;Andalucía;41;Sevilla;1007;108601;1167,83;505;163864;333,42
2016;2;Comunidad;2;Aragón;98;ARAGÓN;982;134202;1003,87;520;225594;361,88
2016;2;Provincia;2;Aragón;22;Huesca;219;68386;759,36;106;192391;312,94
2016;2;Provincia;2;Aragón;44;Teruel;78;81485;832,31;40;218601;230,98
2016;2;Provincia;2;Aragón;50;Zaragoza;685;162538;1106,25;374;244305;392,74
2016;2;Comunidad;3;Principado de Asturias;98;PRINCIPADO DE ASTURIAS;823;143450;1048,63;170;415679;352,89
2016;2;Provincia;3;Principado de Asturias;33;Asturias;823;143450;1048,63;170;415679;352,89
2016;2;Comunidad;4;Illes Balears;98;ILLES BALEARS;1069;147365;1525,55;101;493538;693,76
2016;2;Provincia;4;Illes Balears;7;Illes Balears;1069;147365;1525,55;101;493538;693,76
2016;2;Comunidad;5;Canarias;98;CANARIAS;1969;137971;1495,81;225;413477;476,24
2016;2;Provincia;5;Canarias;35;Las Palmas;1098;123657;1670,76;145;360889;452,00
2016;2;Provincia;5;Canarias;38;Santa Cruz de Tenerife;871;155264;1284,43;80;503499;517,73
2016;2;Comunidad;6;Cantabria;98;CANTABRIA;563;91571;1276,81;85;445296;566,90
2016;2;Provincia;6;Cantabria;39;Cantabria;563;91571;1276,81;85;445296;566,90
2016;2;Comunidad;7;Castilla y León;98;CASTILLA Y LEÓN;1905;145214;980,54;587;252191;383,11
2016;2;Provincia;7;Castilla y León;5;Ávila;102;97161;732,45;62;213898;352,18
2016;2;Provincia;7;Castilla y León;9;Burgos;400;141363;1099,07;131;191206;511,45
2016;2;Provincia;7;Castilla y León;24;León;312;151007;784,47;83;457670;273,17
2016;2;Provincia;7;Castilla y León;34;Palencia;130;83690;852,14;38;204761;305,38
2016;2;Provincia;7;Castilla y León;37;Salamanca;267;136705;1071,41;70;219162;330,15
2016;2;Provincia;7;Castilla y León;40;Segovia;85;115028;998,40;41;198050;327,23
2016;2;Provincia;7;Castilla y León;42;Soria;106;70319;629,33;43;324592;326,58
2016;2;Provincia;7;Castilla y León;47;Valladolid;391;217578;1153,89;98;343734;358,37
2016;2;Provincia;7;Castilla y León;49;Zamora;112;123163;928,85;21;139711;394,03
2016;2;Comunidad;8;Castilla-La Mancha;98;CASTILLA-LA MANCHA;924;118234;807,66;550;503701;327,88
2016;2;Provincia;8;Castilla-La Mancha;2;Albacete;272;113665;842,15;158;201796;344,36
2016;2;Provincia;8;Castilla-La Mancha;13;Ciudad Real;174;131364;834,74;76;216027;241,13
2016;2;Provincia;8;Castilla-La Mancha;16;Cuenca;69;171349;919,95;42;332258;241,88
2016;2;Provincia;8;Castilla-La Mancha;19;Guadalajara;141;97114;740,70;81;913655;381,09
2016;2;Provincia;8;Castilla-La Mancha;45;Toledo;268;115499;771,37;193;583292;330,20
2016;2;Comunidad;9;Cataluña;98;CATALUÑA;6887;164863;1366,22;1319;972735;635,11
2016;2;Provincia;9;Cataluña;8;Barcelona;5240;183616;1502,81;956;1194115;762,89
2016;2;Provincia;9;Cataluña;17;Girona;616;119404;1129,74;137;813330;420,36
2016;2;Provincia;9;Cataluña;25;Lleida;409;88052;771,41;93;263910;324,46
2016;2;Provincia;9;Cataluña;43;Tarragona;622;103584;845,31;133;454256;403,31
2016;2;Comunidad;10;Comunitat Valenciana;98;COMUNITAT VALENCIANA;4859;123487;921,72;1114;323982;405,20
2016;2;Provincia;10;Comunitat Valenciana;3;Alicante / Alacant;1884;106560;923,59;299;262419;427,95
2016;2;Provincia;10;Comunitat Valenciana;12;Castellón / Castelló;499;86902;675,86;232;248915;363,96
2016;2;Provincia;10;Comunitat Valenciana;46;Valencia / València;2476;145599;977,87;583;406208;414,67
2016;2;Comunidad;11;Extremadura;98;EXTREMADURA;584;120665;804,88;280;136160;253,44
2016;2;Provincia;11;Extremadura;6;Badajoz;366;142461;802,45;187;126126;252,76
2016;2;Provincia;11;Extremadura;10;Cáceres;218;87013;808,62;93;163984;255,33
2016;2;Comunidad;12;Galicia;98;GALICIA;1696;132458;1028,78;235;532583;359,55
2016;2;Provincia;12;Galicia;15;A Coruña;715;150161;1145,31;113;509129;325,33
2016;2;Provincia;12;Galicia;27;Lugo;221;91392;671,58;27;359389;419,70
2016;2;Provincia;12;Galicia;32;Ourense;228;78945;653,12;26;985167;247,43
2016;2;Provincia;12;Galicia;36;Pontevedra;532;138209;1102,84;69;584123;386,15
2016;2;Comunidad;13;Comunidad de Madrid;98;COMUNIDAD DE MADRID;5074;288098;2110,24;995;1211314;795,90
2016;2;Provincia;13;Comunidad de Madrid;28;Madrid;5074;288098;2110,24;995;1211314;795,90
2016;2;Comunidad;14;Región de Murcia;98;REGIÓN DE MURCIA;1098;100354;868,74;375;178677;268,31
2016;2;Provincia;14;Región de Murcia;30;Murcia;1098;100354;868,74;375;178677;268,31
2016;2;Comunidad;15;C. Foral de Navarra;98;C. FORAL DE NAVARRA;719;120341;977,63;172;292568;444,60
2016;2;Provincia;15;C. Foral de Navarra;31;Navarra;719;120341;977,63;172;292568;444,60
2016;2;Comunidad;16;País Vasco;98;PAÍS VASCO;2733;199057;1649,22;526;763205;740,72
2016;2;Provincia;16;País Vasco;1;Araba / Álava;321;135784;1471,10;151;1480049;778,47
2016;2;Provincia;16;País Vasco;20;Gipuzkoa;1024;140524;1655,32;186;641735;674,65
2016;2;Provincia;16;País Vasco;48;Bizkaia;1388;257862;1680,92;189;422551;779,81
2016;2;Comunidad;17;La Rioja;98;LA RIOJA;541;83901;951,95;85;198584;365,41
2016;2;Provincia;17;La Rioja;26;La Rioja;541;83901;951,95;85;198584;365,41
2016;2;Comunidad;18;Ceuta;98;CEUTA;38;138520;1741,72;2;382500;879,45
2016;2;Provincia;18;Ceuta;51;Ceuta;38;138520;1741,72;2;382500;879,45
2016;2;Comunidad;19;Melilla;98;MELILLA;36;146162;1414,64;7;345342;811,42
2016;2;Provincia;19;Melilla;52;Melilla;36;146162;1414,64;7;345342;811,42
2016;3;Nacional;99;ESPAÑA;99;ESPAÑA;38996;151090;1303,55;9096;521960;477,45
2016;3;Comunidad;1;Andalucía;98;ANDALUCÍA;5961;106760;1081,57;1591;351136;361,65
2016;3;Provincia;1;Andalucía;4;Almería;501;98146;835,44;123;193501;331,07
2016;3;Provincia;1;Andalucía;11;Cádiz;801;88561;1014,20;253;1146058;388,45
2016;3;Provincia;1;Andalucía;14;Córdoba;666;134176;1042,89;232;210741;379,30
2016;3;Provincia;1;Andalucía;18;Granada;753;92013;1016,48;126;337292;356,44
2016;3;Provincia;1;Andalucía;21;Huelva;301;114692;859,94;117;106948;345,43
2016;3;Provincia;1;Andalucía;23;Jaén;349;72119;748,97;99;225991;276,56
2016;3;Provincia;1;Andalucía;29;Málaga;1570;120784;1306,02;143;269965;520,71
2016;3;Provincia;1;Andalucía;41;Sevilla;1020;106634;1172,67;498;160094;333,62
2016;3;Comunidad;2;Aragón;98;ARAGÓN;982;128556;964,79;510;198166;363,46
2016;3;Provincia;2;Aragón;22;Huesca;226;73848;755,47;82;162702;290,06
2016;3;Provincia;2;Aragón;44;Teruel;81;81262;746,17;59;157805;258,32
2016;3;Provincia;2;Aragón;50;Zaragoza;675;154348;1068,75;369;212867;394,64
2016;3;Comunidad;3;Principado de Asturias;98;PRINCIPADO DE ASTURIAS;798;129633;974,89;157;483833;372,51
2016;3;Provincia;3;Principado de Asturias;33;Asturias;798;129633;974,89;157;483833;372,51
2016;3;Comunidad;4;Illes Balears;98;ILLES BALEARS;1063;142563;1575,21;107;492096;748,01
2016;3;Provincia;4;Illes Balears;7;Illes Balears;1063;142563;1575,21;107;492096;748,01
2016;3;Comunidad;5;Canarias;98;CANARIAS;1993;140616;1474,58;225;439315;470,68
2016;3;Provincia;5;Canarias;35;Las Palmas;1107;130028;1598,63;149;321747;438,60
2016;3;Provincia;5;Canarias;38;Santa Cruz de Tenerife;886;154204;1315,39;76;636591;524,52
2016;3;Comunidad;6;Cantabria;98;CANTABRIA;578;92908;1267,41;90;404588;540,41
2016;3;Provincia;6;Cantabria;39;Cantabria;578;92908;1267,41;90;404588;540,41
2016;3;Comunidad;7;Castilla y León;98;CASTILLA Y LEÓN;1970;139358;1036,47;586;236356;373,67
2016;3;Provincia;7;Castilla y León;5;Ávila;134;94142;737,78;57;146968;277,29
2016;3;Provincia;7;Castilla y León;9;Burgos;442;198436;1379,29;122;225972;533,95
2016;3;Provincia;7;Castilla y León;24;León;335;102356;745,06;94;400836;290,44
2016;3;Provincia;7;Castilla y León;34;Palencia;125;65997;829,53;30;203159;298,24
2016;3;Provincia;7;Castilla y León;37;Salamanca;251;126360;1027,05;72;219815;326,88
2016;3;Provincia;7;Castilla y León;40;Segovia;77;113707;1074,16;40;197855;254,26
2016;3;Provincia;7;Castilla y León;42;Soria;102;79800;661,64;35;335131;321,91
2016;3;Provincia;7;Castilla y León;47;Valladolid;390;175061;1150,10;119;227223;326,30
2016;3;Provincia;7;Castilla y León;49;Zamora;114;107299;903,38;17;135736;380,91
2016;3;Comunidad;8;Castilla-La Mancha;98;CASTILLA-LA MANCHA;908;112579;822,42;557;456553;317,24
2016;3;Provincia;8;Castilla-La Mancha;2;Albacete;234;112849;871,40;144;189903;351,75
2016;3;Provincia;8;Castilla-La Mancha;13;Ciudad Real;179;124096;777,78;92;332102;250,16
2016;3;Provincia;8;Castilla-La Mancha;16;Cuenca;77;149736;834,61;43;283718;279,22
2016;3;Provincia;8;Castilla-La Mancha;19;Guadalajara;147;91330;767,10;76;1281351;351,35
2016;3;Provincia;8;Castilla-La Mancha;45;Toledo;271;108650;844,00;202;258288;323,28
2016;3;Comunidad;9;Cataluña;98;CATALUÑA;7083;165953;1375,43;1390;870315;617,77
2016;3;Provincia;9;Cataluña;8;Barcelona;5429;185454;1526,96;1000;1101405;734,45
2016;3;Provincia;9;Cataluña;17;Girona;627;117668;1074,88;151;539577;435,12
2016;3;Provincia;9;Cataluña;25;Lleida;444;77749;657,50;108;233409;317,71
2016;3;Provincia;9;Cataluña;43;Tarragona;583;102420;819,01;131;450357;406,52
2016;3;Comunidad;10;Comunitat Valenciana;98;COMUNITAT VALENCIANA;4897;109935;897,29;1211;326791;397,37
2016;3;Provincia;10;Comunitat Valenciana;3;Alicante / Alacant;1866;93686;912,17;309;264324;427,01
2016;3;Provincia;10;Comunitat Valenciana;12;Castellón / Castelló;508;69170;618,31;295;251256;348,41
2016;3;Provincia;10;Comunitat Valenciana;46;Valencia / València;2523;132415;950,26;607;416927;409,14
2016;3;Comunidad;11;Extremadura;98;EXTREMADURA;647;89760;773,35;292;131376;237,43
2016;3;Provincia;11;Extremadura;6;Badajoz;365;91337;757,16;190;123885;235,19
2016;3;Provincia;11;Extremadura;10;Cáceres;282;87542;796,12;102;149206;242,74
2016;3;Comunidad;12;Galicia;98;GALICIA;1718;138224;1021,34;246;518763;362,20
2016;3;Provincia;12;Galicia;15;A Coruña;757;152924;1111,74;108;578563;339,32
2016;3;Provincia;12;Galicia;27;Lugo;227;92356;706,54;33;428575;419,74
2016;3;Provincia;12;Galicia;32;Ourense;216;89601;744,30;26;611750;258,67
2016;3;Provincia;12;Galicia;36;Pontevedra;518;147161;1080,46;79;466156;383,75
2016;3;Comunidad;13;Comunidad de Madrid;98;COMUNIDAD DE MADRID;5160;260619;2071,03;998;1081252;768,06
2016;3;Provincia;13;Comunidad de Madrid;28;Madrid;5160;260619;2071,03;998;1081252;768,06
2016;3;Comunidad;14;Región de Murcia;98;REGIÓN DE MURCIA;1119;106438;1052,39;335;181433;273,76
2016;3;Provincia;14;Región de Murcia;30;Murcia;1119;106438;1052,39;335;181433;273,76
2016;3;Comunidad;15;C. Foral de Navarra;98;C. FORAL DE NAVARRA;701;107998;1014,57;183;310450;450,50
2016;3;Provincia;15;C. Foral de Navarra;31;Navarra;701;107998;1014,57;183;310450;450,50
2016;3;Comunidad;16;País Vasco;98;PAÍS VASCO;2815;192667;1688,83;519;768325;746,36
2016;3;Provincia;16;País Vasco;1;Araba / Álava;290;115688;1426,31;148;1611690;811,39
2016;3;Provincia;16;País Vasco;20;Gipuzkoa;1032;148568;1646,66;180;537147;661,73
2016;3;Provincia;16;País Vasco;48;Bizkaia;1493;239817;1768,45;191;530913;796,02
2016;3;Comunidad;17;La Rioja;98;LA RIOJA;533;77429;886,20;86;218970;379,75
2016;3;Provincia;17;La Rioja;26;La Rioja;533;77429;886,20;86;218970;379,75
2016;3;Comunidad;18;Ceuta;98;CEUTA;36;127741;1609,73;2;382500;879,45
2016;3;Provincia;18;Ceuta;51;Ceuta;36;127741;1609,73;2;382500;879,45
2016;3;Comunidad;19;Melilla;98;MELILLA;34;122205;1069,81;11;322647;690,29
2016;3;Provincia;19;Melilla;52;Melilla;34;122205;1069,81;11;322647;690,29
2016;4;Nacional;99;ESPAÑA;99;ESPAÑA;40360;142573;1290,41;9151;504560;478,32
2016;4;Comunidad;1;Andalucía;98;ANDALUCÍA;6177;104916;1065,52;1584;347739;369,14
2016;4;Provincia;1;Andalucía;4;Almería;545;87100;803,24;121;174798;313,62
2016;4;Provincia;1;Andalucía;11;Cádiz;797;91797;1039,00;250;1111097;388,64
2016;4;Provincia;1;Andalucía;14;Córdoba;688;129587;1020,33;248;178691;355,21
2016;4;Provincia;1;Andalucía;18;Granada;795;84793;980,66;130;295821;352,65
2016;4;Provincia;1;Andalucía;21;Huelva;266;108519;864,05;126;99467;341,75
2016;4;Provincia;1;Andalucía;23;Jaén;379;75344;726,20;98;186947;273,44
2016;4;Provincia;1;Andalucía;29;Málaga;1606;124768;1296,65;147;319280;537,09
2016;4;Provincia;1;Andalucía;41;Sevilla;1101;101682;1137,70;464;180594;365,84
2016;4;Comunidad;2;Aragón;98;ARAGÓN;1038;124097;939,22;409;250810;367,62
2016;4;Provincia;2;Aragón;22;Huesca;248;68400;732,23;74;172126;276,68
2016;4;Provincia;2;Aragón;44;Teruel;81;70064;717,78;57;151114;385,27
2016;4;Provincia;2;Aragón;50;Zaragoza;709;151054;1042,13;278;301871;413,34
2016;4;Comunidad;3;Principado de Asturias;98;PRINCIPADO DE ASTURIAS;834;145042;1036,91;167;474657;382,37
2016;4;Provincia;3;Principado de Asturias;33;Asturias;834;145042;1036,91;167;474657;382,37
2016;4;Comunidad;4;Illes Balears;98;ILLES BALEARS;1135;145831;1574,94;111;405349;757,11
2016;4;Provincia;4;Illes Balears;7;Illes Balears;1135;145831;1574,94;111;405349;757,11
2016;4;Comunidad;5;Canarias;98;CANARIAS;2099;128948;1469,90;224;468053;484,55
2016;4;Provincia;5;Canarias;35;Las Palmas;1133;120657;1586,85;140;366886;446,82
2016;4;Provincia;5;Canarias;38;Santa Cruz de Tenerife;966;138612;1333,57;84;620559;541,44
2016;4;Comunidad;6;Cantabria;98;CANTABRIA;496;131124;1293,63;89;410566;503,22
2016;4;Provincia;6;Cantabria;39;Cantabria;496;131124;1293,63;89;410566;503,22
2016;4;Comunidad;7;Castilla y León;98;CASTILLA Y LEÓN;2088;130747;1040,83;617;223226;352,36
2016;4;Provincia;7;Castilla y León;5;Ávila;128;151085;693,37;67;141222;292,03
2016;4;Provincia;7;Castilla y León;9;Burgos;498;160361;1291,88;121;206948;439,83
2016;4;Provincia;7;Castilla y León;24;León;338;117519;755,72;96;398064;293,53
2016;4;Provincia;7;Castilla y León;34;Palencia;122;63123;884,81;31;207852;311,90
2016;4;Provincia;7;Castilla y León;37;Salamanca;272;97873;1069,62;70;267746;345,49
2016;4;Provincia;7;Castilla y León;40;Segovia;93;114724;1117,19;42;186712;272,14
2016;4;Provincia;7;Castilla y León;42;Soria;100;89112;718,97;30;224736;281,62
2016;4;Provincia;7;Castilla y León;47;Valladolid;432;164761;1157,35;136;197514;343,05
2016;4;Provincia;7;Castilla y León;49;Zamora;105;111879;922,26;24;119254;384,57
2016;4;Comunidad;8;Castilla-La Mancha;98;CASTILLA-LA MANCHA;874;109165;823,33;586;355023;301,34
2016;4;Provincia;8;Castilla-La Mancha;2;Albacete;222;121706;856,49;144;233949;293,90
2016;4;Provincia;8;Castilla-La Mancha;13;Ciudad Real;186;125761;791,78;95;310682;259,05
2016;4;Provincia;8;Castilla-La Mancha;16;Cuenca;68;141342;760,66;45;224743;279,26
2016;4;Provincia;8;Castilla-La Mancha;19;Guadalajara;156;79546;776,87;84;709455;329,35
2016;4;Provincia;8;Castilla-La Mancha;45;Toledo;242;98430;869,08;218;260915;320,60
2016;4;Comunidad;9;Cataluña;98;CATALUÑA;7446;154639;1369,13;1462;864961;631,06
2016;4;Provincia;9;Cataluña;8;Barcelona;5691;174268;1519,04;1057;1065659;739,80
2016;4;Provincia;9;Cataluña;17;Girona;662;104993;1026,26;167;607684;470,78
2016;4;Provincia;9;Cataluña;25;Lleida;501;74422;610,39;106;277664;337,01
2016;4;Provincia;9;Cataluña;43;Tarragona;592;87627;893,98;132;423251;401,90
2016;4;Comunidad;10;Comunitat Valenciana;98;COMUNITAT VALENCIANA;5132;106671;897,01;1221;496445;399,15
2016;4;Provincia;10;Comunitat Valenciana;3;Alicante / Alacant;1947;87215;878,79;297;272333;426,20
2016;4;Provincia;10;Comunitat Valenciana;12;Castellón / Castelló;534;75422;626,89;298;335570;358,68
2016;4;Provincia;10;Comunitat Valenciana;46;Valencia / València;2651;129654;974,48;626;733102;408,71
2016;4;Comunidad;11;Extremadura;98;EXTREMADURA;659;86109;785,07;329;138621;233,13
2016;4;Provincia;11;Extremadura;6;Badajoz;375;89052;804,00;206;100845;234,34
2016;4;Provincia;11;Extremadura;10;Cáceres;284;81950;758,32;123;215372;230,66
2016;4;Comunidad;12;Galicia;98;GALICIA;1716;117670;964,71;258;466500;336,13
2016;4;Provincia;12;Galicia;15;A Coruña;757;123511;996,44;104;559126;335,89
2016;4;Provincia;12;Galicia;27;Lugo;239;84463;764,01;38;269115;242,44
2016;4;Provincia;12;Galicia;32;Ourense;201;98243;758,04;33;654050;220,29
2016;4;Provincia;12;Galicia;36;Pontevedra;519;127428;1057,63;83;375080;391,32
2016;4;Comunidad;13;Comunidad de Madrid;98;COMUNIDAD DE MADRID;5226;242906;2065,68;953;868208;759,10
2016;4;Provincia;13;Comunidad de Madrid;28;Madrid;5226;242906;2065,68;953;868208;759,10
2016;4;Comunidad;14;Región de Murcia;98;REGIÓN DE MURCIA;1236;103457;1037,83;330;184596;262,91
2016;4;Provincia;14;Región de Murcia;30;Murcia;1236;103457;1037,83;330;184596;262,91
2016;4;Comunidad;15;C. Foral de Navarra;98;C. FORAL DE NAVARRA;725;154388;1025,09;197;305219;520,14
2016;4;Provincia;15;C. Foral de Navarra;31;Navarra;725;154388;1025,09;197;305219;520,14
2016;4;Comunidad;16;País Vasco;98;PAÍS VASCO;2847;159891;1660,33;500;681416;751,55
2016;4;Provincia;16;País Vasco;1;Araba / Álava;306;114756;1486,29;148;1809442;820,41
2016;4;Provincia;16;País Vasco;20;Gipuzkoa;1017;131955;1594,35;171;367094;634,28
2016;4;Provincia;16;País Vasco;48;Bizkaia;1524;187802;1738,47;181;404316;833,59
2016;4;Comunidad;17;La Rioja;98;LA RIOJA;559;70832;834,12;93;198043;370,76
2016;4;Provincia;17;La Rioja;26;La Rioja;559;70832;834,12;93;198043;370,76
2016;4;Comunidad;18;Ceuta;98;CEUTA;33;104682;1761,17;5;382500;879,45
2016;4;Provincia;18;Ceuta;51;Ceuta;33;104682;1761,17;5;382500;879,45
2016;4;Comunidad;19;Melilla;98;MELILLA;40;111724;1012,72;16;284069;677,86
2016;4;Provincia;19;Melilla;52;Melilla;40;111724;1012,72;16;284069;677,86
2017;1;Nacional;99;ESPAÑA;99;ESPAÑA;42104;144813;1301,25;9470;482214;470,95
2017;1;Comunidad;1;Andalucía;98;ANDALUCÍA;6295;101376;1040,04;1657;330179;366,07
2017;1;Provincia;1;Andalucía;4;Almería;576;99214;860,10;134;156075;289,15
2017;1;Provincia;1;Andalucía;11;Cádiz;762;88138;1008,26;255;1104751;382,82
2017;1;Provincia;1;Andalucía;14;Córdoba;675;108804;966,35;241;151945;374,95
2017;1;Provincia;1;Andalucía;18;Granada;800;78449;947,47;133;273508;338,04
2017;1;Provincia;1;Andalucía;21;Huelva;254;85544;815,61;133;91612;336,84
2017;1;Provincia;1;Andalucía;23;Jaén;379;80192;725,53;124;185923;291,76
2017;1;Provincia;1;Andalucía;29;Málaga;1666;122101;1265,95;151;328218;536,36
2017;1;Provincia;1;Andalucía;41;Sevilla;1183;102130;1092,15;486;156899;362,99
2017;1;Comunidad;2;Aragón;98;ARAGÓN;1040;117498;972,73;406;201885;319,05
2017;1;Provincia;2;Aragón;22;Huesca;249;75564;784,38;67;163635;255,70
2017;1;Provincia;2;Aragón;44;Teruel;78;70765;689,29;53;132309;402,18
2017;1;Provincia;2;Aragón;50;Zaragoza;713;138583;1076,81;286;228637;343,01
2017;1;Comunidad;3;Principado de Asturias;98;PRINCIPADO DE ASTURIAS;821;139897;1075,42;167;441945;399,50
2017;1;Provincia;3;Principado de Asturias;33;Asturias;821;139897;1075,42;167;441945;399,50
2017;1;Comunidad;4;Illes Balears;98;ILLES BALEARS;1128;153371;1535,43;119;345812;744,56
2017;1;Provincia;4;Illes Balears;7;Illes Balears;1128;153371;1535,43;119;345812;744,56
2017;1;Comunidad;5;Canarias;98;CANARIAS;2275;132683;1494,61;236;478900;488,13
2017;1;Provincia;5;Canarias;35;Las Palmas;1147;118569;1634,10;132;372732;456,34
2017;1;Provincia;5;Canarias;38;Santa Cruz de Tenerife;1128;149190;1331,46;104;661950;542,93
2017;1;Comunidad;6;Cantabria;98;CANTABRIA;556;113600;1285,15;92;343930;530,10
2017;1;Provincia;6;Cantabria;39;Cantabria;556;113600;1285,15;92;343930;530,10
2017;1;Comunidad;7;Castilla y León;98;CASTILLA Y LEÓN;2141;135997;1028,22;634;194681;354,11
2017;1;Provincia;7;Castilla y León;5;Ávila;125;165723;735,80;62;127809;284,08
2017;1;Provincia;7;Castilla y León;9;Burgos;507;173700;1252,44;113;190509;457,56
2017;1;Provincia;7;Castilla y León;24;León;356;101123;702,17;98;231370;286,98
2017;1;Provincia;7;Castilla y León;34;Palencia;131;73220;753,76;32;216045;258,19
2017;1;Provincia;7;Castilla y León;37;Salamanca;286;102623;1126,47;69;203220;334,42
2017;1;Provincia;7;Castilla y León;40;Segovia;83;93319;1181,72;39;239482;338,45
2017;1;Provincia;7;Castilla y León;42;Soria;101;74614;832,56;34;165288;317,18
2017;1;Provincia;7;Castilla y León;47;Valladolid;450;176717;1157,94;161;196091;340,65
2017;1;Provincia;7;Castilla y León;49;Zamora;102;166981;901,44;26;111525;377,95
2017;1;Comunidad;8;Castilla-La Mancha;98;CASTILLA-LA MANCHA;923;93037;744,90;627;503958;294,38
2017;1;Provincia;8;Castilla-La Mancha;2;Albacete;241;83369;726,74;162;244252;284,86
2017;1;Provincia;8;Castilla-La Mancha;13;Ciudad Real;216;111407;724,11;106;250892;250,50
2017;1;Provincia;8;Castilla-La Mancha;16;Cuenca;80;129068;700,76;48;282177;258,55
2017;1;Provincia;8;Castilla-La Mancha;19;Guadalajara;140;76285;725,31;100;1502531;364,34
2017;1;Provincia;8;Castilla-La Mancha;45;Toledo;246;84785;808,62;211;223567;295,33
2017;1;Comunidad;9;Cataluña;98;CATALUÑA;7874;149874;1423,64;1541;868570;610,99
2017;1;Provincia;9;Cataluña;8;Barcelona;6041;169066;1585,92;1107;1079509;709,55
2017;1;Provincia;9;Cataluña;17;Girona;720;96993;964,26;181;570104;476,68
2017;1;Provincia;9;Cataluña;25;Lleida;522;63318;620,03;115;269739;333,88
2017;1;Provincia;9;Cataluña;43;Tarragona;591;93458;1003,50;138;454027;406,10
2017;1;Comunidad;10;Comunitat Valenciana;98;COMUNITAT VALENCIANA;5360;106903;919,28;1177;518238;405,13
2017;1;Provincia;10;Comunitat Valenciana;3;Alicante / Alacant;2050;90293;897,15;282;325714;429,91
2017;1;Provincia;10;Comunitat Valenciana;12;Castellón / Castelló;560;67426;639,33;266;350968;374,44
2017;1;Provincia;10;Comunitat Valenciana;46;Valencia / València;2750;130154;1003,36;629;711179;407,42
2017;1;Comunidad;11;Extremadura;98;EXTREMADURA;659;81395;749,12;363;150211;229,62
2017;1;Provincia;11;Extremadura;6;Badajoz;383;83179;782,91;230;122479;227,24
2017;1;Provincia;11;Extremadura;10;Cáceres;276;78596;696,09;133;205284;234,36
2017;1;Comunidad;12;Galicia;98;GALICIA;1739;116854;952,94;280;500994;341,31
2017;1;Provincia;12;Galicia;15;A Coruña;742;111203;973,62;112;648663;368,37
2017;1;Provincia;12;Galicia;27;Lugo;267;144136;890,95;43;276201;261,50
2017;1;Provincia;12;Galicia;32;Ourense;204;87300;763,88;38;452154;218,73
2017;1;Provincia;12;Galicia;36;Pontevedra;526;122504;1005,15;87;397667;370,42
2017;1;Comunidad;13;Comunidad de Madrid;98;COMUNIDAD DE MADRID;5525;272937;2091,90;951;777190;757,58
2017;1;Provincia;13;Comunidad de Madrid;28;Madrid;5525;272937;2091,90;951;777190;757,58
2017;1;Comunidad;14;Región de Murcia;98;REGIÓN DE MURCIA;1279;103721;1032,91;352;223581;263,53
2017;1;Provincia;14;Región de Murcia;30;Murcia;1279;103721;1032,91;352;223581;263,53
2017;1;Comunidad;15;C. Foral de Navarra;98;C. FORAL DE NAVARRA;743;147229;1047,50;218;333077;533,37
2017;1;Provincia;15;C. Foral de Navarra;31;Navarra;743;147229;1047,50;218;333077;533,37
2017;1;Comunidad;16;País Vasco;98;PAÍS VASCO;3064;155564;1601,42;509;426999;708,80
2017;1;Provincia;16;País Vasco;1;Araba / Álava;320;142433;1597,46;121;248293;476,77
2017;1;Provincia;16;País Vasco;20;Gipuzkoa;1072;132428;1569,71;200;460046;670,90
2017;1;Provincia;16;País Vasco;48;Bizkaia;1672;173417;1623,56;188;451399;836,36
2017;1;Comunidad;17;La Rioja;98;LA RIOJA;606;66540;796,71;118;218927;368,67
2017;1;Provincia;17;La Rioja;26;La Rioja;606;66540;796,71;118;218927;368,67
2017;1;Comunidad;18;Ceuta;98;CEUTA;38;113830;1991,67;7;445870;804,95
2017;1;Provincia;18;Ceuta;51;Ceuta;38;113830;1991,67;7;445870;804,95
2017;1;Comunidad;19;Melilla;98;MELILLA;38;94731;1105,02;16;360181;697,36
2017;1;Provincia;19;Melilla;52;Melilla;38;94731;1105,02;16;360181;697,36
2017;2;Nacional;99;ESPAÑA;99;ESPAÑA;43047;150236;1306,72;9465;461609;477,58
2017;2;Comunidad;1;Andalucía;98;ANDALUCÍA;6446;96370;1009,89;1610;184053;363,75
2017;2;Provincia;1;Andalucía;4;Almería;603;97433;821,12;145;143817;270,37
2017;2;Provincia;1;Andalucía;11;Cádiz;803;91931;1002,34;219;176047;373,21
2017;2;Provincia;1;Andalucía;14;Córdoba;625;78491;855,27;214;145325;362,11
2017;2;Provincia;1;Andalucía;18;Granada;837;74598;895,09;157;281727;334,48
2017;2;Provincia;1;Andalucía;21;Huelva;284;74425;749,89;129;79702;317,58
2017;2;Provincia;1;Andalucía;23;Jaén;409;76398;733,12;113;178723;349,20
2017;2;Provincia;1;Andalucía;29;Málaga;1677;122389;1271,97;166;346291;568,11
2017;2;Provincia;1;Andalucía;41;Sevilla;1208;98080;1068,16;467;159459;349,16
2017;2;Comunidad;2;Aragón;98;ARAGÓN;1054;109115;1000,67;393;190044;328,66
2017;2;Provincia;2;Aragón;22;Huesca;259;81999;815,98;64;177327;270,11
2017;2;Provincia;2;Aragón;44;Teruel;87;71932;688,19;49;132309;402,18
2017;2;Provincia;2;Aragón;50;Zaragoza;708;124721;1114,55;280;200691;345,35
2017;2;Comunidad;3;Principado de Asturias;98;PRINCIPADO DE ASTURIAS;853;118000;985,77;138;331105;373,04
2017;2;Provincia;3;Principado de Asturias;33;Asturias;853;118000;985,77;138;331105;373,04
2017;2;Comunidad;4;Illes Balears;98;ILLES BALEARS;1104;152989;1480,81;118;381104;795,30
2017;2;Provincia;4;Illes Balears;7;Illes Balears;1104;152989;1480,81;118;381104;795,30
2017;2;Comunidad;5;Canarias;98;CANARIAS;2403;127989;1439,20;265;525547;493,50
2017;2;Provincia;5;Canarias;35;Las Palmas;1176;116834;1589,19;154;404814;477,04
2017;2;Provincia;5;Canarias;38;Santa Cruz de Tenerife;1227;139590;1283,20;111;763116;525,90
2017;2;Comunidad;6;Cantabria;98;CANTABRIA;584;128295;1353,22;93;342712;545,22
2017;2;Provincia;6;Cantabria;39;Cantabria;584;128295;1353,22;93;342712;545,22
2017;2;Comunidad;7;Castilla y León;98;CASTILLA Y LEÓN;2226;119419;1010,40;616;204841;350,04
2017;2;Provincia;7;Castilla y León;5;Ávila;129;121018;727,14;59;100214;312,29
2017;2;Provincia;7;Castilla y León;9;Burgos;516;181045;1251,78;116;199694;419,99
2017;2;Provincia;7;Castilla y León;24;León;349;87013;675,21;89;197477;356,27
2017;2;Provincia;7;Castilla y León;34;Palencia;130;78787;775,57;34;228784;314,34
2017;2;Provincia;7;Castilla y León;37;Salamanca;277;101177;1114,67;65;232854;322,60
2017;2;Provincia;7;Castilla y León;40;Segovia;109;103369;1022,72;36;253430;366,15
2017;2;Provincia;7;Castilla y León;42;Soria;77;70776;856,64;27;181811;324,97
2017;2;Provincia;7;Castilla y León;47;Valladolid;528;113955;1136,50;167;205445;328,95
2017;2;Provincia;7;Castilla y León;49;Zamora;111;128545;791,70;23;128580;357,28
2017;2;Comunidad;8;Castilla-La Mancha;98;CASTILLA-LA MANCHA;974;74893;704,58;665;570925;293,92
2017;2;Provincia;8;Castilla-La Mancha;2;Albacete;244;77309;650,40;170;241143;312,65
2017;2;Provincia;8;Castilla-La Mancha;13;Ciudad Real;214;79603;703,25;114;236869;243,59
2017;2;Provincia;8;Castilla-La Mancha;16;Cuenca;81;65641;699,33;43;239445;275,85
2017;2;Provincia;8;Castilla-La Mancha;19;Guadalajara;154;63255;663,34;89;2121055;364,92
2017;2;Provincia;8;Castilla-La Mancha;45;Toledo;281;78239;779,13;249;220128;289,22
2017;2;Comunidad;9;Cataluña;98;CATALUÑA;8380;160629;1471,78;1586;861696;621,76
2017;2;Provincia;9;Cataluña;8;Barcelona;6392;181995;1639,49;1148;981387;730,15
2017;2;Provincia;9;Cataluña;17;Girona;753;104154;1003,74;181;583082;468,73
2017;2;Provincia;9;Cataluña;25;Lleida;556;64827;610,24;120;270986;327,15
2017;2;Provincia;9;Cataluña;43;Tarragona;679;93893;1036,90;137;1032638;364,38
2017;2;Comunidad;10;Comunitat Valenciana;98;COMUNITAT VALENCIANA;5236;123141;910,23;1171;502386;405,22
2017;2;Provincia;10;Comunitat Valenciana;3;Alicante / Alacant;2171;88355;906,32;284;333641;428,27
2017;2;Provincia;10;Comunitat Valenciana;12;Castellón / Castelló;554;78245;658,57;257;311868;346,67
2017;2;Provincia;10;Comunitat Valenciana;46;Valencia / València;2511;164754;977,18;630;683139;419,80
2017;2;Comunidad;11;Extremadura;98;EXTREMADURA;694;75445;738,22;331;184532;226,42
2017;2;Provincia;11;Extremadura;6;Badajoz;397;79937;792,26;206;178571;225,28
2017;2;Provincia;11;Extremadura;10;Cáceres;297;68521;654,91;125;196092;228,62
2017;2;Comunidad;12;Galicia;98;GALICIA;1745;121623;970,19;273;511443;335,44
2017;2;Provincia;12;Galicia;15;A Coruña;717;117205;1014,13;103;692695;396,17
2017;2;Provincia;12;Galicia;27;Lugo;270;146520;918,30;43;264051;252,04
2017;2;Provincia;12;Galicia;32;Ourense;237;89232;802,52;38;471083;217,55
2017;2;Provincia;12;Galicia;36;Pontevedra;521;128137;982,30;89;388677;323,63
2017;2;Comunidad;13;Comunidad de Madrid;98;COMUNIDAD DE MADRID;5723;319417;2191,26;956;685398;739,00
2017;2;Provincia;13;Comunidad de Madrid;28;Madrid;5723;319417;2191,26;956;685398;739,00
2017;2;Comunidad;14;Región de Murcia;98;REGIÓN DE MURCIA;1236;101879;1006,01;357;230615;262,50
2017;2;Provincia;14;Región de Murcia;30;Murcia;1236;101879;1006,01;357;230615;262,50
2017;2;Comunidad;15;C. Foral de Navarra;98;C. FORAL DE NAVARRA;733;151630;1046,33;239;358385;562,00
2017;2;Provincia;15;C. Foral de Navarra;31;Navarra;733;151630;1046,33;239;358385;562,00
2017;2;Comunidad;16;País Vasco;98;PAÍS VASCO;3016;128120;1548,01;515;584572;752,34
2017;2;Provincia;16;País Vasco;1;Araba / Álava;299;135372;1371,88;108;334712;554,13
2017;2;Provincia;16;País Vasco;20;Gipuzkoa;1076;122972;1565,89;196;518609;718,84
2017;2;Provincia;16;País Vasco;48;Bizkaia;1641;130581;1563,19;211;711485;831,84
2017;2;Comunidad;17;La Rioja;98;LA RIOJA;573;60466;767,35;118;211149;377,94
2017;2;Provincia;17;La Rioja;26;La Rioja;573;60466;767,35;118;211149;377,94
2017;2;Comunidad;18;Ceuta;98;CEUTA;26;125065;2110,55;6;418805;777,14
2017;2;Provincia;18;Ceuta;51;Ceuta;26;125065;2110,55;6;418805;777,14
2017;2;Comunidad;19;Melilla;98;MELILLA;41;117135;1137,35;15;304705;658,28
2017;2;Provincia;19;Melilla;52;Melilla;41;117135;1137,35;15;304705;658,28
2017;3;Nacional;99;ESPAÑA;99;ESPAÑA;44852;150005;1322,11;9555;454405;488,94
2017;3;Comunidad;1;Andalucía;98;ANDALUCÍA;6838;97115;994,11;1671;186257;378,23
2017;3;Provincia;1;Andalucía;4;Almería;561;89422;807,84;144;136547;283,17
2017;3;Provincia;1;Andalucía;11;Cádiz;807;92518;1007,77;235;202465;400,47
2017;3;Provincia;1;Andalucía;14;Córdoba;659;91141;865,13;237;134822;370,08
2017;3;Provincia;1;Andalucía;18;Granada;877;77178;860,09;146;251943;331,82
2017;3;Provincia;1;Andalucía;21;Huelva;298;71686;719,91;140;89407;310,08
2017;3;Provincia;1;Andalucía;23;Jaén;446;79746;741,51;107;166570;358,83
2017;3;Provincia;1;Andalucía;29;Málaga;1846;122776;1259,41;170;302924;570,27
2017;3;Provincia;1;Andalucía;41;Sevilla;1344;94036;994,56;492;192713;382,05
2017;3;Comunidad;2;Aragón;98;ARAGÓN;1255;111153;991,40;380;194382;371,45
2017;3;Provincia;2;Aragón;22;Huesca;276;73915;817,56;59;160367;276,95
2017;3;Provincia;2;Aragón;44;Teruel;77;58248;667,71;26;141143;428,34
2017;3;Provincia;2;Aragón;50;Zaragoza;902;131525;1094,38;295;212841;405,03
2017;3;Comunidad;3;Principado de Asturias;98;PRINCIPADO DE ASTURIAS;967;114423;921,52;142;278628;385,67
2017;3;Provincia;3;Principado de Asturias;33;Asturias;967;114423;921,52;142;278628;385,67
2017;3;Comunidad;4;Illes Balears;98;ILLES BALEARS;1137;147972;1440,82;116;388269;788,85
2017;3;Provincia;4;Illes Balears;7;Illes Balears;1137;147972;1440,82;116;388269;788,85
2017;3;Comunidad;5;Canarias;98;CANARIAS;2374;122187;1411,14;264;561338;505,29
2017;3;Provincia;5;Canarias;35;Las Palmas;1161;109009;1583,89;158;465926;495,75
2017;3;Provincia;5;Canarias;38;Santa Cruz de Tenerife;1213;135835;1232,23;106;765553;525,70
2017;3;Comunidad;6;Cantabria;98;CANTABRIA;592;128316;1372,03;100;401707;556,66
2017;3;Provincia;6;Cantabria;39;Cantabria;592;128316;1372,03;100;401707;556,66
2017;3;Comunidad;7;Castilla y León;98;CASTILLA Y LEÓN;2129;115530;933,95;609;204875;347,03
2017;3;Provincia;7;Castilla y León;5;Ávila;86;103220;688,94;61;90188;311,08
2017;3;Provincia;7;Castilla y León;9;Burgos;469;138378;975,23;135;154791;388,78
2017;3;Provincia;7;Castilla y León;24;León;351;92947;699,86;78;145275;347,58
2017;3;Provincia;7;Castilla y León;34;Palencia;143;95774;789,07;33;237533;349,76
2017;3;Provincia;7;Castilla y León;37;Salamanca;278;124195;1159,56;63;265122;328,89
2017;3;Provincia;7;Castilla y León;40;Segovia;112;102262;950,25;48;162825;332,60
2017;3;Provincia;7;Castilla y León;42;Soria;68;65755;846,55;28;222111;301,39
2017;3;Provincia;7;Castilla y León;47;Valladolid;502;120784;1053,42;142;239371;340,39
2017;3;Provincia;7;Castilla y León;49;Zamora;120;127557;794,93;21;107000;212,72
2017;3;Comunidad;8;Castilla-La Mancha;98;CASTILLA-LA MANCHA;1021;79735;685,85;694;537229;303,05
2017;3;Provincia;8;Castilla-La Mancha;2;Albacete;280;84967;681,98;173;228887;306,49
2017;3;Provincia;8;Castilla-La Mancha;13;Ciudad Real;214;80399;697,25;102;154340;270,26
2017;3;Provincia;8;Castilla-La Mancha;16;Cuenca;78;61370;622,04;41;246671;253,89
2017;3;Provincia;8;Castilla-La Mancha;19;Guadalajara;150;79047;688,36;108;1963091;339,43
2017;3;Provincia;8;Castilla-La Mancha;45;Toledo;299;79334;696,36;270;198538;310,15
2017;3;Comunidad;9;Cataluña;98;CATALUÑA;8698;153118;1509,44;1555;906352;644,42
2017;3;Provincia;9;Cataluña;8;Barcelona;6654;171940;1681,14;1119;1042367;754,27
2017;3;Provincia;9;Cataluña;17;Girona;767;107610;1015,27;171;549694;477,07
2017;3;Provincia;9;Cataluña;25;Lleida;531;73010;620,11;112;331038;371,74
2017;3;Provincia;9;Cataluña;43;Tarragona;746;86283;1059,30;153;972191;351,52
2017;3;Comunidad;10;Comunitat Valenciana;98;COMUNITAT VALENCIANA;5467;127420;938,20;1174;502945;411,29
2017;3;Provincia;10;Comunitat Valenciana;3;Alicante / Alacant;2235;93782;930,80;292;372965;418,87
2017;3;Provincia;10;Comunitat Valenciana;12;Castellón / Castelló;607;86943;705,44;218;356122;381,69
2017;3;Provincia;10;Comunitat Valenciana;46;Valencia / València;2625;167613;1006,72;664;626765;420,16
2017;3;Comunidad;11;Extremadura;98;EXTREMADURA;721;83415;779,81;330;185944;240,16
2017;3;Provincia;11;Extremadura;6;Badajoz;468;87273;841,30;205;180764;238,49
2017;3;Provincia;11;Extremadura;10;Cáceres;253;76596;671,13;125;195063;243,11
2017;3;Comunidad;12;Galicia;98;GALICIA;1752;118474;963,58;265;475657;325,29
2017;3;Provincia;12;Galicia;15;A Coruña;686;121310;1041,05;95;671422;401,87
2017;3;Provincia;12;Galicia;27;Lugo;291;137644;876,48;37;188039;228,53
2017;3;Provincia;12;Galicia;32;Ourense;255;92165;775,65;42;506875;222,50
2017;3;Provincia;12;Galicia;36;Pontevedra;520;114904;960,67;91;365541;310,72
2017;3;Comunidad;13;Comunidad de Madrid;98;COMUNIDAD DE MADRID;6183;323421;2322,15;980;598316;761,91
2017;3;Provincia;13;Comunidad de Madrid;28;Madrid;6183;323421;2322,15;980;598316;761,91
2017;3;Comunidad;14;Región de Murcia;98;REGIÓN DE MURCIA;1194;96105;836,94;377;214975;260,25
2017;3;Provincia;14;Región de Murcia;30;Murcia;1194;96105;836,94;377;214975;260,25
2017;3;Comunidad;15;C. Foral de Navarra;98;C. FORAL DE NAVARRA;803;144061;1017,44;245;308611;566,81
2017;3;Provincia;15;C. Foral de Navarra;31;Navarra;803;144061;1017,44;245;308611;566,81
2017;3;Comunidad;16;País Vasco;98;PAÍS VASCO;3074;123207;1498,40;513;604070;771,47
2017;3;Provincia;16;País Vasco;1;Araba / Álava;308;142486;1473,97;112;306033;538,53
2017;3;Provincia;16;País Vasco;20;Gipuzkoa;1139;118537;1555,48;191;543195;748,31
2017;3;Provincia;16;País Vasco;48;Bizkaia;1627;123459;1461,56;210;742501;852,10
2017;3;Comunidad;17;La Rioja;98;LA RIOJA;579;65833;788,06;117;192113;364,21
2017;3;Provincia;17;La Rioja;26;La Rioja;579;65833;788,06;117;192113;364,21
2017;3;Comunidad;18;Ceuta;98;CEUTA;28;120362;1987,32;9;339203;718,09
2017;3;Provincia;18;Ceuta;51;Ceuta;28;120362;1987,32;9;339203;718,09
2017;3;Comunidad;19;Melilla;98;MELILLA;40;139821;1081,57;14;312196;737,59
2017;3;Provincia;19;Melilla;52;Melilla;40;139821;1081,57;14;312196;737,59
2017;4;Nacional;99;ESPAÑA;99;ESPAÑA;45829;151116;1325,19;9624;432019;493,51
2017;4;Comunidad;1;Andalucía;98;ANDALUCÍA;7277;96700;998,36;1714;196512;379,56
2017;4;Provincia;1;Andalucía;4;Almería;689;89805;789,30;135;137751;286,04
2017;4;Provincia;1;Andalucía;11;Cádiz;835;83249;946,90;244;214078;405,69
2017;4;Provincia;1;Andalucía;14;Córdoba;663;99004;906,61;237;155957;382,95
2017;4;Provincia;1;Andalucía;18;Granada;946;79092;832,30;144;242993;327,41
2017;4;Provincia;1;Andalucía;21;Huelva;327;71318;742,50;171;94159;318,31
2017;4;Provincia;1;Andalucía;23;Jaén;450;75770;759,95;108;176089;357,55
2017;4;Provincia;1;Andalucía;29;Málaga;1992;119187;1288,10;183;306589;564,49
2017;4;Provincia;1;Andalucía;41;Sevilla;1375;99730;1023,14;492;215793;378,18
2017;4;Comunidad;2;Aragón;98;ARAGÓN;1244;113582;998,85;396;618193;359,05
2017;4;Provincia;2;Aragón;22;Huesca;270;74551;813,97;62;184960;279,35
2017;4;Provincia;2;Aragón;44;Teruel;67;52334;745,74;34;125400;276,29
2017;4;Provincia;2;Aragón;50;Zaragoza;907;134606;1095,19;300;819385;395,56
2017;4;Comunidad;3;Principado de Asturias;98;PRINCIPADO DE ASTURIAS;1005;95839;874,11;134;271161;372,25
2017;4;Provincia;3;Principado de Asturias;33;Asturias;1005;95839;874,11;134;271161;372,25
2017;4;Comunidad;4;Illes Balears;98;ILLES BALEARS;1258;160428;1415,30;115;455662;793,17
2017;4;Provincia;4;Illes Balears;7;Illes Balears;1258;160428;1415,30;115;455662;793,17
2017;4;Comunidad;5;Canarias;98;CANARIAS;2396;121696;1398,61;250;552673;507,56
2017;4;Provincia;5;Canarias;35;Las Palmas;1216;109189;1566,04;147;447430;510,61
2017;4;Provincia;5;Canarias;38;Santa Cruz de Tenerife;1180;135301;1216,49;103;775303;501,10
2017;4;Comunidad;6;Cantabria;98;CANTABRIA;625;115144;1302,26;97;365441;552,46
2017;4;Provincia;6;Cantabria;39;Cantabria;625;115144;1302,26;97;365441;552,46
2017;4;Comunidad;7;Castilla y León;98;CASTILLA Y LEÓN;2076;115983;931,51;623;191656;351,73
2017;4;Provincia;7;Castilla y León;5;Ávila;97;54141;684,89;58;38545;425,51
2017;4;Provincia;7;Castilla y León;9;Burgos;453;143573;979,06;151;153628;386,37
2017;4;Provincia;7;Castilla y León;24;León;346;74590;720,22;90;158978;365,31
2017;4;Provincia;7;Castilla y León;34;Palencia;141;95297;754,39;35;259273;339,03
2017;4;Provincia;7;Castilla y León;37;Salamanca;281;158331;1173,50;68;235973;350,23
2017;4;Provincia;7;Castilla y León;40;Segovia;106;97722;955,85;50;152225;312,35
2017;4;Provincia;7;Castilla y León;42;Soria;62;66467;834,12;33;194445;311,13
2017;4;Provincia;7;Castilla y León;47;Valladolid;463;117512;1018,76;121;243391;333,12
2017;4;Provincia;7;Castilla y León;49;Zamora;127;126990;815,94;17;110333;203,78
2017;4;Comunidad;8;Castilla-La Mancha;98;CASTILLA-LA MANCHA;1056;85812;701,58;711;499077;304,93
2017;4;Provincia;8;Castilla-La Mancha;2;Albacete;302;88977;704,49;159;178477;299,76
2017;4;Provincia;8;Castilla-La Mancha;13;Ciudad Real;192;82297;700,91;102;162337;265,21
2017;4;Provincia;8;Castilla-La Mancha;16;Cuenca;85;64336;696,19;45;265141;267,60
2017;4;Provincia;8;Castilla-La Mancha;19;Guadalajara;150;90107;677,10;129;1442411;332,90
2017;4;Provincia;8;Castilla-La Mancha;45;Toledo;327;88263;713,14;276;175941;316,23
2017;4;Comunidad;9;Cataluña;98;CATALUÑA;8609;155866;1528,91;1515;828848;646,02
2017;4;Provincia;9;Cataluña;8;Barcelona;6614;174444;1703,46;1080;972695;768,24
2017;4;Provincia;9;Cataluña;17;Girona;752;104875;1002,38;182;441196;463,13
2017;4;Provincia;9;Cataluña;25;Lleida;513;79330;654,35;113;280728;374,85
2017;4;Provincia;9;Cataluña;43;Tarragona;730;88298;1025,90;140;953067;336,06
2017;4;Comunidad;10;Comunitat Valenciana;98;COMUNITAT VALENCIANA;5532;132737;946,61;1146;331611;408,97
2017;4;Provincia;10;Comunitat Valenciana;3;Alicante / Alacant;2254;100614;958,34;305;386521;425,93
2017;4;Provincia;10;Comunitat Valenciana;12;Castellón / Castelló;636;84593;701,64;225;221735;373,68
2017;4;Provincia;10;Comunitat Valenciana;46;Valencia / València;2642;174301;1004,28;616;356108;417,18
2017;4;Comunidad;11;Extremadura;98;EXTREMADURA;686;79535;753,32;310;149563;244,05
2017;4;Provincia;11;Extremadura;6;Badajoz;433;82476;796,39;206;169569;246,18
2017;4;Provincia;11;Extremadura;10;Cáceres;253;74505;679,66;104;106271;239,45
2017;4;Comunidad;12;Galicia;98;GALICIA;1802;127869;975,43;252;485316;329,60
2017;4;Provincia;12;Galicia;15;A Coruña;677;142409;1078,65;100;636495;389,66
2017;4;Provincia;12;Galicia;27;Lugo;282;140989;821,89;33;202177;235,89
2017;4;Provincia;12;Galicia;32;Ourense;275;88367;770,10;38;466391;240,87
2017;4;Provincia;12;Galicia;36;Pontevedra;568;116276;974,31;81;387914;301,74
2017;4;Comunidad;13;Comunidad de Madrid;98;COMUNIDAD DE MADRID;6565;308766;2281,45;1035;553372;782,25
2017;4;Provincia;13;Comunidad de Madrid;28;Madrid;6565;308766;2281,45;1035;553372;782,25
2017;4;Comunidad;14;Región de Murcia;98;REGIÓN DE MURCIA;1065;97540;791,73;362;197814;258,52
2017;4;Provincia;14;Región de Murcia;30;Murcia;1065;97540;791,73;362;197814;258,52
2017;4;Comunidad;15;C. Foral de Navarra;98;C. FORAL DE NAVARRA;773;102924;1029,78;244;291041;487,39
2017;4;Provincia;15;C. Foral de Navarra;31;Navarra;773;102924;1029,78;244;291041;487,39
2017;4;Comunidad;16;País Vasco;98;PAÍS VASCO;3219;145969;1497,80;574;694777;774,52
2017;4;Provincia;16;País Vasco;1;Araba / Álava;358;146917;1430,31;112;197965;513,12
2017;4;Provincia;16;País Vasco;20;Gipuzkoa;1206;151074;1630,29;217;597912;734,16
2017;4;Provincia;16;País Vasco;48;Bizkaia;1655;141997;1413,42;245;924483;884,23
2017;4;Comunidad;17;La Rioja;98;LA RIOJA;578;67892;810,55;118;260357;472,78
2017;4;Provincia;17;La Rioja;26;La Rioja;578;67892;810,55;118;260357;472,78
2017;4;Comunidad;18;Ceuta;98;CEUTA;31;111694;1803,86;7;339203;718,09
2017;4;Provincia;18;Ceuta;51;Ceuta;31;111694;1803,86;7;339203;718,09
2017;4;Comunidad;19;Melilla;98;MELILLA;32;168786;1248,18;21;343110;1108,59
2017;4;Provincia;19;Melilla;52;Melilla;32;168786;1248,18;21;343110;1108,59
2018;1;Nacional;99;ESPAÑA;99;ESPAÑA;46682;150399;1298,74;9809;421972;508,75
2018;1;Comunidad;1;Andalucía;98;ANDALUCÍA;7520;96240;1006,74;1747;211397;386,84
2018;1;Provincia;1;Andalucía;4;Almería;707;84608;762,11;126;165703;321,18
2018;1;Provincia;1;Andalucía;11;Cádiz;941;87698;971,99;256;186205;423,68
2018;1;Provincia;1;Andalucía;14;Córdoba;622;95481;907,03;247;168469;378,65
2018;1;Provincia;1;Andalucía;18;Granada;962;75707;806,31;138;246630;328,36
2018;1;Provincia;1;Andalucía;21;Huelva;350;69239;756,25;189;100273;315,31
2018;1;Provincia;1;Andalucía;23;Jaén;500;71925;762,74;105;174586;345,14
2018;1;Provincia;1;Andalucía;29;Málaga;2053;119542;1313,67;189;341615;560,72
2018;1;Provincia;1;Andalucía;41;Sevilla;1385;104361;1048,96;497;258288;383,90
2018;1;Comunidad;2;Aragón;98;ARAGÓN;1317;110656;944,82;397;643967;375,16
2018;1;Provincia;2;Aragón;22;Huesca;274;60884;705,86;63;222354;311,04
2018;1;Provincia;2;Aragón;44;Teruel;81;70352;852,68;41;308631;279,05
2018;1;Provincia;2;Aragón;50;Zaragoza;962;133067;1041,38;293;846521;411,68
2018;1;Comunidad;3;Principado de Asturias;98;PRINCIPADO DE ASTURIAS;1018;97836;832,82;132;323254;410,47
2018;1;Provincia;3;Principado de Asturias;33;Asturias;1018;97836;832,82;132;323254;410,47
2018;1;Comunidad;4;Illes Balears;98;ILLES BALEARS;1352;159813;1444,84;127;509484;821,76
2018;1;Provincia;4;Illes Balears;7;Illes Balears;1352;159813;1444,84;127;509484;821,76
2018;1;Comunidad;5;Canarias;98;CANARIAS;2430;116773;1254,01;238;526199;542,63
2018;1;Provincia;5;Canarias;35;Las Palmas;1316;111993;1370,88;149;448620;540,01
2018;1;Provincia;5;Canarias;38;Santa Cruz de Tenerife;1114;122450;1115,26;89;656330;547,01
2018;1;Comunidad;6;Cantabria;98;CANTABRIA;584;117234;1269,61;88;302148;546,85
2018;1;Provincia;6;Cantabria;39;Cantabria;584;117234;1269,61;88;302148;546,85
2018;1;Comunidad;7;Castilla y León;98;CASTILLA Y LEÓN;2047;119802;908,87;599;207750;350,55
2018;1;Provincia;7;Castilla y León;5;Ávila;106;51404;644,95;64;46786;393,43
2018;1;Provincia;7;Castilla y León;9;Burgos;438;157166;973,75;148;215179;395,65
2018;1;Provincia;7;Castilla y León;24;León;342;67775;689,36;101;289965;435,90
2018;1;Provincia;7;Castilla y León;34;Palencia;124;119283;856,61;31;232346;359,78
2018;1;Provincia;7;Castilla y León;37;Salamanca;270;150669;1124,00;72;219365;348,96
2018;1;Provincia;7;Castilla y León;40;Segovia;103;165663;864,93;45;122721;263,68
2018;1;Provincia;7;Castilla y León;42;Soria;68;50394;625,90;30;191984;293,21
2018;1;Provincia;7;Castilla y León;47;Valladolid;479;112929;988,80;90;257691;331,83
2018;1;Provincia;7;Castilla y León;49;Zamora;117;132005;885,77;18;103143;254,15
2018;1;Comunidad;8;Castilla-La Mancha;98;CASTILLA-LA MANCHA;1018;94308;745,42;716;342978;306,45
2018;1;Provincia;8;Castilla-La Mancha;2;Albacete;280;123379;831,39;145;126421;302,11
2018;1;Provincia;8;Castilla-La Mancha;13;Ciudad Real;174;75455;691,97;111;178828;262,59
2018;1;Provincia;8;Castilla-La Mancha;16;Cuenca;74;57589;646,59;40;180700;285,12
2018;1;Provincia;8;Castilla-La Mancha;19;Guadalajara;168;91309;728,65;123;853198;316,28
2018;1;Provincia;8;Castilla-La Mancha;45;Toledo;322;89239;731,74;297;190968;331,50
2018;1;Comunidad;9;Cataluña;98;CATALUÑA;8524;170811;1491,64;1596;799424;687,74
2018;1;Provincia;9;Cataluña;8;Barcelona;6520;194052;1660,09;1158;924049;828,24
2018;1;Provincia;9;Cataluña;17;Girona;735;107076;1008,69;182;422877;449,00
2018;1;Provincia;9;Cataluña;25;Lleida;514;76032;632,22;114;331485;365,73
2018;1;Provincia;9;Cataluña;43;Tarragona;755;88734;1001,78;142;928652;362,96
2018;1;Comunidad;10;Comunitat Valenciana;98;COMUNITAT VALENCIANA;5760;130023;921,84;1225;308497;406,81
2018;1;Provincia;10;Comunitat Valenciana;3;Alicante / Alacant;2390;96504;950,14;329;324181;411,75
2018;1;Provincia;10;Comunitat Valenciana;12;Castellón / Castelló;696;99237;731,94;267;217115;374,57
2018;1;Provincia;10;Comunitat Valenciana;46;Valencia / València;2674;168784;951,29;629;348921;421,38
2018;1;Comunidad;11;Extremadura;98;EXTREMADURA;699;87641;794,10;264;156691;242,68
2018;1;Provincia;11;Extremadura;6;Badajoz;447;91985;836,51;167;187932;248,25
2018;1;Provincia;11;Extremadura;10;Cáceres;252;79670;716,27;97;97497;232,13
2018;1;Comunidad;12;Galicia;98;GALICIA;1848;119002;965,80;243;366967;336,11
2018;1;Provincia;12;Galicia;15;A Coruña;691;137821;1081,43;103;441803;363,69
2018;1;Provincia;12;Galicia;27;Lugo;259;87693;714,86;28;180931;289,16
2018;1;Provincia;12;Galicia;32;Ourense;286;84793;747,91;38;450783;267,61
2018;1;Provincia;12;Galicia;36;Pontevedra;612;119875;999,22;74;309317;317,02
2018;1;Comunidad;13;Comunidad de Madrid;98;COMUNIDAD DE MADRID;6924;284244;2212,31;1122;540596;798,11
2018;1;Provincia;13;Comunidad de Madrid;28;Madrid;6924;284244;2212,31;1122;540596;798,11
2018;1;Comunidad;14;Región de Murcia;98;REGIÓN DE MURCIA;1084;96239;769,51;366;176934;267,50
2018;1;Provincia;14;Región de Murcia;30;Murcia;1084;96239;769,51;366;176934;267,50
2018;1;Comunidad;15;C. Foral de Navarra;98;C. FORAL DE NAVARRA;766;95557;1012,35;229;405932;473,26
2018;1;Provincia;15;C. Foral de Navarra;31;Navarra;766;95557;1012,35;229;405932;473,26
2018;1;Comunidad;16;País Vasco;98;PAÍS VASCO;3166;145853;1467,70;574;680561;731,66
2018;1;Provincia;16;País Vasco;1;Araba / Álava;394;141633;1311,46;125;176992;489,75
2018;1;Provincia;16;País Vasco;20;Gipuzkoa;1223;154308;1612,33;203;525568;710,65
2018;1;Provincia;16;País Vasco;48;Bizkaia;1549;140371;1392,95;246;964294;816,09
2018;1;Comunidad;17;La Rioja;98;LA RIOJA;567;73170;825,24;119;490684;533,73
2018;1;Provincia;17;La Rioja;26;La Rioja;567;73170;825,24;119;490684;533,73
2018;1;Comunidad;18;Ceuta;98;CEUTA;27;133056;1773,83;4;180000;600,00
2018;1;Provincia;18;Ceuta;51;Ceuta;27;133056;1773,83;4;180000;600,00
2018;1;Comunidad;19;Melilla;98;MELILLA;31;190496;1188,40;23;292124;1147,10
2018;1;Provincia;19;Melilla;52;Melilla;31;190496;1188,40;23;292124;1147,10
2018;2;Nacional;99;ESPAÑA;99;ESPAÑA;47358;143662;1280,65;10069;394691;508,36
2018;2;Comunidad;1;Andalucía;98;ANDALUCÍA;7698;98026;1024,59;1815;212532;386,05
2018;2;Provincia;1;Andalucía;4;Almería;746;82499;761,89;114;220915;350,11
2018;2;Provincia;1;Andalucía;11;Cádiz;973;86247;938,81;275;182829;418,41
2018;2;Provincia;1;Andalucía;14;Córdoba;622;96962;941,79;248;179104;388,78
2018;2;Provincia;1;Andalucía;18;Granada;918;83445;815,25;140;228163;331,80
2018;2;Provincia;1;Andalucía;21;Huelva;373;75143;779,78;178;107909;328,91
2018;2;Provincia;1;Andalucía;23;Jaén;514;72754;761,17;105;143014;273,96
2018;2;Provincia;1;Andalucía;29;Málaga;2142;118510;1339,73;196;302640;521,98
2018;2;Provincia;1;Andalucía;41;Sevilla;1410;108728;1079,25;559;252460;385,36
2018;2;Comunidad;2;Aragón;98;ARAGÓN;1348;107412;923,54;412;669245;386,21
2018;2;Provincia;2;Aragón;22;Huesca;268;55836;686,58;63;215567;303,33
2018;2;Provincia;2;Aragón;44;Teruel;93;79471;846,22;43;292572;426,97
2018;2;Provincia;2;Aragón;50;Zaragoza;987;128358;1012,92;306;885828;407,30
2018;2;Comunidad;3;Principado de Asturias;98;PRINCIPADO DE ASTURIAS;1048;110234;873,41;136;361481;416,44
2018;2;Provincia;3;Principado de Asturias;33;Asturias;1048;110234;873,41;136;361481;416,44
2018;2;Comunidad;4;Illes Balears;98;ILLES BALEARS;1421;178371;1491,99;123;537151;821,14
2018;2;Provincia;4;Illes Balears;7;Illes Balears;1421;178371;1491,99;123;537151;821,14
2018;2;Comunidad;5;Canarias;98;CANARIAS;2303;117796;1299,22;230;531041;582,77
2018;2;Provincia;5;Canarias;35;Las Palmas;1267;112679;1436,28;138;466890;567,67
2018;2;Provincia;5;Canarias;38;Santa Cruz de Tenerife;1036;124575;1117,64;92;618434;603,35
2018;2;Comunidad;6;Cantabria;98;CANTABRIA;586;99827;1172,01;103;249178;498,39
2018;2;Provincia;6;Cantabria;39;Cantabria;586;99827;1172,01;103;249178;498,39
2018;2;Comunidad;7;Castilla y León;98;CASTILLA Y LEÓN;1985;125160;899,92;599;225487;350,82
2018;2;Provincia;7;Castilla y León;5;Ávila;101;50187;594,23;67;56238;387,65
2018;2;Provincia;7;Castilla y León;9;Burgos;413;155027;964,89;135;193631;397,39
2018;2;Provincia;7;Castilla y León;24;León;363;70023;719,32;109;364347;331,43
2018;2;Provincia;7;Castilla y León;34;Palencia;143;151561;879,02;27;237682;309,58
2018;2;Provincia;7;Castilla y León;37;Salamanca;266;159918;1093,24;78;202974;397,82
2018;2;Provincia;7;Castilla y León;40;Segovia;99;198514;951,48;46;260157;259,86
2018;2;Provincia;7;Castilla y León;42;Soria;76;50869;614,53;31;228776;260,25
2018;2;Provincia;7;Castilla y León;47;Valladolid;414;115696;978,02;86;290464;344,77
2018;2;Provincia;7;Castilla y León;49;Zamora;110;136718;865,55;20;103625;289,25
2018;2;Comunidad;8;Castilla-La Mancha;98;CASTILLA-LA MANCHA;1083;107546;766,78;691;293320;317,41
2018;2;Provincia;8;Castilla-La Mancha;2;Albacete;312;126167;851,86;133;124912;339,52
2018;2;Provincia;8;Castilla-La Mancha;13;Ciudad Real;202;120568;685,52;106;179324;280,71
2018;2;Provincia;8;Castilla-La Mancha;16;Cuenca;72;61160;649,51;45;165313;278,86
2018;2;Provincia;8;Castilla-La Mancha;19;Guadalajara;162;87458;735,51;126;630623;315,84
2018;2;Provincia;8;Castilla-La Mancha;45;Toledo;335;101391;780,25;281;213749;336,01
2018;2;Comunidad;9;Cataluña;98;CATALUÑA;8380;160711;1429,29;1552;744090;682,35
2018;2;Provincia;9;Cataluña;8;Barcelona;6467;180807;1580,92;1112;951373;794,12
2018;2;Provincia;9;Cataluña;17;Girona;731;97251;953,33;188;386013;536,33
2018;2;Provincia;9;Cataluña;25;Lleida;487;79752;658,72;116;345304;360,90
2018;2;Provincia;9;Cataluña;43;Tarragona;695;92854;994,18;136;254611;414,43
2018;2;Comunidad;10;Comunitat Valenciana;98;COMUNITAT VALENCIANA;5944;123745;920,17;1317;302943;398,20
2018;2;Provincia;10;Comunitat Valenciana;3;Alicante / Alacant;2462;134420;979,12;346;303284;396,48
2018;2;Provincia;10;Comunitat Valenciana;12;Castellón / Castelló;716;101424;731,45;278;204414;381,18
2018;2;Provincia;10;Comunitat Valenciana;46;Valencia / València;2766;120472;920,38;693;355726;408,10
2018;2;Comunidad;11;Extremadura;98;EXTREMADURA;656;93265;808,91;281;128106;253,92
2018;2;Provincia;11;Extremadura;6;Badajoz;420;90727;807,98;178;134495;257,57
2018;2;Provincia;11;Extremadura;10;Cáceres;236;97883;810,60;103;118081;248,20
2018;2;Comunidad;12;Galicia;98;GALICIA;1910;114408;944,76;244;409171;347,85
2018;2;Provincia;12;Galicia;15;A Coruña;744;136010;1066,46;118;401884;355,90
2018;2;Provincia;12;Galicia;27;Lugo;253;84589;680,99;21;161740;347,55
2018;2;Provincia;12;Galicia;32;Ourense;268;81942;682,98;36;414689;246,16
2018;2;Provincia;12;Galicia;36;Pontevedra;645;108016;982,17;69;483610;349,33
2018;2;Comunidad;13;Comunidad de Madrid;98;COMUNIDAD DE MADRID;7253;239928;2105,21;1226;492954;800,67
2018;2;Provincia;13;Comunidad de Madrid;28;Madrid;7253;239928;2105,21;1226;492954;800,67
2018;2;Comunidad;14;Región de Murcia;98;REGIÓN DE MURCIA;1112;94278;784,11;360;170331;277,17
2018;2;Provincia;14;Región de Murcia;30;Murcia;1112;94278;784,11;360;170331;277,17
2018;2;Comunidad;15;C. Foral de Navarra;98;C. FORAL DE NAVARRA;832;90705;974,81;232;363963;432,93
2018;2;Provincia;15;C. Foral de Navarra;31;Navarra;832;90705;974,81;232;363963;432,93
2018;2;Comunidad;16;País Vasco;98;PAÍS VASCO;3201;151893;1456,29;591;573600;722,33
2018;2;Provincia;16;País Vasco;1;Araba / Álava;398;171124;1435,91;144;174830;468,34
2018;2;Provincia;16;País Vasco;20;Gipuzkoa;1205;167110;1517,13;212;449538;693,43
2018;2;Provincia;16;País Vasco;48;Bizkaia;1598;137288;1418,39;235;815927;828,43
2018;2;Comunidad;17;La Rioja;98;LA RIOJA;550;92620;889,54;123;509745;496,60
2018;2;Provincia;17;La Rioja;26;La Rioja;550;92620;889,54;123;509745;496,60
2018;2;Comunidad;18;Ceuta;98;CEUTA;25;108941;1750,92;4;180000;600,00
2018;2;Provincia;18;Ceuta;51;Ceuta;25;108941;1750,92;4;180000;600,00
2018;2;Comunidad;19;Melilla;98;MELILLA;23;196927;1179,30;30;290161;1134,93
2018;2;Provincia;19;Melilla;52;Melilla;23;196927;1179,30;30;290161;1134,93
2018;3;Nacional;99;ESPAÑA;99;ESPAÑA;48112;143603;1257,31;10138;441342;516,50
2018;3;Comunidad;1;Andalucía;98;ANDALUCÍA;7730;96739;1032,65;1827;204091;375,31
2018;3;Provincia;1;Andalucía;4;Almería;790;80094;739,31;126;247962;357,94
2018;3;Provincia;1;Andalucía;11;Cádiz;1036;88865;923,21;272;163601;385,97
2018;3;Provincia;1;Andalucía;14;Córdoba;598;88682;958,57;258;155672;400,56
2018;3;Provincia;1;Andalucía;18;Granada;897;82671;834,80;139;252284;331,32
2018;3;Provincia;1;Andalucía;21;Huelva;403;79211;800,32;168;99170;320,22
2018;3;Provincia;1;Andalucía;23;Jaén;506;68488;769,10;108;141824;282,96
2018;3;Provincia;1;Andalucía;29;Málaga;2141;117141;1353,74;204;286473;519,45
2018;3;Provincia;1;Andalucía;41;Sevilla;1359;109856;1123,33;552;231059;356,83
2018;3;Comunidad;2;Aragón;98;ARAGÓN;1219;107117;929,72;429;646096;347,54
2018;3;Provincia;2;Aragón;22;Huesca;265;61933;694,61;72;233405;313,46
2018;3;Provincia;2;Aragón;44;Teruel;97;87475;930,22;40;298678;443,83
2018;3;Provincia;2;Aragón;50;Zaragoza;857;124197;1004,53;317;847805;346,91
2018;3;Comunidad;3;Principado de Asturias;98;PRINCIPADO DE ASTURIAS;1009;106431;895,81;153;398316;395,36
2018;3;Provincia;3;Principado de Asturias;33;Asturias;1009;106431;895,81;153;398316;395,36
2018;3;Comunidad;4;Illes Balears;98;ILLES BALEARS;1508;180461;1468,53;126;497322;793,12
2018;3;Provincia;4;Illes Balears;7;Illes Balears;1508;180461;1468,53;126;497322;793,12
2018;3;Comunidad;5;Canarias;98;CANARIAS;2399;122810;1339,15;222;492122;641,17
2018;3;Provincia;5;Canarias;35;Las Palmas;1272;113728;1455,35;128;448356;571,77
2018;3;Provincia;5;Canarias;38;Santa Cruz de Tenerife;1127;135373;1178,41;94;548834;731,10
2018;3;Comunidad;6;Cantabria;98;CANTABRIA;607;96500;1143,27;102;309118;447,92
2018;3;Provincia;6;Cantabria;39;Cantabria;607;96500;1143,27;102;309118;447,92
2018;3;Comunidad;7;Castilla y León;98;CASTILLA Y LEÓN;2137;121556;892,16;601;212788;359,63
2018;3;Provincia;7;Castilla y León;5;Ávila;106;55962;604,55;81;72726;376,78
2018;3;Provincia;7;Castilla y León;9;Burgos;457;140643;911,33;118;190680;447,70
2018;3;Provincia;7;Castilla y León;24;León;396;79627;749,99;107;377630;348,39
2018;3;Provincia;7;Castilla y León;34;Palencia;138;139819;849,65;29;219125;290,59
2018;3;Provincia;7;Castilla y León;37;Salamanca;291;136177;1086,38;76;184853;433,48
2018;3;Provincia;7;Castilla y León;40;Segovia;99;193166;941,09;38;392021;305,13
2018;3;Provincia;7;Castilla y León;42;Soria;85;45666;656,30;33;209324;269,91
2018;3;Provincia;7;Castilla y León;47;Valladolid;459;127173;972,17;100;231270;315,72
2018;3;Provincia;7;Castilla y León;49;Zamora;106;148372;894,68;19;112250;294,83
2018;3;Comunidad;8;Castilla-La Mancha;98;CASTILLA-LA MANCHA;1180;104513;756,98;667;641560;316,07
2018;3;Provincia;8;Castilla-La Mancha;2;Albacete;325;121733;815,49;136;288141;332,73
2018;3;Provincia;8;Castilla-La Mancha;13;Ciudad Real;245;120835;737,83;98;175977;250,18
2018;3;Provincia;8;Castilla-La Mancha;16;Cuenca;78;68177;687,50;49;150317;275,16
2018;3;Provincia;8;Castilla-La Mancha;19;Guadalajara;173;79215;698,95;116;1876045;336,67
2018;3;Provincia;8;Castilla-La Mancha;45;Toledo;359;99414;760,49;268;232362;329,51
2018;3;Comunidad;9;Cataluña;98;CATALUÑA;8370;167765;1407,35;1547;774050;662,67
2018;3;Provincia;9;Cataluña;8;Barcelona;6445;189165;1543,99;1115;982949;775,10
2018;3;Provincia;9;Cataluña;17;Girona;740;95700;997,87;189;446068;515,06
2018;3;Provincia;9;Cataluña;25;Lleida;504;76809;700,30;115;344237;340,13
2018;3;Provincia;9;Cataluña;43;Tarragona;681;102399;1004,07;128;288631;418,49
2018;3;Comunidad;10;Comunitat Valenciana;98;COMUNITAT VALENCIANA;6111;120146;892,20;1312;307763;383,35
2018;3;Provincia;10;Comunitat Valenciana;3;Alicante / Alacant;2481;134042;956,31;331;278537;399,32
2018;3;Provincia;10;Comunitat Valenciana;12;Castellón / Castelló;734;87787;689,59;293;170689;341,82
2018;3;Provincia;10;Comunitat Valenciana;46;Valencia / València;2896;117257;893,37;688;397171;399,98
2018;3;Comunidad;11;Extremadura;98;EXTREMADURA;588;92537;816,88;293;136290;254,46
2018;3;Provincia;11;Extremadura;6;Badajoz;346;85239;757,92;198;140770;265,22
2018;3;Provincia;11;Extremadura;10;Cáceres;242;103102;902,23;95;126487;230,92
2018;3;Comunidad;12;Galicia;98;GALICIA;1990;117050;943,65;241;435317;356,16
2018;3;Provincia;12;Galicia;15;A Coruña;817;132292;1041,16;127;407862;356,19
2018;3;Provincia;12;Galicia;27;Lugo;250;90904;685,78;23;146035;338,20
2018;3;Provincia;12;Galicia;32;Ourense;271;71020;601,01;30;410908;207,55
2018;3;Provincia;12;Galicia;36;Pontevedra;652;119660;1015,10;61;593991;381,28
2018;3;Comunidad;13;Comunidad de Madrid;98;COMUNIDAD DE MADRID;7445;235577;1995,41;1280;575228;847,35
2018;3;Provincia;13;Comunidad de Madrid;28;Madrid;7445;235577;1995,41;1280;575228;847,35
2018;3;Comunidad;14;Región de Murcia;98;REGIÓN DE MURCIA;1191;86017;764,32;347;194029;279,36
2018;3;Provincia;14;Región de Murcia;30;Murcia;1191;86017;764,32;347;194029;279,36
2018;3;Comunidad;15;C. Foral de Navarra;98;C. FORAL DE NAVARRA;823;98353;964,94;220;452488;428,07
2018;3;Provincia;15;C. Foral de Navarra;31;Navarra;823;98353;964,94;220;452488;428,07
2018;3;Comunidad;16;País Vasco;98;PAÍS VASCO;3178;152249;1453,75;605;704003;760,80
2018;3;Provincia;16;País Vasco;1;Araba / Álava;414;172563;1344,18;156;691768;478,88
2018;3;Provincia;16;País Vasco;20;Gipuzkoa;1194;163464;1514,86;223;443026;695,48
2018;3;Provincia;16;País Vasco;48;Bizkaia;1570;139631;1434,55;226;983834;940,24
2018;3;Comunidad;17;La Rioja;98;LA RIOJA;571;86608;885,37;135;486526;469,07
2018;3;Provincia;17;La Rioja;26;La Rioja;571;86608;885,37;135;486526;469,07
2018;3;Comunidad;18;Ceuta;98;CEUTA;32;121052;1743,56;0;0;0,00
2018;3;Provincia;18;Ceuta;51;Ceuta;32;121052;1743,56;0;0;0,00
2018;3;Comunidad;19;Melilla;98;MELILLA;24;193107;1258,32;31;307751;1163,51
2018;3;Provincia;19;Melilla;52;Melilla;24;193107;1258,32;31;307751;1163,51
2018;4;Nacional;99;ESPAÑA;99;ESPAÑA;49181;142371;1257,30;10534;438120;524,75
2018;4;Comunidad;1;Andalucía;98;ANDALUCÍA;7740;97737;1030,66;1890;192766;376,63
2018;4;Provincia;1;Andalucía;4;Almería;672;81004;743,23;136;250795;368,66
2018;4;Provincia;1;Andalucía;11;Cádiz;1071;93070;919,67;285;150183;382,20
2018;4;Provincia;1;Andalucía;14;Córdoba;628;81015;903,23;256;140002;391,82
2018;4;Provincia;1;Andalucía;18;Granada;847;89100;883,09;153;256942;343,03
2018;4;Provincia;1;Andalucía;21;Huelva;399;74242;774,85;136;117776;325,80
2018;4;Provincia;1;Andalucía;23;Jaén;508;73226;769,38;116;138281;290,14
2018;4;Provincia;1;Andalucía;29;Málaga;2210;115613;1320,08;215;257636;511,42
2018;4;Provincia;1;Andalucía;41;Sevilla;1405;110861;1126,13;593;201753;356,46
2018;4;Comunidad;2;Aragón;98;ARAGÓN;1252;108425;941,14;522;270748;389,74
2018;4;Provincia;2;Aragón;22;Huesca;264;65075;776,75;74;242414;307,56
2018;4;Provincia;2;Aragón;44;Teruel;113;80328;815,91;34;324381;409,88
2018;4;Provincia;2;Aragón;50;Zaragoza;875;126153;1011,22;414;273140;409,49
2018;4;Comunidad;3;Principado de Asturias;98;PRINCIPADO DE ASTURIAS;976;109192;887,56;160;423906;403,93
2018;4;Provincia;3;Principado de Asturias;33;Asturias;976;109192;887,56;160;423906;403,93
2018;4;Comunidad;4;Illes Balears;98;ILLES BALEARS;1421;174316;1499,68;116;460105;788,69
2018;4;Provincia;4;Illes Balears;7;Illes Balears;1421;174316;1499,68;116;460105;788,69
2018;4;Comunidad;5;Canarias;98;CANARIAS;2441;126328;1306,14;225;518507;665,63
2018;4;Provincia;5;Canarias;35;Las Palmas;1298;113444;1411,95;126;447328;581,95
2018;4;Provincia;5;Canarias;38;Santa Cruz de Tenerife;1143;143397;1165,96;99;605287;767,66
2018;4;Comunidad;6;Cantabria;98;CANTABRIA;614;84174;1158,91;128;335407;467,96
2018;4;Provincia;6;Cantabria;39;Cantabria;614;84174;1158,91;128;335407;467,96
2018;4;Comunidad;7;Castilla y León;98;CASTILLA Y LEÓN;2255;115355;888,12;610;261567;358,21
2018;4;Provincia;7;Castilla y León;5;Ávila;123;51193;599,25;86;88039;317,80
2018;4;Provincia;7;Castilla y León;9;Burgos;478;139858;988,07;111;185561;465,34
2018;4;Provincia;7;Castilla y León;24;León;402;79999;703,12;112;394688;365,52
2018;4;Provincia;7;Castilla y León;34;Palencia;152;126575;861,84;28;196542;279,80
2018;4;Provincia;7;Castilla y León;37;Salamanca;281;91296;993,30;67;174637;394,26
2018;4;Provincia;7;Castilla y León;40;Segovia;108;187046;806,43;35;1037535;332,81
2018;4;Provincia;7;Castilla y León;42;Soria;95;46991;699,10;33;244818;300,52
2018;4;Provincia;7;Castilla y León;47;Valladolid;514;133349;1006,26;121;282903;315,53
2018;4;Provincia;7;Castilla y León;49;Zamora;102;153947;873,76;17;136063;321,05
2018;4;Comunidad;8;Castilla-La Mancha;98;CASTILLA-LA MANCHA;1220;100211;741,23;689;796458;317,97
2018;4;Provincia;8;Castilla-La Mancha;2;Albacete;331;110754;805,59;134;297579;336,91
2018;4;Provincia;8;Castilla-La Mancha;13;Ciudad Real;264;118719;708,42;125;211702;270,39
2018;4;Provincia;8;Castilla-La Mancha;16;Cuenca;71;74586;670,19;47;132939;282,21
2018;4;Provincia;8;Castilla-La Mancha;19;Guadalajara;190;72319;684,45;99;2722978;342,91
2018;4;Provincia;8;Castilla-La Mancha;45;Toledo;364;99389;748,80;284;417941;321,27
2018;4;Comunidad;9;Cataluña;98;CATALUÑA;8683;166958;1389,61;1587;818855;680,13
2018;4;Provincia;9;Cataluña;8;Barcelona;6727;189146;1527,86;1135;1057370;802,94
2018;4;Provincia;9;Cataluña;17;Girona;750;96617;1033,80;197;413863;503,19
2018;4;Provincia;9;Cataluña;25;Lleida;486;71133;657,50;121;335390;320,29
2018;4;Provincia;9;Cataluña;43;Tarragona;720;100319;960,24;134;288859;432,98
2018;4;Comunidad;10;Comunitat Valenciana;98;COMUNITAT VALENCIANA;6519;115404;919,39;1415;321464;389,63
2018;4;Provincia;10;Comunitat Valenciana;3;Alicante / Alacant;2563;130837;960,66;345;285052;401,87
2018;4;Provincia;10;Comunitat Valenciana;12;Castellón / Castelló;758;91948;694,93;317;180730;336,22
2018;4;Provincia;10;Comunitat Valenciana;46;Valencia / València;3198;109345;943,50;753;408452;412,52
2018;4;Comunidad;11;Extremadura;98;EXTREMADURA;629;93351;805,91;324;157881;258,35
2018;4;Provincia;11;Extremadura;6;Badajoz;380;88679;758,29;214;166701;273,16
2018;4;Provincia;11;Extremadura;10;Cáceres;249;100427;878,02;110;139098;226,81
2018;4;Comunidad;12;Galicia;98;GALICIA;2016;114424;947,08;251;418926;356,28
2018;4;Provincia;12;Galicia;15;A Coruña;829;123411;1035,06;144;384868;358,57
2018;4;Provincia;12;Galicia;27;Lugo;261;93471;675,81;19;122484;363,93
2018;4;Provincia;12;Galicia;32;Ourense;276;75491;729,10;25;423000;195,98
2018;4;Provincia;12;Galicia;36;Pontevedra;650;122970;998,89;63;566236;370,66
2018;4;Comunidad;13;Comunidad de Madrid;98;COMUNIDAD DE MADRID;7542;241559;2025,38;1320;571898;876,27
2018;4;Provincia;13;Comunidad de Madrid;28;Madrid;7542;241559;2025,38;1320;571898;876,27
2018;4;Comunidad;14;Región de Murcia;98;REGIÓN DE MURCIA;1268;87190;780,90;370;190289;274,60
2018;4;Provincia;14;Región de Murcia;30;Murcia;1268;87190;780,90;370;190289;274,60
2018;4;Comunidad;15;C. Foral de Navarra;98;C. FORAL DE NAVARRA;872;100023;950,23;219;489063;452,33
2018;4;Provincia;15;C. Foral de Navarra;31;Navarra;872;100023;950,23;219;489063;452,33
2018;4;Comunidad;16;País Vasco;98;PAÍS VASCO;3107;134386;1422,78;561;607936;758,32
2018;4;Provincia;16;País Vasco;1;Araba / Álava;377;172441;1260,08;153;688911;509,84
2018;4;Provincia;16;País Vasco;20;Gipuzkoa;1194;132280;1395,47;213;392419;723,66
2018;4;Provincia;16;País Vasco;48;Bizkaia;1536;128571;1474,78;195;852668;909,11
2018;4;Comunidad;17;La Rioja;98;LA RIOJA;568;92073;920,16;125;446911;384,49
2018;4;Provincia;17;La Rioja;26;La Rioja;568;92073;920,16;125;446911;384,49
2018;4;Comunidad;18;Ceuta;98;CEUTA;33;139283;1963,89;0;0;0,00
2018;4;Provincia;18;Ceuta;51;Ceuta;33;139283;1963,89;0;0;0,00
2018;4;Comunidad;19;Melilla;98;MELILLA;25;203845;1060,96;22;287394;1046,75
2018;4;Provincia;19;Melilla;52;Melilla;25;203845;1060,96;22;287394;1046,75
2019;1;Nacional;99;ESPAÑA;99;ESPAÑA;50284;143013;1274,43;10851;440581;517,28
2019;1;Comunidad;1;Andalucía;98;ANDALUCÍA;7987;98770;1035,20;1947;187583;383,39
2019;1;Provincia;1;Andalucía;4;Almería;702;85002;729,89;153;230843;373,51
2019;1;Provincia;1;Andalucía;11;Cádiz;1064;95315;900,02;303;152179;377,20
2019;1;Provincia;1;Andalucía;14;Córdoba;646;92244;922,66;262;152806;380,24
2019;1;Provincia;1;Andalucía;18;Granada;867;91731;944,78;163;228786;347,08
2019;1;Provincia;1;Andalucía;21;Huelva;448;71260;777,28;114;126148;340,59
2019;1;Provincia;1;Andalucía;23;Jaén;498;72806;739,47;113;116474;289,79
2019;1;Provincia;1;Andalucía;29;Málaga;2284;114476;1329,93;227;261813;560,65
2019;1;Provincia;1;Andalucía;41;Sevilla;1478;108639;1121,95;612;190951;353,61
2019;1;Comunidad;2;Aragón;98;ARAGÓN;1279;110882;927,48;578;341178;400,15
2019;1;Provincia;2;Aragón;22;Huesca;279;78182;874,78;74;224996;302,16
2019;1;Provincia;2;Aragón;44;Teruel;118;92699;763,33;33;219039;488,51
2019;1;Provincia;2;Aragón;50;Zaragoza;882;124366;969,84;471;381489;414,77
2019;1;Comunidad;3;Principado de Asturias;98;PRINCIPADO DE ASTURIAS;1010;101278;915,42;154;427531;383,25
2019;1;Provincia;3;Principado de Asturias;33;Asturias;1010;101278;915,42;154;427531;383,25
2019;1;Comunidad;4;Illes Balears;98;ILLES BALEARS;1398;175544;1511,18;112;516372;838,10
2019;1;Provincia;4;Illes Balears;7;Illes Balears;1398;175544;1511,18;112;516372;838,10
2019;1;Comunidad;5;Canarias;98;CANARIAS;2324;133969;1442,18;230;544289;666,09
2019;1;Provincia;5;Canarias;35;Las Palmas;1202;114584;1557,05;136;496632;592,62
2019;1;Provincia;5;Canarias;38;Santa Cruz de Tenerife;1122;157875;1300,51;94;613491;772,76
2019;1;Comunidad;6;Cantabria;98;CANTABRIA;640;87209;1131,94;134;326675;499,23
2019;1;Provincia;6;Cantabria;39;Cantabria;640;87209;1131,94;134;326675;499,23
2019;1;Comunidad;7;Castilla y León;98;CASTILLA Y LEÓN;2377;109121;913,93;674;265808;342,37
2019;1;Provincia;7;Castilla y León;5;Ávila;131;60574;751,78;87;149270;338,33
2019;1;Provincia;7;Castilla y León;9;Burgos;491;113912;1014,40;107;145935;445,37
2019;1;Provincia;7;Castilla y León;24;León;402;91469;693,80;105;584600;362,66
2019;1;Provincia;7;Castilla y León;34;Palencia;173;96431;843,83;35;154582;239,51
2019;1;Provincia;7;Castilla y León;37;Salamanca;305;96111;1034,34;73;182270;365,87
2019;1;Provincia;7;Castilla y León;40;Segovia;115;112426;805,64;47;922543;335,74
2019;1;Provincia;7;Castilla y León;42;Soria;104;58807;703,26;38;285329;320,45
2019;1;Provincia;7;Castilla y León;47;Valladolid;546;141629;1047,63;162;230102;304,58
2019;1;Provincia;7;Castilla y León;49;Zamora;110;160303;891,67;20;450625;309,71
2019;1;Comunidad;8;Castilla-La Mancha;98;CASTILLA-LA MANCHA;1370;119907;792,49;784;733433;310,21
2019;1;Provincia;8;Castilla-La Mancha;2;Albacete;372;119630;798,21;132;301472;327,07
2019;1;Provincia;8;Castilla-La Mancha;13;Ciudad Real;275;143795;777,14;135;184522;251,45
2019;1;Provincia;8;Castilla-La Mancha;16;Cuenca;85;96295;841,83;49;115931;290,61
2019;1;Provincia;8;Castilla-La Mancha;19;Guadalajara;195;74095;671,32;100;2979149;353,79
2019;1;Provincia;8;Castilla-La Mancha;45;Toledo;443;133902;844,83;368;397764;310,92
2019;1;Comunidad;9;Cataluña;98;CATALUÑA;8948;161399;1387,34;1483;663627;639,96
2019;1;Provincia;9;Cataluña;8;Barcelona;6922;183156;1536,81;1030;815557;738,63
2019;1;Provincia;9;Cataluña;17;Girona;786;94055;1005,73;169;417527;529,92
2019;1;Provincia;9;Cataluña;25;Lleida;494;66322;628,03;126;376400;351,95
2019;1;Provincia;9;Cataluña;43;Tarragona;746;93102;885,44;158;251901;386,00
2019;1;Comunidad;10;Comunitat Valenciana;98;COMUNITAT VALENCIANA;6493;117201;945,83;1476;352005;398,37
2019;1;Provincia;10;Comunitat Valenciana;3;Alicante / Alacant;2511;133198;986,72;344;295200;411,34
2019;1;Provincia;10;Comunitat Valenciana;12;Castellón / Castelló;788;78130;651,64;356;261771;319,56
2019;1;Provincia;10;Comunitat Valenciana;46;Valencia / València;3194;115382;992,42;776;416853;432,73
2019;1;Comunidad;11;Extremadura;98;EXTREMADURA;618;94843;770,49;342;151382;261,32
2019;1;Provincia;11;Extremadura;6;Badajoz;375;90093;708,15;236;152041;273,50
2019;1;Provincia;11;Extremadura;10;Cáceres;243;101912;863,25;106;149876;233,52
2019;1;Comunidad;12;Galicia;98;GALICIA;2036;118506;943,96;251;577867;354,91
2019;1;Provincia;12;Galicia;15;A Coruña;874;127342;1000,36;144;576449;364,55
2019;1;Provincia;12;Galicia;27;Lugo;263;98424;681,58;23;862288;252,21
2019;1;Provincia;12;Galicia;32;Ourense;259;74135;721,31;24;384239;278,43
2019;1;Provincia;12;Galicia;36;Pontevedra;640;126432;1027,34;60;577753;387,04
2019;1;Comunidad;13;Comunidad de Madrid;98;COMUNIDAD DE MADRID;7615;244225;2043,23;1318;677978;861,86
2019;1;Provincia;13;Comunidad de Madrid;28;Madrid;7615;244225;2043,23;1318;677978;861,86
2019;1;Comunidad;14;Región de Murcia;98;REGIÓN DE MURCIA;1282;86039;786,92;376;183921;278,49
2019;1;Provincia;14;Región de Murcia;30;Murcia;1282;86039;786,92;376;183921;278,49
2019;1;Comunidad;15;C. Foral de Navarra;98;C. FORAL DE NAVARRA;956;100489;991,72;234;439554;470,44
2019;1;Provincia;15;C. Foral de Navarra;31;Navarra;956;100489;991,72;234;439554;470,44
2019;1;Comunidad;16;País Vasco;98;PAÍS VASCO;3302;138053;1470,13;626;623075;795,93
2019;1;Provincia;16;País Vasco;1;Araba / Álava;406;149067;1189,27;146;894967;509,58
2019;1;Provincia;16;País Vasco;20;Gipuzkoa;1252;136258;1469,28;239;466412;758,26
2019;1;Provincia;16;País Vasco;48;Bizkaia;1644;137155;1528,15;241;689991;939,50
2019;1;Comunidad;17;La Rioja;98;LA RIOJA;585;91373;928,39;111;230620;335,49
2019;1;Provincia;17;La Rioja;26;La Rioja;585;91373;928,39;111;230620;335,49
2019;1;Comunidad;18;Ceuta;98;CEUTA;40;112399;1671,86;0;0;0,00
2019;1;Provincia;18;Ceuta;51;Ceuta;40;112399;1671,86;0;0;0,00
2019;1;Comunidad;19;Melilla;98;MELILLA;24;193570;1540,16;21;271499;977,52
2019;1;Provincia;19;Melilla;52;Melilla;24;193570;1540,16;21;271499;977,52
2019;2;Nacional;99;ESPAÑA;99;ESPAÑA;50358;143838;1274,02;10765;455630;531,82
2019;2;Comunidad;1;Andalucía;98;ANDALUCÍA;8141;98355;1025,31;1870;205164;403,21
2019;2;Provincia;1;Andalucía;4;Almería;669;85876;747,70;145;218255;395,28
2019;2;Provincia;1;Andalucía;11;Cádiz;1092;99297;909,11;262;165799;406,71
2019;2;Provincia;1;Andalucía;14;Córdoba;655;93985;882,35;268;141043;380,06
2019;2;Provincia;1;Andalucía;18;Granada;930;87663;952,78;149;242249;367,71
2019;2;Provincia;1;Andalucía;21;Huelva;455;67280;768,65;124;121352;357,96
2019;2;Provincia;1;Andalucía;23;Jaén;516;68295;712,77;118;108789;275,85
2019;2;Provincia;1;Andalucía;29;Málaga;2282;115653;1339,90;218;283694;626,23
2019;2;Provincia;1;Andalucía;41;Sevilla;1542;106252;1076,42;586;243135;369,16
2019;2;Comunidad;2;Aragón;98;ARAGÓN;1237;111660;913,84;596;339884;410,73
2019;2;Provincia;2;Aragón;22;Huesca;270;80282;899,64;71;216355;320,84
2019;2;Provincia;2;Aragón;44;Teruel;114;80393;700,16;35;229662;389,70
2019;2;Provincia;2;Aragón;50;Zaragoza;853;125385;949,39;490;381610;435,58
2019;2;Comunidad;3;Principado de Asturias;98;PRINCIPADO DE ASTURIAS;980;89471;885,07;156;369928;401,63
2019;2;Provincia;3;Principado de Asturias;33;Asturias;980;89471;885,07;156;369928;401,63
2019;2;Comunidad;4;Illes Balears;98;ILLES BALEARS;1346;159475;1476,92;119;488443;845,52
2019;2;Provincia;4;Illes Balears;7;Illes Balears;1346;159475;1476,92;119;488443;845,52
2019;2;Comunidad;5;Canarias;98;CANARIAS;2456;135190;1479,68;225;502098;687,01
2019;2;Provincia;5;Canarias;35;Las Palmas;1215;123025;1622,93;142;461971;622,56
2019;2;Provincia;5;Canarias;38;Santa Cruz de Tenerife;1241;149706;1308,74;83;579062;810,64
2019;2;Comunidad;6;Cantabria;98;CANTABRIA;654;82265;1072,32;127;365025;529,67
2019;2;Provincia;6;Cantabria;39;Cantabria;654;82265;1072,32;127;365025;529,67
2019;2;Comunidad;7;Castilla y León;98;CASTILLA Y LEÓN;2434;105208;892,29;675;237868;339,16
2019;2;Provincia;7;Castilla y León;5;Ávila;140;71906;778,84;88;134272;314,69
2019;2;Provincia;7;Castilla y León;9;Burgos;516;124319;1047,45;115;147792;457,10
2019;2;Provincia;7;Castilla y León;24;León;402;85895;623,25;99;520232;328,16
2019;2;Provincia;7;Castilla y León;34;Palencia;172;54699;772,09;42;168959;232,49
2019;2;Provincia;7;Castilla y León;37;Salamanca;324;95415;1029,23;61;172911;332,50
2019;2;Provincia;7;Castilla y León;40;Segovia;107;69082;713,53;47;697634;381,47
2019;2;Provincia;7;Castilla y León;42;Soria;98;61233;715,80;35;261347;339,08
2019;2;Provincia;7;Castilla y León;47;Valladolid;578;134119;963,03;172;199765;306,89
2019;2;Provincia;7;Castilla y León;49;Zamora;97;185856;979,90;16;499714;277,52
2019;2;Comunidad;8;Castilla-La Mancha;98;CASTILLA-LA MANCHA;1318;113513;814,17;839;652590;309,63
2019;2;Provincia;8;Castilla-La Mancha;2;Albacete;352;116477;793,99;168;290393;291,10
2019;2;Provincia;8;Castilla-La Mancha;13;Ciudad Real;249;109118;795,92;140;159984;255,25
2019;2;Provincia;8;Castilla-La Mancha;16;Cuenca;85;100205;884,65;56;116233;293,71
2019;2;Provincia;8;Castilla-La Mancha;19;Guadalajara;189;77102;690,52;114;2368058;397,55
2019;2;Provincia;8;Castilla-La Mancha;45;Toledo;443;132674;884,99;361;381066;304,35
2019;2;Comunidad;9;Cataluña;98;CATALUÑA;8842;160559;1402,55;1523;667723;635,67
2019;2;Provincia;9;Cataluña;8;Barcelona;6804;183270;1564,90;1037;823258;749,07
2019;2;Provincia;9;Cataluña;17;Girona;777;92187;981,99;172;437805;495,94
2019;2;Provincia;9;Cataluña;25;Lleida;514;67378;645,31;141;467372;365,00
2019;2;Provincia;9;Cataluña;43;Tarragona;747;88625;865,27;173;206082;363,77
2019;2;Comunidad;10;Comunitat Valenciana;98;COMUNITAT VALENCIANA;6383;122638;966,85;1430;420032;411,97
2019;2;Provincia;10;Comunitat Valenciana;3;Alicante / Alacant;2453;99076;983,30;318;375525;424,49
2019;2;Provincia;10;Comunitat Valenciana;12;Castellón / Castelló;768;67097;637,64;367;304020;320,02
2019;2;Provincia;10;Comunitat Valenciana;46;Valencia / València;3162;154320;1037,92;745;496913;455,23
2019;2;Comunidad;11;Extremadura;98;EXTREMADURA;637;92252;749,13;363;140195;261,87
2019;2;Provincia;11;Extremadura;6;Badajoz;405;89140;727,62;248;149219;278,32
2019;2;Provincia;11;Extremadura;10;Cáceres;232;97341;784,30;115;117478;220,45
2019;2;Comunidad;12;Galicia;98;GALICIA;2090;115033;919,67;256;507548;346,17
2019;2;Provincia;12;Galicia;15;A Coruña;894;114136;940,03;137;544924;372,74
2019;2;Provincia;12;Galicia;27;Lugo;270;93174;676,48;26;657938;242,63
2019;2;Provincia;12;Galicia;32;Ourense;262;87213;800,12;25;391196;290,96
2019;2;Provincia;12;Galicia;36;Pontevedra;664;132702;1015,41;68;409882;336,22
2019;2;Comunidad;13;Comunidad de Madrid;98;COMUNIDAD DE MADRID;7488;244766;2051,58;1285;717384;903,09
2019;2;Provincia;13;Comunidad de Madrid;28;Madrid;7488;244766;2051,58;1285;717384;903,09
2019;2;Comunidad;14;Región de Murcia;98;REGIÓN DE MURCIA;1291;83888;777,67;345;207674;290,05
2019;2;Provincia;14;Región de Murcia;30;Murcia;1291;83888;777,67;345;207674;290,05
2019;2;Comunidad;15;C. Foral de Navarra;98;C. FORAL DE NAVARRA;962;108864;1017,96;229;444662;495,03
2019;2;Provincia;15;C. Foral de Navarra;31;Navarra;962;108864;1017,96;229;444662;495,03
2019;2;Comunidad;16;País Vasco;98;PAÍS VASCO;3432;169532;1488,21;598;627474;785,08
2019;2;Provincia;16;País Vasco;1;Araba / Álava;428;140333;1155,39;135;924424;519,88
2019;2;Provincia;16;País Vasco;20;Gipuzkoa;1303;122244;1496,07;243;508161;762,66
2019;2;Provincia;16;País Vasco;48;Bizkaia;1701;212405;1552,37;220;649594;918,06
2019;2;Comunidad;17;La Rioja;98;LA RIOJA;600;85950;900,76;116;183507;356,81
2019;2;Provincia;17;La Rioja;26;La Rioja;600;85950;900,76;116;183507;356,81
2019;2;Comunidad;18;Ceuta;98;CEUTA;40;159482;1509,09;0;0;0,00
2019;2;Provincia;18;Ceuta;51;Ceuta;40;159482;1509,09;0;0;0,00
2019;2;Comunidad;19;Melilla;98;MELILLA;27;162563;1635,25;13;338430;984,09
2019;2;Provincia;19;Melilla;52;Melilla;27;162563;1635,25;13;338430;984,09
2019;3;Nacional;99;ESPAÑA;99;ESPAÑA;49874;142619;1276,99;10882;477427;530,48
2019;3;Comunidad;1;Andalucía;98;ANDALUCÍA;8216;100642;1018,92;1872;213675;414,62
2019;3;Provincia;1;Andalucía;4;Almería;672;89212;761,02;142;244440;428,70
2019;3;Provincia;1;Andalucía;11;Cádiz;1038;112500;930,83;262;176250;413,02
2019;3;Provincia;1;Andalucía;14;Córdoba;713;86079;855,18;254;158515;358,00
2019;3;Provincia;1;Andalucía;18;Granada;979;87281;958,80;151;255826;364,11
2019;3;Provincia;1;Andalucía;21;Huelva;427;63616;754,29;134;125679;367,07
2019;3;Provincia;1;Andalucía;23;Jaén;504;71696;710,87;118;108035;268,19
2019;3;Provincia;1;Andalucía;29;Málaga;2194;118396;1350,65;218;312714;646,32
2019;3;Provincia;1;Andalucía;41;Sevilla;1689;106908;1032,16;593;236698;395,88
2019;3;Comunidad;2;Aragón;98;ARAGÓN;1228;106794;898,96;576;597386;415,74
2019;3;Provincia;2;Aragón;22;Huesca;291;68951;899,30;59;252684;316,11
2019;3;Provincia;2;Aragón;44;Teruel;115;70290;644,82;33;218996;377,92
2019;3;Provincia;2;Aragón;50;Zaragoza;822;124629;938,39;484;707103;440,39
2019;3;Comunidad;3;Principado de Asturias;98;PRINCIPADO DE ASTURIAS;919;80337;910,64;147;307752;416,66
2019;3;Provincia;3;Principado de Asturias;33;Asturias;919;80337;910,64;147;307752;416,66
2019;3;Comunidad;4;Illes Balears;98;ILLES BALEARS;1296;171289;1546,09;105;487606;891,94
2019;3;Provincia;4;Illes Balears;7;Illes Balears;1296;171289;1546,09;105;487606;891,94
2019;3;Comunidad;5;Canarias;98;CANARIAS;2376;138885;1441,45;229;566075;704,66
2019;3;Provincia;5;Canarias;35;Las Palmas;1210;125979;1573,91;136;459007;638,17
2019;3;Provincia;5;Canarias;38;Santa Cruz de Tenerife;1166;152908;1297,54;93;736124;810,26
2019;3;Comunidad;6;Cantabria;98;CANTABRIA;616;98823;1098,61;131;355295;548,33
2019;3;Provincia;6;Cantabria;39;Cantabria;616;98823;1098,61;131;355295;548,33
2019;3;Comunidad;7;Castilla y León;98;CASTILLA Y LEÓN;2404;103043;887,55;713;245860;342,92
2019;3;Provincia;7;Castilla y León;5;Ávila;180;79045;858,91;84;116738;287,78
2019;3;Provincia;7;Castilla y León;9;Burgos;489;137678;1062,91;131;151597;422,03
2019;3;Provincia;7;Castilla y León;24;León;371;65779;562,87;109;485235;327,08
2019;3;Provincia;7;Castilla y León;34;Palencia;166;62650;812,57;46;200916;252,48
2019;3;Provincia;7;Castilla y León;37;Salamanca;319;97840;1032,06;66;143465;314,95
2019;3;Provincia;7;Castilla y León;40;Segovia;112;93475;811,62;45;609858;380,59
2019;3;Provincia;7;Castilla y León;42;Soria;96;68940;739,59;37;239809;376,31
2019;3;Provincia;7;Castilla y León;47;Valladolid;580;110875;924,45;174;247896;326,11
2019;3;Provincia;7;Castilla y León;49;Zamora;91;186158;859,50;21;424782;349,48
2019;3;Comunidad;8;Castilla-La Mancha;98;CASTILLA-LA MANCHA;1214;112419;837,96;882;408797;313,66
2019;3;Provincia;8;Castilla-La Mancha;2;Albacete;323;118038;817,45;169;186530;304,20
2019;3;Provincia;8;Castilla-La Mancha;13;Ciudad Real;226;98175;774,11;150;163752;266,65
2019;3;Provincia;8;Castilla-La Mancha;16;Cuenca;81;109932;874,01;51;115885;284,06
2019;3;Provincia;8;Castilla-La Mancha;19;Guadalajara;180;68640;693,80;121;1080517;413,70
2019;3;Provincia;8;Castilla-La Mancha;45;Toledo;404;137374;953,18;391;377795;305,17
2019;3;Comunidad;9;Cataluña;98;CATALUÑA;8819;157306;1405,74;1516;658917;645,37
2019;3;Provincia;9;Cataluña;8;Barcelona;6724;181759;1589,34;1043;817598;753,05
2019;3;Provincia;9;Cataluña;17;Girona;790;86951;965,30;165;395670;527,39
2019;3;Provincia;9;Cataluña;25;Lleida;553;68861;628,59;139;418840;362,17
2019;3;Provincia;9;Cataluña;43;Tarragona;752;81866;813,04;169;211107;376,71
2019;3;Comunidad;10;Comunitat Valenciana;98;COMUNITAT VALENCIANA;6359;122721;989,19;1462;483286;430,33
2019;3;Provincia;10;Comunitat Valenciana;3;Alicante / Alacant;2479;100483;981,88;344;378991;447,34
2019;3;Provincia;10;Comunitat Valenciana;12;Castellón / Castelló;741;70251;647,06;366;363041;337,40
2019;3;Provincia;10;Comunitat Valenciana;46;Valencia / València;3139;152400;1077,58;752;588055;471,91
2019;3;Comunidad;11;Extremadura;98;EXTREMADURA;622;84491;702,97;365;139639;270,09
2019;3;Provincia;11;Extremadura;6;Badajoz;412;86722;717,59;238;153545;283,90
2019;3;Provincia;11;Extremadura;10;Cáceres;210;80442;676,44;127;106973;237,65
2019;3;Comunidad;12;Galicia;98;GALICIA;2037;127064;941,23;285;468252;370,20
2019;3;Provincia;12;Galicia;15;A Coruña;844;134525;972,65;152;490461;396,18
2019;3;Provincia;12;Galicia;27;Lugo;280;83756;680,37;30;655856;256,71
2019;3;Provincia;12;Galicia;32;Ourense;249;90177;810,00;38;293449;302,21
2019;3;Provincia;12;Galicia;36;Pontevedra;664;144201;1036,82;65;427619;374,84
2019;3;Comunidad;13;Comunidad de Madrid;98;COMUNIDAD DE MADRID;7322;233097;2037,14;1268;804002;884,22
2019;3;Provincia;13;Comunidad de Madrid;28;Madrid;7322;233097;2037,14;1268;804002;884,22
2019;3;Comunidad;14;Región de Murcia;98;REGIÓN DE MURCIA;1344;80510;768,32;383;240329;304,43
2019;3;Provincia;14;Región de Murcia;30;Murcia;1344;80510;768,32;383;240329;304,43
2019;3;Comunidad;15;C. Foral de Navarra;98;C. FORAL DE NAVARRA;968;108919;1054,76;240;389894;504,68
2019;3;Provincia;15;C. Foral de Navarra;31;Navarra;968;108919;1054,76;240;389894;504,68
2019;3;Comunidad;16;País Vasco;98;PAÍS VASCO;3488;172077;1509,10;599;805939;755,73
2019;3;Provincia;16;País Vasco;1;Araba / Álava;471;132942;1137,20;120;683539;574,09
2019;3;Provincia;16;País Vasco;20;Gipuzkoa;1328;139226;1569,67;274;591733;756,45
2019;3;Provincia;16;País Vasco;48;Bizkaia;1689;207989;1546,48;205;1152256;823,61
2019;3;Comunidad;17;La Rioja;98;LA RIOJA;581;94249;922,91;100;157576;380,43
2019;3;Provincia;17;La Rioja;26;La Rioja;581;94249;922,91;100;157576;380,43
2019;3;Comunidad;18;Ceuta;98;CEUTA;39;207219;1831,13;0;0;0,00
2019;3;Provincia;18;Ceuta;51;Ceuta;39;207219;1831,13;0;0;0,00
2019;3;Comunidad;19;Melilla;98;MELILLA;26;116744;1675,33;9;286883;804,19
2019;3;Provincia;19;Melilla;52;Melilla;26;116744;1675,33;9;286883;804,19
2019;4;Nacional;99;ESPAÑA;99;ESPAÑA;49142;143523;1283,15;10625;497222;527,16
2019;4;Comunidad;1;Andalucía;98;ANDALUCÍA;8126;100893;1030,55;1833;218496;418,07
2019;4;Provincia;1;Andalucía;4;Almería;656;88231;768,43;143;261999;416,01
2019;4;Provincia;1;Andalucía;11;Cádiz;1016;109400;953,30;258;174490;414,99
2019;4;Provincia;1;Andalucía;14;Córdoba;689;84543;853,30;257;154423;344,19
2019;4;Provincia;1;Andalucía;18;Granada;1000;83035;974,42;150;232748;366,19
2019;4;Provincia;1;Andalucía;21;Huelva;455;66215;786,72;131;106769;360,29
2019;4;Provincia;1;Andalucía;23;Jaén;532;66920;671,84;122;107205;260,64
2019;4;Provincia;1;Andalucía;29;Málaga;2127;129015;1392,34;225;332286;662,96
2019;4;Provincia;1;Andalucía;41;Sevilla;1651;102256;1023,18;547;253242;407,62
2019;4;Comunidad;2;Aragón;98;ARAGÓN;1205;106022;911,27;502;837699;387,19
2019;4;Provincia;2;Aragón;22;Huesca;304;68608;921,17;58;274090;324,36
2019;4;Provincia;2;Aragón;44;Teruel;110;69561;635,62;33;179229;386,94
2019;4;Provincia;2;Aragón;50;Zaragoza;791;124742;949,62;411;1094959;405,33
2019;4;Comunidad;3;Principado de Asturias;98;PRINCIPADO DE ASTURIAS;938;89440;902,57;144;312384;397,60
2019;4;Provincia;3;Principado de Asturias;33;Asturias;938;89440;902,57;144;312384;397,60
2019;4;Comunidad;4;Illes Balears;98;ILLES BALEARS;1304;175797;1508,22;110;475004;908,63
2019;4;Provincia;4;Illes Balears;7;Illes Balears;1304;175797;1508,22;110;475004;908,63
2019;4;Comunidad;5;Canarias;98;CANARIAS;2311;143685;1534,35;222;558565;678,95
2019;4;Provincia;5;Canarias;35;Las Palmas;1187;133399;1697,31;137;468202;624,03
2019;4;Provincia;5;Canarias;38;Santa Cruz de Tenerife;1124;155747;1343,25;85;713666;773,22
2019;4;Comunidad;6;Cantabria;98;CANTABRIA;569;101923;1097,26;112;309606;553,48
2019;4;Provincia;6;Cantabria;39;Cantabria;569;101923;1097,26;112;309606;553,48
2019;4;Comunidad;7;Castilla y León;98;CASTILLA Y LEÓN;2365;103317;891,78;734;212745;332,69
2019;4;Provincia;7;Castilla y León;5;Ávila;161;82280;864,25;69;116323;286,55
2019;4;Provincia;7;Castilla y León;9;Burgos;453;139558;998,25;135;152503;410,93
2019;4;Provincia;7;Castilla y León;24;León;373;69891;597,56;104;443926;288,23
2019;4;Provincia;7;Castilla y León;34;Palencia;162;65512;787,04;54;199780;262,57
2019;4;Provincia;7;Castilla y León;37;Salamanca;342;106554;1122,17;70;145716;314,35
2019;4;Provincia;7;Castilla y León;40;Segovia;113;99422;953,67;47;169619;388,30
2019;4;Provincia;7;Castilla y León;42;Soria;95;62863;719,73;36;198411;363,19
2019;4;Provincia;7;Castilla y León;47;Valladolid;568;104411;917,82;194;214272;323,52
2019;4;Provincia;7;Castilla y León;49;Zamora;98;171387;816,38;25;366371;320,19
2019;4;Comunidad;8;Castilla-La Mancha;98;CASTILLA-LA MANCHA;1199;119443;836,43;831;341437;312,59
2019;4;Provincia;8;Castilla-La Mancha;2;Albacete;331;123633;796,99;162;180668;308,36
2019;4;Provincia;8;Castilla-La Mancha;13;Ciudad Real;230;143498;798,10;117;142694;260,13
2019;4;Provincia;8;Castilla-La Mancha;16;Cuenca;79;101931;808,37;53;134569;286,03
2019;4;Provincia;8;Castilla-La Mancha;19;Guadalajara;163;69608;735,69;128;996928;410,42
2019;4;Provincia;8;Castilla-La Mancha;45;Toledo;396;129001;949,10;371;261958;303,36
2019;4;Comunidad;9;Cataluña;98;CATALUÑA;8714;162775;1412,49;1522;707103;648,37
2019;4;Provincia;9;Cataluña;8;Barcelona;6612;187829;1592,23;1051;815637;745,93
2019;4;Provincia;9;Cataluña;17;Girona;821;93353;980,02;152;751106;596,75
2019;4;Provincia;9;Cataluña;25;Lleida;549;74287;676,48;155;374788;357,36
2019;4;Provincia;9;Cataluña;43;Tarragona;732;80225;806,47;164;293317;385,58
2019;4;Comunidad;10;Comunitat Valenciana;98;COMUNITAT VALENCIANA;6152;123832;983,15;1400;501202;430,25
2019;4;Provincia;10;Comunitat Valenciana;3;Alicante / Alacant;2415;99395;993,10;338;360869;460,02
2019;4;Provincia;10;Comunitat Valenciana;12;Castellón / Castelló;721;64282;639,41;341;399952;347,57
2019;4;Provincia;10;Comunitat Valenciana;46;Valencia / València;3016;157704;1059,89;721;610060;459,63
2019;4;Comunidad;11;Extremadura;98;EXTREMADURA;590;88183;724,88;345;127474;268,58
2019;4;Provincia;11;Extremadura;6;Badajoz;399;90796;739,90;225;137948;275,40
2019;4;Provincia;11;Extremadura;10;Cáceres;191;83092;695,59;120;101719;251,80
2019;4;Comunidad;12;Galicia;98;GALICIA;1978;127192;940,92;279;461882;370,20
2019;4;Provincia;12;Galicia;15;A Coruña;855;132329;963,81;132;526979;400,20
2019;4;Provincia;12;Galicia;27;Lugo;264;83048;730,03;39;561317;276,79
2019;4;Provincia;12;Galicia;32;Ourense;214;97077;773,23;44;250621;320,81
2019;4;Provincia;12;Galicia;36;Pontevedra;645;144779;1033,05;64;394193;373,87
2019;4;Comunidad;13;Comunidad de Madrid;98;COMUNIDAD DE MADRID;7116;228502;2046,89;1258;855460;837,10
2019;4;Provincia;13;Comunidad de Madrid;28;Madrid;7116;228502;2046,89;1258;855460;837,10
2019;4;Comunidad;14;Región de Murcia;98;REGIÓN DE MURCIA;1381;80525;751,08;366;250912;316,68
2019;4;Provincia;14;Región de Murcia;30;Murcia;1381;80525;751,08;366;250912;316,68
2019;4;Comunidad;15;C. Foral de Navarra;98;C. FORAL DE NAVARRA;965;113360;1090,24;237;370587;480,25
2019;4;Provincia;15;C. Foral de Navarra;31;Navarra;965;113360;1090,24;237;370587;480,25
2019;4;Comunidad;16;País Vasco;98;PAÍS VASCO;3581;167722;1492,60;605;830135;774,61
2019;4;Provincia;16;País Vasco;1;Araba / Álava;492;127287;1148,18;117;691522;567,25
2019;4;Provincia;16;País Vasco;20;Gipuzkoa;1318;133589;1600,95;281;644214;762,17
2019;4;Provincia;16;País Vasco;48;Bizkaia;1771;203589;1489,54;207;1136460;872,27
2019;4;Comunidad;17;La Rioja;98;LA RIOJA;579;92174;893,08;120;214501;355,28
2019;4;Provincia;17;La Rioja;26;La Rioja;579;92174;893,08;120;214501;355,28
2019;4;Comunidad;18;Ceuta;98;CEUTA;43;232133;1838,70;0;0;0,00
2019;4;Provincia;18;Ceuta;51;Ceuta;43;232133;1838,70;0;0;0,00
2019;4;Comunidad;19;Melilla;98;MELILLA;26;114919;1641,50;5;450000;823,64
2019;4;Provincia;19;Melilla;52;Melilla;26;114919;1641,50;5;450000;823,64
2020;1;Nacional;99;ESPAÑA;99;ESPAÑA;47572;138931;1286,36;10131;499913;536,09
2020;1;Comunidad;1;Andalucía;98;ANDALUCÍA;8031;102562;1007,95;1755;215625;415,45
2020;1;Provincia;1;Andalucía;4;Almería;647;110488;766,71;125;324561;391,98
2020;1;Provincia;1;Andalucía;11;Cádiz;1023;104148;923,79;234;177439;412,32
2020;1;Provincia;1;Andalucía;14;Córdoba;730;77907;818,98;250;189748;333,66
2020;1;Provincia;1;Andalucía;18;Granada;1093;80997;914,15;155;230853;381,89
2020;1;Provincia;1;Andalucía;21;Huelva;394;76030;757,24;137;110157;361,88
2020;1;Provincia;1;Andalucía;23;Jaén;532;65765;655,30;121;114445;262,50
2020;1;Provincia;1;Andalucía;29;Málaga;1991;137388;1424,81;207;305703;630,53
2020;1;Provincia;1;Andalucía;41;Sevilla;1621;99131;982,77;526;226023;428,29
2020;1;Comunidad;2;Aragón;98;ARAGÓN;1161;96046;946,18;446;787058;393,20
2020;1;Provincia;2;Aragón;22;Huesca;281;57008;837,36;55;309255;316,53
2020;1;Provincia;2;Aragón;44;Teruel;102;42075;574,47;31;301917;315,03
2020;1;Provincia;2;Aragón;50;Zaragoza;778;115336;1028,16;360;1000543;427,50
2020;1;Comunidad;3;Principado de Asturias;98;PRINCIPADO DE ASTURIAS;833;94363;895,91;143;293962;398,78
2020;1;Provincia;3;Principado de Asturias;33;Asturias;833;94363;895,91;143;293962;398,78
2020;1;Comunidad;4;Illes Balears;98;ILLES BALEARS;1292;166283;1474,75;104;392787;830,03
2020;1;Provincia;4;Illes Balears;7;Illes Balears;1292;166283;1474,75;104;392787;830,03
2020;1;Comunidad;5;Canarias;98;CANARIAS;2266;147188;1520,63;212;562221;686,38
2020;1;Provincia;5;Canarias;35;Las Palmas;1117;135146;1626,89;130;452144;633,85
2020;1;Provincia;5;Canarias;38;Santa Cruz de Tenerife;1149;159614;1410,98;82;738343;770,44
2020;1;Comunidad;6;Cantabria;98;CANTABRIA;574;102703;1080,69;114;318546;509,95
2020;1;Provincia;6;Cantabria;39;Cantabria;574;102703;1080,69;114;318546;509,95
2020;1;Comunidad;7;Castilla y León;98;CASTILLA Y LEÓN;2280;98676;897,65;706;189865;344,67
2020;1;Provincia;7;Castilla y León;5;Ávila;145;77267;745,59;72;67668;275,31
2020;1;Provincia;7;Castilla y León;9;Burgos;438;135625;971,80;153;157269;425,99
2020;1;Provincia;7;Castilla y León;24;León;360;67974;647,50;105;167978;247,31
2020;1;Provincia;7;Castilla y León;34;Palencia;154;67423;710,17;48;290487;278,76
2020;1;Provincia;7;Castilla y León;37;Salamanca;319;136371;1184,58;71;184598;342,86
2020;1;Provincia;7;Castilla y León;40;Segovia;116;103253;962,31;47;180278;420,78
2020;1;Provincia;7;Castilla y León;42;Soria;86;53789;765,75;29;208564;349,87
2020;1;Provincia;7;Castilla y León;47;Valladolid;563;79342;966,01;162;240367;334,03
2020;1;Provincia;7;Castilla y León;49;Zamora;99;123161;668,56;19;126601;329,95
2020;1;Comunidad;8;Castilla-La Mancha;98;CASTILLA-LA MANCHA;1156;91367;758,40;699;350396;329,04
2020;1;Provincia;8;Castilla-La Mancha;2;Albacete;327;93976;748,83;146;150326;308,83
2020;1;Provincia;8;Castilla-La Mancha;13;Ciudad Real;237;118338;732,37;91;155271;282,12
2020;1;Provincia;8;Castilla-La Mancha;16;Cuenca;69;90189;734,83;52;118926;305,13
2020;1;Provincia;8;Castilla-La Mancha;19;Guadalajara;176;70112;728,82;128;942864;450,21
2020;1;Provincia;8;Castilla-La Mancha;45;Toledo;347;83701;810,50;282;226749;298,78
2020;1;Comunidad;9;Cataluña;98;CATALUÑA;8457;154751;1420,37;1517;706701;645,87
2020;1;Provincia;9;Cataluña;8;Barcelona;6392;177063;1606,92;1043;829452;751,62
2020;1;Provincia;9;Cataluña;17;Girona;820;95140;985,43;169;774738;588,52
2020;1;Provincia;9;Cataluña;25;Lleida;534;79722;679,63;156;302220;336,16
2020;1;Provincia;9;Cataluña;43;Tarragona;711;76843;763,05;149;305800;408,64
2020;1;Comunidad;10;Comunitat Valenciana;98;COMUNITAT VALENCIANA;6120;120822;941,43;1300;507208;447,19
2020;1;Provincia;10;Comunitat Valenciana;3;Alicante / Alacant;2433;98596;948,86;320;347868;474,17
2020;1;Provincia;10;Comunitat Valenciana;12;Castellón / Castelló;672;65241;643,47;282;362075;351,24
2020;1;Provincia;10;Comunitat Valenciana;46;Valencia / València;3015;151474;1002,07;698;651440;483,34
2020;1;Comunidad;11;Extremadura;98;EXTREMADURA;622;83205;753,02;326;117899;278,75
2020;1;Provincia;11;Extremadura;6;Badajoz;425;90565;804,61;213;125201;284,94
2020;1;Provincia;11;Extremadura;10;Cáceres;197;67591;643,56;113;96576;260,69
2020;1;Comunidad;12;Galicia;98;GALICIA;1895;128766;926,63;278;348181;373,34
2020;1;Provincia;12;Galicia;15;A Coruña;818;133463;984,10;130;346656;399,14
2020;1;Provincia;12;Galicia;27;Lugo;239;88856;747,99;37;293574;285,84
2020;1;Provincia;12;Galicia;32;Ourense;204;97727;751,03;41;311982;286,06
2020;1;Provincia;12;Galicia;36;Pontevedra;634;144859;958,39;70;382740;390,65
2020;1;Comunidad;13;Comunidad de Madrid;98;COMUNIDAD DE MADRID;6657;212615;2175,81;1279;862639;849,61
2020;1;Provincia;13;Comunidad de Madrid;28;Madrid;6657;212615;2175,81;1279;862639;849,61
2020;1;Comunidad;14;Región de Murcia;98;REGIÓN DE MURCIA;1359;82835;741,87;345;281547;321,90
2020;1;Provincia;14;Región de Murcia;30;Murcia;1359;82835;741,87;345;281547;321,90
2020;1;Comunidad;15;C. Foral de Navarra;98;C. FORAL DE NAVARRA;877;126518;1098,03;229;336271;487,47
2020;1;Provincia;15;C. Foral de Navarra;31;Navarra;877;126518;1098,03;229;336271;487,47
2020;1;Comunidad;16;País Vasco;98;PAÍS VASCO;3385;177254;1497,45;563;881212;803,37
2020;1;Provincia;16;País Vasco;1;Araba / Álava;472;119238;1092,79;117;503682;620,60
2020;1;Provincia;16;País Vasco;20;Gipuzkoa;1237;133353;1571,65;254;749663;803,92
2020;1;Provincia;16;País Vasco;48;Bizkaia;1676;224463;1534,23;192;1221287;879,20
2020;1;Comunidad;17;La Rioja;98;LA RIOJA;545;91545;851,10;109;224455;342,73
2020;1;Provincia;17;La Rioja;26;La Rioja;545;91545;851,10;109;224455;342,73
2020;1;Comunidad;18;Ceuta;98;CEUTA;35;267111;1924,54;3;973155;853,64
2020;1;Provincia;18;Ceuta;51;Ceuta;35;267111;1924,54;3;973155;853,64
2020;1;Comunidad;19;Melilla;98;MELILLA;27;131506;1753,87;3;421000;919,56
2020;1;Provincia;19;Melilla;52;Melilla;27;131506;1753,87;3;421000;919,56
2020;2;Nacional;99;ESPAÑA;99;ESPAÑA;40609;137033;1291,23;8854;521979;526,46
2020;2;Comunidad;1;Andalucía;98;ANDALUCÍA;6778;101914;997,08;1532;198506;408,88
2020;2;Provincia;1;Andalucía;4;Almería;578;112622;752,31;109;314819;401,30
2020;2;Provincia;1;Andalucía;11;Cádiz;819;101528;921,83;244;177648;391,94
2020;2;Provincia;1;Andalucía;14;Córdoba;617;75896;802,41;205;205118;325,62
2020;2;Provincia;1;Andalucía;18;Granada;939;75262;889,88;133;215259;378,20
2020;2;Provincia;1;Andalucía;21;Huelva;334;72502;729,01;112;107547;341,98
2020;2;Provincia;1;Andalucía;23;Jaén;479;65760;647,65;103;112586;271,50
2020;2;Provincia;1;Andalucía;29;Málaga;1617;141579;1437,93;174;311865;587,33
2020;2;Provincia;1;Andalucía;41;Sevilla;1395;99852;983,86;452;170445;435,52
2020;2;Comunidad;2;Aragón;98;ARAGÓN;1031;92600;944,36;368;894274;380,48
2020;2;Provincia;2;Aragón;22;Huesca;267;57783;844,71;51;335673;282,42
2020;2;Provincia;2;Aragón;44;Teruel;85;42525;589,91;23;285118;294,22
2020;2;Provincia;2;Aragón;50;Zaragoza;679;111694;1024,24;294;1179681;426,88
2020;2;Comunidad;3;Principado de Asturias;98;PRINCIPADO DE ASTURIAS;706;94985;901,86;116;336897;400,14
2020;2;Provincia;3;Principado de Asturias;33;Asturias;706;94985;901,86;116;336897;400,14
2020;2;Comunidad;4;Illes Balears;98;ILLES BALEARS;1128;204358;1461,39;88;393349;819,83
2020;2;Provincia;4;Illes Balears;7;Illes Balears;1128;204358;1461,39;88;393349;819,83
2020;2;Comunidad;5;Canarias;98;CANARIAS;1820;152960;1449,23;178;583552;666,94
2020;2;Provincia;5;Canarias;35;Las Palmas;941;137607;1481,38;102;466330;597,20
2020;2;Provincia;5;Canarias;38;Santa Cruz de Tenerife;879;168931;1415,79;76;729134;753,55
2020;2;Comunidad;6;Cantabria;98;CANTABRIA;487;104821;1122,14;94;320277;485,55
2020;2;Provincia;6;Cantabria;39;Cantabria;487;104821;1122,14;94;320277;485,55
2020;2;Comunidad;7;Castilla y León;98;CASTILLA Y LEÓN;1944;106652;931,64;660;190804;339,22
2020;2;Provincia;7;Castilla y León;5;Ávila;141;62109;803,18;69;72942;282,43
2020;2;Provincia;7;Castilla y León;9;Burgos;365;157631;954,48;150;169110;409,86
2020;2;Provincia;7;Castilla y León;24;León;299;73075;687,50;95;164598;244,02
2020;2;Provincia;7;Castilla y León;34;Palencia;134;83219;734,49;43;267759;288,60
2020;2;Provincia;7;Castilla y León;37;Salamanca;250;149964;1236,23;67;198207;341,42
2020;2;Provincia;7;Castilla y León;40;Segovia;114;113405;1053,20;41;161539;360,24
2020;2;Provincia;7;Castilla y León;42;Soria;81;57141;744,67;26;226420;369,63
2020;2;Provincia;7;Castilla y León;47;Valladolid;463;81760;1066,10;145;239119;322,55
2020;2;Provincia;7;Castilla y León;49;Zamora;97;118839;701,23;24;126601;329,95
2020;2;Comunidad;8;Castilla-La Mancha;98;CASTILLA-LA MANCHA;994;91113;734,99;574;511496;327,15
2020;2;Provincia;8;Castilla-La Mancha;2;Albacete;290;95497;775,14;123;151377;304,14
2020;2;Provincia;8;Castilla-La Mancha;13;Ciudad Real;200;124832;744,63;73;165490;275,94
2020;2;Provincia;8;Castilla-La Mancha;16;Cuenca;59;91550;715,46;34;110730;290,87
2020;2;Provincia;8;Castilla-La Mancha;19;Guadalajara;158;71620;692,08;104;1666815;442,40
2020;2;Provincia;8;Castilla-La Mancha;45;Toledo;287;76352;717,81;240;217083;299,80
2020;2;Comunidad;9;Cataluña;98;CATALUÑA;7377;160357;1430,78;1323;713014;640,40
2020;2;Provincia;9;Cataluña;8;Barcelona;5521;185143;1627,43;914;823772;745,98
2020;2;Provincia;9;Cataluña;17;Girona;730;95736;1002,44;155;832549;564,27
2020;2;Provincia;9;Cataluña;25;Lleida;467;83094;653,74;134;255113;332,51
2020;2;Provincia;9;Cataluña;43;Tarragona;659;73471;737,36;120;367034;424,24
2020;2;Comunidad;10;Comunitat Valenciana;98;COMUNITAT VALENCIANA;5210;100725;919,78;1156;487116;440,18
2020;2;Provincia;10;Comunitat Valenciana;3;Alicante / Alacant;2063;98248;931,81;289;308411;478,32
2020;2;Provincia;10;Comunitat Valenciana;12;Castellón / Castelló;561;69026;655,73;260;324015;334,02
2020;2;Provincia;10;Comunitat Valenciana;46;Valencia / València;2586;109740;967,88;607;659295;478,01
2020;2;Comunidad;11;Extremadura;98;EXTREMADURA;532;83550;767,56;264;135063;284,58
2020;2;Provincia;11;Extremadura;6;Badajoz;349;92756;793,63;169;147340;282,16
2020;2;Provincia;11;Extremadura;10;Cáceres;183;66579;719,51;95;96185;292,26
2020;2;Comunidad;12;Galicia;98;GALICIA;1595;135478;967,51;253;361295;394,57
2020;2;Provincia;12;Galicia;15;A Coruña;703;146867;1049,60;112;337084;388,17
2020;2;Provincia;12;Galicia;27;Lugo;212;97952;791,27;35;322739;304,83
2020;2;Provincia;12;Galicia;32;Ourense;159;93170;712,03;46;311982;286,06
2020;2;Provincia;12;Galicia;36;Pontevedra;521;143768;978,54;60;437267;485,07
2020;2;Comunidad;13;Comunidad de Madrid;98;COMUNIDAD DE MADRID;5628;212118;2216,69;1105;936278;802,31
2020;2;Provincia;13;Comunidad de Madrid;28;Madrid;5628;212118;2216,69;1105;936278;802,31
2020;2;Comunidad;14;Región de Murcia;98;REGIÓN DE MURCIA;1193;81391;733,35;313;281326;310,83
2020;2;Provincia;14;Región de Murcia;30;Murcia;1193;81391;733,35;313;281326;310,83
2020;2;Comunidad;15;C. Foral de Navarra;98;C. FORAL DE NAVARRA;698;127622;1135,27;212;323728;465,50
2020;2;Provincia;15;C. Foral de Navarra;31;Navarra;698;127622;1135,27;212;323728;465,50
2020;2;Comunidad;16;País Vasco;98;PAÍS VASCO;2983;141731;1493,44;523;945715;825,77
2020;2;Provincia;16;País Vasco;1;Araba / Álava;420;104473;1037,50;101;471263;648,78
2020;2;Provincia;16;País Vasco;20;Gipuzkoa;1092;138771;1619,41;223;802566;824,53
2020;2;Provincia;16;País Vasco;48;Bizkaia;1471;152710;1504,46;199;1312577;898,10
2020;2;Comunidad;17;La Rioja;98;LA RIOJA;451;104419;827,70;89;222139;327,01
2020;2;Provincia;17;La Rioja;26;La Rioja;451;104419;827,70;89;222139;327,01
2020;2;Comunidad;18;Ceuta;98;CEUTA;33;300332;2053,67;4;973155;853,64
2020;2;Provincia;18;Ceuta;51;Ceuta;33;300332;2053,67;4;973155;853,64
2020;2;Comunidad;19;Melilla;98;MELILLA;21;139500;1864,99;2;92000;920,00
2020;2;Provincia;19;Melilla;52;Melilla;21;139500;1864,99;2;92000;920,00
2020;3;Nacional;99;ESPAÑA;99;ESPAÑA;38255;128408;1237,78;8276;483385;521,12
2020;3;Comunidad;1;Andalucía;98;ANDALUCÍA;6404;95333;985,32;1447;196591;406,36
2020;3;Provincia;1;Andalucía;4;Almería;532;110162;745,19;93;298762;380,08
2020;3;Provincia;1;Andalucía;11;Cádiz;834;82889;894,47;236;164649;408,13
2020;3;Provincia;1;Andalucía;14;Córdoba;574;69256;793,53;180;202150;336,82
2020;3;Provincia;1;Andalucía;18;Granada;848;69592;864,38;136;161922;396,08
2020;3;Provincia;1;Andalucía;21;Huelva;340;74690;727,13;91;103442;337,96
2020;3;Provincia;1;Andalucía;23;Jaén;462;59125;601,60;111;124817;280,22
2020;3;Provincia;1;Andalucía;29;Málaga;1589;134376;1407,88;174;287723;542,94
2020;3;Provincia;1;Andalucía;41;Sevilla;1225;96879;1008,45;426;200924;433,38
2020;3;Comunidad;2;Aragón;98;ARAGÓN;1012;90229;937,57;402;476326;394,92
2020;3;Provincia;2;Aragón;22;Huesca;257;72027;850,88;53;287824;289,69
2020;3;Provincia;2;Aragón;44;Teruel;101;42657;520,83;28;277278;292,51
2020;3;Provincia;2;Aragón;50;Zaragoza;654;103902;1027,12;321;578005;449,92
2020;3;Comunidad;3;Principado de Asturias;98;PRINCIPADO DE ASTURIAS;684;97714;864,24;100;379654;389,83
2020;3;Provincia;3;Principado de Asturias;33;Asturias;684;97714;864,24;100;379654;389,83
2020;3;Comunidad;4;Illes Balears;98;ILLES BALEARS;1015;190175;1401,30;89;392638;820,60
2020;3;Provincia;4;Illes Balears;7;Illes Balears;1015;190175;1401,30;89;392638;820,60
2020;3;Comunidad;5;Canarias;98;CANARIAS;1733;141589;1399,21;155;491984;599,68
2020;3;Provincia;5;Canarias;35;Las Palmas;801;135155;1439,39;94;473069;594,46
2020;3;Provincia;5;Canarias;38;Santa Cruz de Tenerife;932;147523;1362,16;61;517204;606,65
2020;3;Comunidad;6;Cantabria;98;CANTABRIA;478;82009;1019,06;79;387595;547,00
2020;3;Provincia;6;Cantabria;39;Cantabria;478;82009;1019,06;79;387595;547,00
2020;3;Comunidad;7;Castilla y León;98;CASTILLA Y LEÓN;1880;98367;906,85;624;186972;329,23
2020;3;Provincia;7;Castilla y León;5;Ávila;103;48517;655,29;61;96940;319,36
2020;3;Provincia;7;Castilla y León;9;Burgos;365;137381;964,73;148;170662;405,31
2020;3;Provincia;7;Castilla y León;24;León;320;72597;648,02;94;156414;228,16
2020;3;Provincia;7;Castilla y León;34;Palencia;149;86226;728,77;39;190321;305,62
2020;3;Provincia;7;Castilla y León;37;Salamanca;245;135667;1168,11;66;289881;355,35
2020;3;Provincia;7;Castilla y León;40;Segovia;107;111452;956,52;38;137164;313,82
2020;3;Provincia;7;Castilla y León;42;Soria;68;49965;696,80;25;321600;333,22
2020;3;Provincia;7;Castilla y León;47;Valladolid;425;78394;1092,68;132;195066;294,71
2020;3;Provincia;7;Castilla y León;49;Zamora;98;103101;720,53;21;105075;298,83
2020;3;Comunidad;8;Castilla-La Mancha;98;CASTILLA-LA MANCHA;986;92668;699,30;529;799513;325,55
2020;3;Provincia;8;Castilla-La Mancha;2;Albacete;302;99164;756,45;107;135950;285,77
2020;3;Provincia;8;Castilla-La Mancha;13;Ciudad Real;165;134989;647,93;63;149635;269,67
2020;3;Provincia;8;Castilla-La Mancha;16;Cuenca;52;131951;639,03;43;246624;354,97
2020;3;Provincia;8;Castilla-La Mancha;19;Guadalajara;149;73770;700,94;102;1647425;418,82
2020;3;Provincia;8;Castilla-La Mancha;45;Toledo;318;67550;675,10;214;805268;300,67
2020;3;Comunidad;9;Cataluña;98;CATALUÑA;6938;153803;1368,37;1253;691258;646,41
2020;3;Provincia;9;Cataluña;8;Barcelona;5174;175554;1545,45;826;781036;757,23
2020;3;Provincia;9;Cataluña;17;Girona;703;104527;973,94;147;871691;561,83
2020;3;Provincia;9;Cataluña;25;Lleida;399;86743;660,27;123;254150;329,26
2020;3;Provincia;9;Cataluña;43;Tarragona;662;70037;746,98;157;342293;421,44
2020;3;Comunidad;10;Comunitat Valenciana;98;COMUNITAT VALENCIANA;4845;95847;872,37;1034;388973;427,63
2020;3;Provincia;10;Comunitat Valenciana;3;Alicante / Alacant;1944;94520;907,34;250;298222;480,40
2020;3;Provincia;10;Comunitat Valenciana;12;Castellón / Castelló;546;67929;630,92;226;247388;319,44
2020;3;Provincia;10;Comunitat Valenciana;46;Valencia / València;2355;103742;900,65;558;499514;455,86
2020;3;Comunidad;11;Extremadura;98;EXTREMADURA;588;82769;771,19;254;116933;272,16
2020;3;Provincia;11;Extremadura;6;Badajoz;388;91210;779,62;164;124278;266,34
2020;3;Provincia;11;Extremadura;10;Cáceres;200;68753;757,20;90;95315;289,28
2020;3;Comunidad;12;Galicia;98;GALICIA;1525;109792;897,49;218;411360;370,18
2020;3;Provincia;12;Galicia;15;A Coruña;659;109008;968,07;90;457332;359,08
2020;3;Provincia;12;Galicia;27;Lugo;192;92212;721,48;36;410813;381,13
2020;3;Provincia;12;Galicia;32;Ourense;157;83585;698,63;32;422473;265,23
2020;3;Provincia;12;Galicia;36;Pontevedra;517;123706;903,30;60;341100;414,97
2020;3;Comunidad;13;Comunidad de Madrid;98;COMUNIDAD DE MADRID;5039;203919;2183,47;1020;907890;774,14
2020;3;Provincia;13;Comunidad de Madrid;28;Madrid;5039;203919;2183,47;1020;907890;774,14
2020;3;Comunidad;14;Región de Murcia;98;REGIÓN DE MURCIA;1089;81047;721,87;289;226326;307,38
2020;3;Provincia;14;Región de Murcia;30;Murcia;1089;81047;721,87;289;226326;307,38
2020;3;Comunidad;15;C. Foral de Navarra;98;C. FORAL DE NAVARRA;687;111493;1043,84;198;321259;441,52
2020;3;Provincia;15;C. Foral de Navarra;31;Navarra;687;111493;1043,84;198;321259;441,52
2020;3;Comunidad;16;País Vasco;98;PAÍS VASCO;2847;133782;1423,85;487;642055;843,05
2020;3;Provincia;16;País Vasco;1;Araba / Álava;415;91589;1030,63;104;369176;554,60
2020;3;Provincia;16;País Vasco;20;Gipuzkoa;984;124076;1493,29;175;784644;868,74
2020;3;Provincia;16;País Vasco;48;Bizkaia;1448;150211;1465,15;208;626045;935,20
2020;3;Comunidad;17;La Rioja;98;LA RIOJA;462;90809;759,17;91;199153;328,77
2020;3;Provincia;17;La Rioja;26;La Rioja;462;90809;759,17;91;199153;328,77
2020;3;Comunidad;18;Ceuta;98;CEUTA;25;316589;1808,41;4;973155;853,64
2020;3;Provincia;18;Ceuta;51;Ceuta;25;316589;1808,41;4;973155;853,64
2020;3;Comunidad;19;Melilla;98;MELILLA;18;159333;1952,55;3;148500;967,43
2020;3;Provincia;19;Melilla;52;Melilla;18;159333;1952,55;3;148500;967,43
2020;4;Nacional;99;ESPAÑA;99;ESPAÑA;36946;120504;1205,24;8072;495825;521,02
2020;4;Comunidad;1;Andalucía;98;ANDALUCÍA;6224;93805;957,70;1445;222185;409,68
2020;4;Provincia;1;Andalucía;4;Almería;556;119778;753,88;101;348940;420,49
2020;4;Provincia;1;Andalucía;11;Cádiz;853;81527;858,72;241;163841;406,98
2020;4;Provincia;1;Andalucía;14;Córdoba;564;64730;772,59;175;260356;359,30
2020;4;Provincia;1;Andalucía;18;Granada;835;74513;872,69;130;268671;408,66
2020;4;Provincia;1;Andalucía;21;Huelva;310;74983;719,40;92;115154;347,55
2020;4;Provincia;1;Andalucía;23;Jaén;438;54264;583,91;112;122666;295,06
2020;4;Provincia;1;Andalucía;29;Málaga;1434;132570;1390,98;154;245965;542,85
2020;4;Provincia;1;Andalucía;41;Sevilla;1234;92955;987,55;440;235883;425,99
2020;4;Comunidad;2;Aragón;98;ARAGÓN;1011;77112;861,95;383;327914;399,03
2020;4;Provincia;2;Aragón;22;Huesca;259;70364;759,19;48;262090;307,88
2020;4;Provincia;2;Aragón;44;Teruel;98;47896;571,73;28;309342;305,79
2020;4;Provincia;2;Aragón;50;Zaragoza;654;83695;942,89;307;353446;451,48
2020;4;Comunidad;3;Principado de Asturias;98;PRINCIPADO DE ASTURIAS;696;84123;884,95;98;340199;387,53
2020;4;Provincia;3;Principado de Asturias;33;Asturias;696;84123;884,95;98;340199;387,53
2020;4;Comunidad;4;Illes Balears;98;ILLES BALEARS;934;197577;1409,81;91;402427;780,57
2020;4;Provincia;4;Illes Balears;7;Illes Balears;934;197577;1409,81;91;402427;780,57
2020;4;Comunidad;5;Canarias;98;CANARIAS;1651;129220;1279,54;162;460246;615,30
2020;4;Provincia;5;Canarias;35;Las Palmas;716;127286;1255,70;95;480018;605,06
2020;4;Provincia;5;Canarias;38;Santa Cruz de Tenerife;935;130806;1299,10;67;436878;627,41
2020;4;Comunidad;6;Cantabria;98;CANTABRIA;513;72410;1054,20;71;447513;541,51
2020;4;Provincia;6;Cantabria;39;Cantabria;513;72410;1054,20;71;447513;541,51
2020;4;Comunidad;7;Castilla y León;98;CASTILLA Y LEÓN;1786;95639;868,56;603;242128;355,24
2020;4;Provincia;7;Castilla y León;5;Ávila;108;59502;666,04;64;120455;372,14
2020;4;Provincia;7;Castilla y León;9;Burgos;368;132255;965,61;156;163549;399,64
2020;4;Provincia;7;Castilla y León;24;León;306;68191;601,11;95;162409;341,45
2020;4;Provincia;7;Castilla y León;34;Palencia;149;89784;722,94;34;174186;303,15
2020;4;Provincia;7;Castilla y León;37;Salamanca;224;129314;1110,26;60;301130;357,98
2020;4;Provincia;7;Castilla y León;40;Segovia;90;103907;808,58;42;168640;455,46
2020;4;Provincia;7;Castilla y León;42;Soria;64;56839;645,79;21;339615;278,92
2020;4;Provincia;7;Castilla y León;47;Valladolid;398;76821;1020,53;113;415822;317,38
2020;4;Provincia;7;Castilla y León;49;Zamora;79;111238;760,48;18;105271;354,52
2020;4;Comunidad;8;Castilla-La Mancha;98;CASTILLA-LA MANCHA;972;78411;704,64;507;958394;334,19
2020;4;Provincia;8;Castilla-La Mancha;2;Albacete;289;89449;770,14;105;201074;303,00
2020;4;Provincia;8;Castilla-La Mancha;13;Ciudad Real;162;62419;688,30;65;145158;268,65
2020;4;Provincia;8;Castilla-La Mancha;16;Cuenca;57;128933;608,75;42;266646;380,14
2020;4;Provincia;8;Castilla-La Mancha;19;Guadalajara;147;68960;653,82;91;1900705;458,03
2020;4;Provincia;8;Castilla-La Mancha;45;Toledo;317;72349;693,16;204;1074371;297,08
2020;4;Comunidad;9;Cataluña;98;CATALUÑA;6741;141230;1410,22;1181;673445;649,98
2020;4;Provincia;9;Cataluña;8;Barcelona;5023;159721;1607,34;780;806883;763,09
2020;4;Provincia;9;Cataluña;17;Girona;645;102565;961,88;142;651469;529,44
2020;4;Provincia;9;Cataluña;25;Lleida;438;81974;648,20;103;270801;328,22
2020;4;Provincia;9;Cataluña;43;Tarragona;635;67954;733,73;156;265885;409,16
2020;4;Comunidad;10;Comunitat Valenciana;98;COMUNITAT VALENCIANA;4605;94171;849,38;1005;396391;435,84
2020;4;Provincia;10;Comunitat Valenciana;3;Alicante / Alacant;1893;95977;869,92;253;357692;502,18
2020;4;Provincia;10;Comunitat Valenciana;12;Castellón / Castelló;546;71811;804,85;213;219863;310,90
2020;4;Provincia;10;Comunitat Valenciana;46;Valencia / València;2166;98511;842,77;539;498032;461,46
2020;4;Comunidad;11;Extremadura;98;EXTREMADURA;614;78501;755,60;273;108657;282,38
2020;4;Provincia;11;Extremadura;6;Badajoz;415;84432;746,16;160;114818;273,48
2020;4;Provincia;11;Extremadura;10;Cáceres;199;68159;772,05;113;95155;301,90
2020;4;Comunidad;12;Galicia;98;GALICIA;1520;103467;868,22;226;471070;391,27
2020;4;Provincia;12;Galicia;15;A Coruña;645;100485;958,95;94;498225;388,45
2020;4;Provincia;12;Galicia;27;Lugo;191;97353;698,10;29;490409;371,96
2020;4;Provincia;12;Galicia;32;Ourense;159;61733;569,23;45;524975;284,80
2020;4;Provincia;12;Galicia;36;Pontevedra;525;120122;873,68;58;397158;445,65
2020;4;Comunidad;13;Comunidad de Madrid;98;COMUNIDAD DE MADRID;4696;191441;2071,60;989;905418;771,46
2020;4;Provincia;13;Comunidad de Madrid;28;Madrid;4696;191441;2071,60;989;905418;771,46
2020;4;Comunidad;14;Región de Murcia;98;REGIÓN DE MURCIA;1045;80601;719,65;289;217465;317,52
2020;4;Provincia;14;Región de Murcia;30;Murcia;1045;80601;719,65;289;217465;317,52
2020;4;Comunidad;15;C. Foral de Navarra;98;C. FORAL DE NAVARRA;666;95610;975,54;187;325297;469,56
2020;4;Provincia;15;C. Foral de Navarra;31;Navarra;666;95610;975,54;187;325297;469,56
2020;4;Comunidad;16;País Vasco;98;PAÍS VASCO;2768;126358;1420,36;481;771504;791,69
2020;4;Provincia;16;País Vasco;1;Araba / Álava;403;88671;1002,33;93;334404;548,01
2020;4;Provincia;16;País Vasco;20;Gipuzkoa;972;124424;1437,38;150;868759;882,34
2020;4;Provincia;16;País Vasco;48;Bizkaia;1393;136277;1503,80;238;843427;810,58
2020;4;Comunidad;17;La Rioja;98;LA RIOJA;472;83282;760,77;75;171275;328,70
2020;4;Provincia;17;La Rioja;26;La Rioja;472;83282;760,77;75;171275;328,70
2020;4;Comunidad;18;Ceuta;98;CEUTA;14;344450;1556,05;2;536577;548,77
2020;4;Provincia;18;Ceuta;51;Ceuta;14;344450;1556,05;2;536577;548,77
2020;4;Comunidad;19;Melilla;98;MELILLA;18;127727;2095,76;4;135667;781,26
2020;4;Provincia;19;Melilla;52;Melilla;18;127727;2095,76;4;135667;781,26
2021;1;Nacional;99;ESPAÑA;99;ESPAÑA;35943;113003;1120,00;7922;513276;510,08
2021;1;Comunidad;1;Andalucía;98;ANDALUCÍA;6006;89989;934,45;1425;208545;406,10
2021;1;Provincia;1;Andalucía;4;Almería;542;80617;716,47;107;257883;458,58
2021;1;Provincia;1;Andalucía;11;Cádiz;857;78017;841,76;241;154423;389,59
2021;1;Provincia;1;Andalucía;14;Córdoba;548;65204;826,01;176;206035;357,66
2021;1;Provincia;1;Andalucía;18;Granada;723;73273;895,33;124;263139;367,08
2021;1;Provincia;1;Andalucía;21;Huelva;342;64577;719,94;76;104555;356,14
2021;1;Provincia;1;Andalucía;23;Jaén;396;46883;584,12;116;154348;304,03
2021;1;Provincia;1;Andalucía;29;Málaga;1393;126750;1257,73;150;247859;593,79
2021;1;Provincia;1;Andalucía;41;Sevilla;1205;106704;1014,82;435;234320;407,99
2021;1;Comunidad;2;Aragón;98;ARAGÓN;1002;80564;803,43;375;476093;380,56
2021;1;Provincia;2;Aragón;22;Huesca;259;70822;801,38;49;221218;310,75
2021;1;Provincia;2;Aragón;44;Teruel;96;52870;623,81;22;205603;285,41
2021;1;Provincia;2;Aragón;50;Zaragoza;647;88661;828,44;304;598034;417,43
2021;1;Comunidad;3;Principado de Asturias;98;PRINCIPADO DE ASTURIAS;732;79779;853,00;99;274692;367,01
2021;1;Provincia;3;Principado de Asturias;33;Asturias;732;79779;853,00;99;274692;367,01
2021;1;Comunidad;4;Illes Balears;98;ILLES BALEARS;864;202189;1317,65;99;477333;785,10
2021;1;Provincia;4;Illes Balears;7;Illes Balears;864;202189;1317,65;99;477333;785,10
2021;1;Comunidad;5;Canarias;98;CANARIAS;1515;105263;1109,31;164;428024;612,53
2021;1;Provincia;5;Canarias;35;Las Palmas;694;119378;1135,02;89;450262;603,12
2021;1;Provincia;5;Canarias;38;Santa Cruz de Tenerife;821;91941;1085,05;75;407671;621,15
2021;1;Comunidad;6;Cantabria;98;CANTABRIA;492;71175;1047,39;70;504070;584,72
2021;1;Provincia;6;Cantabria;39;Cantabria;492;71175;1047,39;70;504070;584,72
2021;1;Comunidad;7;Castilla y León;98;CASTILLA Y LEÓN;1761;79773;762,71;597;312261;377,89
2021;1;Provincia;7;Castilla y León;5;Ávila;119;62137;660,36;62;85000;405,76
2021;1;Provincia;7;Castilla y León;9;Burgos;356;123452;882,94;135;337501;420,99
2021;1;Provincia;7;Castilla y León;24;León;281;54777;505,90;100;271535;356,58
2021;1;Provincia;7;Castilla y León;34;Palencia;136;81388;662,24;37;139103;304,58
2021;1;Provincia;7;Castilla y León;37;Salamanca;257;65330;879,11;52;240597;319,35
2021;1;Provincia;7;Castilla y León;40;Segovia;84;102076;753,54;41;207681;476,47
2021;1;Provincia;7;Castilla y León;42;Soria;54;60355;632,76;26;333892;284,54
2021;1;Provincia;7;Castilla y León;47;Valladolid;398;75112;862,19;120;453323;349,99
2021;1;Provincia;7;Castilla y León;49;Zamora;76;59807;671,68;24;177694;747,06
2021;1;Comunidad;8;Castilla-La Mancha;98;CASTILLA-LA MANCHA;920;75602;704,27;513;914844;338,02
2021;1;Provincia;8;Castilla-La Mancha;2;Albacete;288;84362;785,79;104;268637;325,52
2021;1;Provincia;8;Castilla-La Mancha;13;Ciudad Real;134;62166;687,78;61;119462;278,60
2021;1;Provincia;8;Castilla-La Mancha;16;Cuenca;60;165295;557,04;46;263341;395,04
2021;1;Provincia;8;Castilla-La Mancha;19;Guadalajara;133;66507;616,22;84;2035184;450,74
2021;1;Provincia;8;Castilla-La Mancha;45;Toledo;305;60918;703,37;218;961680;309,50
2021;1;Comunidad;9;Cataluña;98;CATALUÑA;6411;138197;1353,26;1158;723409;654,51
2021;1;Provincia;9;Cataluña;8;Barcelona;4691;158953;1556,02;783;865176;753,97
2021;1;Provincia;9;Cataluña;17;Girona;609;99182;975,04;132;613164;529,77
2021;1;Provincia;9;Cataluña;25;Lleida;479;67638;620,11;100;258139;333,56
2021;1;Provincia;9;Cataluña;43;Tarragona;632;71886;729,28;143;290084;404,51
2021;1;Comunidad;10;Comunitat Valenciana;98;COMUNITAT VALENCIANA;4528;87357;844,56;1006;404688;396,80
2021;1;Provincia;10;Comunitat Valenciana;3;Alicante / Alacant;1895;92071;863,44;256;372991;484,58
2021;1;Provincia;10;Comunitat Valenciana;12;Castellón / Castelló;529;66955;820,48;217;231156;310,00
2021;1;Provincia;10;Comunitat Valenciana;46;Valencia / València;2104;88666;834,16;533;499833;396,34
2021;1;Comunidad;11;Extremadura;98;EXTREMADURA;614;77466;669,59;302;108770;291,39
2021;1;Provincia;11;Extremadura;6;Badajoz;387;66219;605,16;167;122604;293,19
2021;1;Provincia;11;Extremadura;10;Cáceres;227;91901;752,28;135;83637;288,12
2021;1;Comunidad;12;Galicia;98;GALICIA;1530;98466;867,91;232;465296;437,23
2021;1;Provincia;12;Galicia;15;A Coruña;676;104835;946,90;96;490386;379,28
2021;1;Provincia;12;Galicia;27;Lugo;202;76065;699,41;33;629650;811,08
2021;1;Provincia;12;Galicia;32;Ourense;169;65342;532,22;46;337570;315,38
2021;1;Provincia;12;Galicia;36;Pontevedra;483;105523;893,21;57;397669;417,61
2021;1;Comunidad;13;Comunidad de Madrid;98;COMUNIDAD DE MADRID;4509;186850;1780,37;891;987227;760,98
2021;1;Provincia;13;Comunidad de Madrid;28;Madrid;4509;186850;1780,37;891;987227;760,98
2021;1;Comunidad;14;Región de Murcia;98;REGIÓN DE MURCIA;1060;72566;687,01;286;178073;316,15
2021;1;Provincia;14;Región de Murcia;30;Murcia;1060;72566;687,01;286;178073;316,15
2021;1;Comunidad;15;C. Foral de Navarra;98;C. FORAL DE NAVARRA;675;67744;900,98;178;298543;452,64
2021;1;Provincia;15;C. Foral de Navarra;31;Navarra;675;67744;900,98;178;298543;452,64
2021;1;Comunidad;16;País Vasco;98;PAÍS VASCO;2769;108295;1336,61;438;802819;742,49
2021;1;Provincia;16;País Vasco;1;Araba / Álava;382;84938;1133,39;93;491894;498,84
2021;1;Provincia;16;País Vasco;20;Gipuzkoa;994;111684;1356,10;125;930356;804,14
2021;1;Provincia;16;País Vasco;48;Bizkaia;1393;111049;1367,50;220;838294;787,92
2021;1;Comunidad;17;La Rioja;98;LA RIOJA;515;73868;760,89;82;156228;340,98
2021;1;Provincia;17;La Rioja;26;La Rioja;515;73868;760,89;82;156228;340,98
2021;1;Comunidad;18;Ceuta;98;CEUTA;19;235023;1367,99;1;100000;243,90
2021;1;Provincia;18;Ceuta;51;Ceuta;19;235023;1367,99;1;100000;243,90
2021;1;Comunidad;19;Melilla;98;MELILLA;21;112583;1351,25;6;237000;1123,45
2021;1;Provincia;19;Melilla;52;Melilla;21;112583;1351,25;6;237000;1123,45
2021;2;Nacional;99;ESPAÑA;99;ESPAÑA;42935;109532;1109,37;9127;493392;507,88
2021;2;Comunidad;1;Andalucía;98;ANDALUCÍA;7406;88285;912,20;1684;205380;406,37
2021;2;Provincia;1;Andalucía;4;Almería;676;78236;706,07;123;256240;441,38
2021;2;Provincia;1;Andalucía;11;Cádiz;1053;77602;804,87;265;154893;402,96
2021;2;Provincia;1;Andalucía;14;Córdoba;651;66520;812,93;244;199503;342,07
2021;2;Provincia;1;Andalucía;18;Granada;897;69791;877,41;151;228088;369,38
2021;2;Provincia;1;Andalucía;21;Huelva;406;64350;713,80;100;116180;356,37
2021;2;Provincia;1;Andalucía;23;Jaén;407;46445;577,89;123;146310;302,39
2021;2;Provincia;1;Andalucía;29;Málaga;1864;121728;1197,30;177;256739;660,54
2021;2;Provincia;1;Andalucía;41;Sevilla;1452;103177;995,50;501;234023;394,82
2021;2;Comunidad;2;Aragón;98;ARAGÓN;1186;74509;789,29;432;413654;380,06
2021;2;Provincia;2;Aragón;22;Huesca;278;67277;773,59;53;203959;325,84
2021;2;Provincia;2;Aragón;44;Teruel;124;65226;667,80;25;200862;284,88
2021;2;Provincia;2;Aragón;50;Zaragoza;784;78735;812,43;354;496112;406,62
2021;2;Comunidad;3;Principado de Asturias;98;PRINCIPADO DE ASTURIAS;853;77332;829,77;109;284898;361,14
2021;2;Provincia;3;Principado de Asturias;33;Asturias;853;77332;829,77;109;284898;361,14
2021;2;Comunidad;4;Illes Balears;98;ILLES BALEARS;977;168857;1362,11;128;555924;852,98
2021;2;Provincia;4;Illes Balears;7;Illes Balears;977;168857;1362,11;128;555924;852,98
2021;2;Comunidad;5;Canarias;98;CANARIAS;1797;100681;1078,86;187;457823;602,84
2021;2;Provincia;5;Canarias;35;Las Palmas;800;113675;1133,80;103;450588;602,21
2021;2;Provincia;5;Canarias;38;Santa Cruz de Tenerife;997;89431;1031,28;84;464335;603,40
2021;2;Comunidad;6;Cantabria;98;CANTABRIA;628;79932;1025,64;85;436039;593,37
2021;2;Provincia;6;Cantabria;39;Cantabria;628;79932;1025,64;85;436039;593,37
2021;2;Comunidad;7;Castilla y León;98;CASTILLA Y LEÓN;2072;75377;756,09;695;292021;372,36
2021;2;Provincia;7;Castilla y León;5;Ávila;122;68449;662,28;78;139445;299,28
2021;2;Provincia;7;Castilla y León;9;Burgos;398;73214;810,28;152;315659;422,06
2021;2;Provincia;7;Castilla y León;24;León;341;57220;521,90;113;269081;357,08
2021;2;Provincia;7;Castilla y León;34;Palencia;162;68461;630,08;39;149590;297,13
2021;2;Provincia;7;Castilla y León;37;Salamanca;305;76807;976,85;74;207650;295,08
2021;2;Provincia;7;Castilla y León;40;Segovia;88;93876;721,39;51;190259;479,59
2021;2;Provincia;7;Castilla y León;42;Soria;75;57683;681,95;28;286288;282,69
2021;2;Provincia;7;Castilla y León;47;Valladolid;500;93748;820,64;141;438046;377,93
2021;2;Provincia;7;Castilla y León;49;Zamora;81;61179;719,72;19;156982;676,76
2021;2;Comunidad;8;Castilla-La Mancha;98;CASTILLA-LA MANCHA;1181;71527;679,35;590;651537;328,04
2021;2;Provincia;8;Castilla-La Mancha;2;Albacete;372;77457;706,20;80;249621;301,68
2021;2;Provincia;8;Castilla-La Mancha;13;Ciudad Real;201;65004;646,34;81;196115;299,58
2021;2;Provincia;8;Castilla-La Mancha;16;Cuenca;76;141988;582,13;58;300300;356,37
2021;2;Provincia;8;Castilla-La Mancha;19;Guadalajara;154;67625;704,22;106;991597;406,15
2021;2;Provincia;8;Castilla-La Mancha;45;Toledo;378;58342;679,48;265;835646;311,44
2021;2;Comunidad;9;Cataluña;98;CATALUÑA;7457;136681;1334,56;1314;713544;668,49
2021;2;Provincia;9;Cataluña;8;Barcelona;5446;158005;1532,98;902;847177;755,88
2021;2;Provincia;9;Cataluña;17;Girona;708;96002;968,06;147;569343;545,38
2021;2;Provincia;9;Cataluña;25;Lleida;546;65947;643,09;107;186528;344,18
2021;2;Provincia;9;Cataluña;43;Tarragona;757;73901;757,87;158;267561;400,81
2021;2;Comunidad;10;Comunitat Valenciana;98;COMUNITAT VALENCIANA;5411;84479;841,80;1165;461154;394,89
2021;2;Provincia;10;Comunitat Valenciana;3;Alicante / Alacant;2290;91193;866,46;299;315193;453,79
2021;2;Provincia;10;Comunitat Valenciana;12;Castellón / Castelló;629;62183;800,57;238;277895;313,93
2021;2;Provincia;10;Comunitat Valenciana;46;Valencia / València;2492;84336;830,31;628;613549;404,66
2021;2;Comunidad;11;Extremadura;98;EXTREMADURA;686;73240;655,78;346;99137;286,63
2021;2;Provincia;11;Extremadura;6;Badajoz;434;66796;621,62;203;106090;287,93
2021;2;Provincia;11;Extremadura;10;Cáceres;252;82517;704,97;143;85012;283,99
2021;2;Comunidad;12;Galicia;98;GALICIA;1804;98982;851,82;241;468221;425,29
2021;2;Provincia;12;Galicia;15;A Coruña;764;104505;939,25;104;520256;399,42
2021;2;Provincia;12;Galicia;27;Lugo;254;77684;698,15;40;553828;668,20
2021;2;Provincia;12;Galicia;32;Ourense;196;71779;537,95;39;389560;330,12
2021;2;Provincia;12;Galicia;36;Pontevedra;590;106802;869,52;58;365841;370,17
2021;2;Comunidad;13;Comunidad de Madrid;98;COMUNIDAD DE MADRID;5481;183264;1810,15;1035;922701;747,44
2021;2;Provincia;13;Comunidad de Madrid;28;Madrid;5481;183264;1810,15;1035;922701;747,44
2021;2;Comunidad;14;Región de Murcia;98;REGIÓN DE MURCIA;1289;73674;700,43;356;189876;315,89
2021;2;Provincia;14;Región de Murcia;30;Murcia;1289;73674;700,43;356;189876;315,89
2021;2;Comunidad;15;C. Foral de Navarra;98;C. FORAL DE NAVARRA;831;78883;946,53;190;307108;493,02
2021;2;Provincia;15;C. Foral de Navarra;31;Navarra;831;78883;946,53;190;307108;493,02
2021;2;Comunidad;16;País Vasco;98;PAÍS VASCO;3171;106315;1322,38;468;817134;738,66
2021;2;Provincia;16;País Vasco;1;Araba / Álava;421;78507;1138,62;105;951720;528,24
2021;2;Provincia;16;País Vasco;20;Gipuzkoa;1149;108991;1367,21;144;774373;752,92
2021;2;Provincia;16;País Vasco;48;Bizkaia;1601;110237;1329,30;219;795689;799,72
2021;2;Comunidad;17;La Rioja;98;LA RIOJA;658;58761;778,38;93;248960;353,79
2021;2;Provincia;17;La Rioja;26;La Rioja;658;58761;778,38;93;248960;353,79
2021;2;Comunidad;18;Ceuta;98;CEUTA;25;128698;1576,65;0;0;0,00
2021;2;Provincia;18;Ceuta;51;Ceuta;25;128698;1576,65;0;0;0,00
2021;2;Comunidad;19;Melilla;98;MELILLA;22;103295;1282,78;9;216429;971,07
2021;2;Provincia;19;Melilla;52;Melilla;22;103295;1282,78;9;216429;971,07
2021;3;Nacional;99;ESPAÑA;99;ESPAÑA;45748;115479;1141,33;9875;500485;512,22
2021;3;Comunidad;1;Andalucía;98;ANDALUCÍA;7911;88527;924,33;1784;203068;403,79
2021;3;Provincia;1;Andalucía;4;Almería;783;79389;694,69;134;259956;444,44
2021;3;Provincia;1;Andalucía;11;Cádiz;1114;73397;815,88;292;154691;382,43
2021;3;Provincia;1;Andalucía;14;Córdoba;689;69831;839,81;274;215027;340,56
2021;3;Provincia;1;Andalucía;18;Granada;967;73565;893,92;152;235979;382,87
2021;3;Provincia;1;Andalucía;21;Huelva;417;61730;701,32;98;121840;362,46
2021;3;Provincia;1;Andalucía;23;Jaén;419;46751;573,32;131;133809;305,71
2021;3;Provincia;1;Andalucía;29;Málaga;1967;123871;1233,03;196;282605;669,34
2021;3;Provincia;1;Andalucía;41;Sevilla;1555;102270;1004,56;507;206964;381,87
2021;3;Comunidad;2;Aragón;98;ARAGÓN;1244;74040;796,80;424;395304;352,49
2021;3;Provincia;2;Aragón;22;Huesca;254;55710;770,36;64;250792;300,64
2021;3;Provincia;2;Aragón;44;Teruel;111;72397;723,15;24;295612;323,20
2021;3;Provincia;2;Aragón;50;Zaragoza;879;80013;813,89;336;461637;375,53
2021;3;Comunidad;3;Principado de Asturias;98;PRINCIPADO DE ASTURIAS;866;79398;835,09;127;357840;349,60
2021;3;Provincia;3;Principado de Asturias;33;Asturias;866;79398;835,09;127;357840;349,60
2021;3;Comunidad;4;Illes Balears;98;ILLES BALEARS;1105;169244;1415,39;127;530316;833,61
2021;3;Provincia;4;Illes Balears;7;Illes Balears;1105;169244;1415,39;127;530316;833,61
2021;3;Comunidad;5;Canarias;98;CANARIAS;1785;113948;1117,01;200;459301;593,70
2021;3;Provincia;5;Canarias;35;Las Palmas;848;118057;1159,16;114;441579;586,05
2021;3;Provincia;5;Canarias;38;Santa Cruz de Tenerife;937;110081;1077,34;86;476305;601,04
2021;3;Comunidad;6;Cantabria;98;CANTABRIA;668;83993;1060,29;86;337061;560,57
2021;3;Provincia;6;Cantabria;39;Cantabria;668;83993;1060,29;86;337061;560,57
2021;3;Comunidad;7;Castilla y León;98;CASTILLA Y LEÓN;2108;74156;764,81;776;288684;376,47
2021;3;Provincia;7;Castilla y León;5;Ávila;109;69360;737,23;89;120108;316,23
2021;3;Provincia;7;Castilla y León;9;Burgos;405;67337;794,20;190;280632;420,58
2021;3;Provincia;7;Castilla y León;24;León;333;62844;548,34;120;283709;346,92
2021;3;Provincia;7;Castilla y León;34;Palencia;165;49613;648,81;40;158762;259,93
2021;3;Provincia;7;Castilla y León;37;Salamanca;329;83581;1003,32;68;153377;292,20
2021;3;Provincia;7;Castilla y León;40;Segovia;98;67069;708,97;57;221419;499,49
2021;3;Provincia;7;Castilla y León;42;Soria;75;72941;749,18;28;235277;273,55
2021;3;Provincia;7;Castilla y León;47;Valladolid;517;92730;780,50;151;475986;397,63
2021;3;Provincia;7;Castilla y León;49;Zamora;77;63876;789,45;33;167410;618,04
2021;3;Comunidad;8;Castilla-La Mancha;98;CASTILLA-LA MANCHA;1233;69753;684,92;613;450330;327,30
2021;3;Provincia;8;Castilla-La Mancha;2;Albacete;386;75073;716,12;80;284339;331,92
2021;3;Provincia;8;Castilla-La Mancha;13;Ciudad Real;212;68040;638,57;87;228467;301,35
2021;3;Provincia;8;Castilla-La Mancha;16;Cuenca;84;91244;649,49;64;189255;293,59
2021;3;Provincia;8;Castilla-La Mancha;19;Guadalajara;181;74587;667,83;105;1176362;433,85
2021;3;Provincia;8;Castilla-La Mancha;45;Toledo;370;58343;696,49;277;328942;300,03
2021;3;Comunidad;9;Cataluña;98;CATALUÑA;7938;142570;1352,67;1499;705095;642,28
2021;3;Provincia;9;Cataluña;8;Barcelona;5863;167217;1556,58;1041;849425;739,90
2021;3;Provincia;9;Cataluña;17;Girona;750;85906;952,05;191;519987;515,77
2021;3;Provincia;9;Cataluña;25;Lleida;564;58337;603,28;124;190860;305,66
2021;3;Provincia;9;Cataluña;43;Tarragona;761;75195;757,56;143;348495;394,59
2021;3;Comunidad;10;Comunitat Valenciana;98;COMUNITAT VALENCIANA;5738;90165;863,00;1275;508076;413,98
2021;3;Provincia;10;Comunitat Valenciana;3;Alicante / Alacant;2416;87837;863,02;331;309166;467,41
2021;3;Provincia;10;Comunitat Valenciana;12;Castellón / Castelló;628;58520;823,56;258;266141;326,80
2021;3;Provincia;10;Comunitat Valenciana;46;Valencia / València;2694;100412;873,14;686;722350;431,39
2021;3;Comunidad;11;Extremadura;98;EXTREMADURA;623;75561;632,85;361;107807;289,96
2021;3;Provincia;11;Extremadura;6;Badajoz;378;68092;627,77;199;117000;298,81
2021;3;Provincia;11;Extremadura;10;Cáceres;245;86381;640,21;162;90471;273,27
2021;3;Comunidad;12;Galicia;98;GALICIA;1866;109056;886,99;250;471481;422,03
2021;3;Provincia;12;Galicia;15;A Coruña;807;118217;968,58;113;399388;390,43
2021;3;Provincia;12;Galicia;27;Lugo;246;93565;806,20;36;487465;640,70
2021;3;Provincia;12;Galicia;32;Ourense;215;75563;593,10;42;358508;335,75
2021;3;Provincia;12;Galicia;36;Pontevedra;598;111139;880,37;59;619039;412,39
2021;3;Comunidad;13;Comunidad de Madrid;98;COMUNIDAD DE MADRID;6089;188412;1856,46;1165;962072;771,23
2021;3;Provincia;13;Comunidad de Madrid;28;Madrid;6089;188412;1856,46;1165;962072;771,23
2021;3;Comunidad;14;Región de Murcia;98;REGIÓN DE MURCIA;1433;72869;707,50;368;202062;309,18
2021;3;Provincia;14;Región de Murcia;30;Murcia;1433;72869;707,50;368;202062;309,18
2021;3;Comunidad;15;C. Foral de Navarra;98;C. FORAL DE NAVARRA;887;83338;958,95;202;389500;609,67
2021;3;Provincia;15;C. Foral de Navarra;31;Navarra;887;83338;958,95;202;389500;609,67
2021;3;Comunidad;16;País Vasco;98;PAÍS VASCO;3497;126775;1368,93;512;811902;722,33
2021;3;Provincia;16;País Vasco;1;Araba / Álava;412;75859;1064,96;99;1010648;574,26
2021;3;Provincia;16;País Vasco;20;Gipuzkoa;1311;162210;1444,33;170;730347;714,26
2021;3;Provincia;16;País Vasco;48;Bizkaia;1774;111980;1374,54;243;810828;767,13
2021;3;Comunidad;17;La Rioja;98;LA RIOJA;701;61590;786,31;97;255392;377,31
2021;3;Provincia;17;La Rioja;26;La Rioja;701;61590;786,31;97;255392;377,31
2021;3;Comunidad;18;Ceuta;98;CEUTA;29;152511;1701,56;1;100000;400,00
2021;3;Provincia;18;Ceuta;51;Ceuta;29;152511;1701,56;1;100000;400,00
2021;3;Comunidad;19;Melilla;98;MELILLA;27;96538;1334,40;8;218333;963,77
2021;3;Provincia;19;Melilla;52;Melilla;27;96538;1334,40;8;218333;963,77
2021;4;Nacional;99;ESPAÑA;99;ESPAÑA;48142;116950;1148,25;10254;484534;514,34
2021;4;Comunidad;1;Andalucía;98;ANDALUCÍA;8353;87140;929,85;1870;180998;406,27
2021;4;Provincia;1;Andalucía;4;Almería;809;70686;672,85;136;196134;417,95
2021;4;Provincia;1;Andalucía;11;Cádiz;1165;77791;847,64;306;172916;401,31
2021;4;Provincia;1;Andalucía;14;Córdoba;735;73421;855,01;285;174643;341,38
2021;4;Provincia;1;Andalucía;18;Granada;1017;66263;852,05;156;163874;379,18
2021;4;Provincia;1;Andalucía;21;Huelva;439;61369;673,19;94;118934;361,89
2021;4;Provincia;1;Andalucía;23;Jaén;430;51503;621,08;133;126866;295,54
2021;4;Provincia;1;Andalucía;29;Málaga;2167;117307;1235,71;209;289513;667,06
2021;4;Provincia;1;Andalucía;41;Sevilla;1591;102658;999,01;551;173242;379,93
2021;4;Comunidad;2;Aragón;98;ARAGÓN;1310;76172;809,02;433;389409;362,80
2021;4;Provincia;2;Aragón;22;Huesca;258;49460;753,18;57;245537;284,80
2021;4;Provincia;2;Aragón;44;Teruel;119;71921;728,33;26;306727;409,48
2021;4;Provincia;2;Aragón;50;Zaragoza;933;84167;834,39;350;441395;382,67
2021;4;Comunidad;3;Principado de Asturias;98;PRINCIPADO DE ASTURIAS;848;77757;798,47;118;410189;365,77
2021;4;Provincia;3;Principado de Asturias;33;Asturias;848;77757;798,47;118;410189;365,77
2021;4;Comunidad;4;Illes Balears;98;ILLES BALEARS;1218;160345;1380,91;125;547166;862,75
2021;4;Provincia;4;Illes Balears;7;Illes Balears;1218;160345;1380,91;125;547166;862,75
2021;4;Comunidad;5;Canarias;98;CANARIAS;1901;119355;1140,25;211;553059;612,70
2021;4;Provincia;5;Canarias;35;Las Palmas;854;119651;1147,79;125;530272;619,96
2021;4;Provincia;5;Canarias;38;Santa Cruz de Tenerife;1047;119079;1133,23;86;579587;604,26
2021;4;Comunidad;6;Cantabria;98;CANTABRIA;696;84454;1030,69;100;334884;550,39
2021;4;Provincia;6;Cantabria;39;Cantabria;696;84454;1030,69;100;334884;550,39
2021;4;Comunidad;7;Castilla y León;98;CASTILLA Y LEÓN;2235;75878;788,43;834;351032;379,09
2021;4;Provincia;7;Castilla y León;5;Ávila;106;53883;716,86;99;159028;288,99
2021;4;Provincia;7;Castilla y León;9;Burgos;442;72196;780,05;207;361023;431,44
2021;4;Provincia;7;Castilla y León;24;León;363;66687;587,01;121;292718;292,43
2021;4;Provincia;7;Castilla y León;34;Palencia;168;48993;675,64;44;167409;285,24
2021;4;Provincia;7;Castilla y León;37;Salamanca;335;79823;969,62;65;154898;289,30
2021;4;Provincia;7;Castilla y León;40;Segovia;102;65948;743,64;67;180846;333,63
2021;4;Provincia;7;Castilla y León;42;Soria;78;68886;759,87;33;201386;300,01
2021;4;Provincia;7;Castilla y León;47;Valladolid;553;99332;875,34;162;621545;443,11
2021;4;Provincia;7;Castilla y León;49;Zamora;88;63262;800,55;36;220193;543,90
2021;4;Comunidad;8;Castilla-La Mancha;98;CASTILLA-LA MANCHA;1299;71640;671,33;648;360629;328,90
2021;4;Provincia;8;Castilla-La Mancha;2;Albacete;408;79430;693,82;79;271489;323,57
2021;4;Provincia;8;Castilla-La Mancha;13;Ciudad Real;224;70271;612,25;86;335675;327,59
2021;4;Provincia;8;Castilla-La Mancha;16;Cuenca;91;93415;690,53;76;145391;263,97
2021;4;Provincia;8;Castilla-La Mancha;19;Guadalajara;178;75645;666,02;103;994514;428,13
2021;4;Provincia;8;Castilla-La Mancha;45;Toledo;398;57890;683,23;304;221535;308,94
2021;4;Comunidad;9;Cataluña;98;CATALUÑA;8376;139599;1299,11;1530;648266;623,37
2021;4;Provincia;9;Cataluña;8;Barcelona;6189;163616;1485,15;1066;797267;724,06
2021;4;Provincia;9;Cataluña;17;Girona;814;77598;909,12;180;441242;499,35
2021;4;Provincia;9;Cataluña;25;Lleida;566;59275;588,22;130;203221;296,10
2021;4;Provincia;9;Cataluña;43;Tarragona;807;78619;787,27;154;304611;389,56
2021;4;Comunidad;10;Comunitat Valenciana;98;COMUNITAT VALENCIANA;6065;87107;842,22;1317;507001;424,26
2021;4;Provincia;10;Comunitat Valenciana;3;Alicante / Alacant;2563;84295;864,51;321;419698;471,59
2021;4;Provincia;10;Comunitat Valenciana;12;Castellón / Castelló;667;52324;696,18;283;256008;319,04
2021;4;Provincia;10;Comunitat Valenciana;46;Valencia / València;2835;99072;861,40;713;673171;456,50
2021;4;Comunidad;11;Extremadura;98;EXTREMADURA;659;75484;641,18;358;128371;288,78
2021;4;Provincia;11;Extremadura;6;Badajoz;397;70231;648,22;207;141196;306,97
2021;4;Provincia;11;Extremadura;10;Cáceres;262;83150;630,91;151;102910;252,66
2021;4;Comunidad;12;Galicia;98;GALICIA;1900;110952;890,90;229;498207;415,64
2021;4;Provincia;12;Galicia;15;A Coruña;828;119062;946,76;116;469708;364,71
2021;4;Provincia;12;Galicia;27;Lugo;273;83367;769,12;35;473415;649,17
2021;4;Provincia;12;Galicia;32;Ourense;217;79859;609,95;25;283117;306,15
2021;4;Provincia;12;Galicia;36;Pontevedra;582;119571;936,44;53;642642;435,66
2021;4;Comunidad;13;Comunidad de Madrid;98;COMUNIDAD DE MADRID;6471;203086;1972,38;1228;949111;785,15
2021;4;Provincia;13;Comunidad de Madrid;28;Madrid;6471;203086;1972,38;1228;949111;785,15
2021;4;Comunidad;14;Región de Murcia;98;REGIÓN DE MURCIA;1438;70216;689,26;418;202325;293,81
2021;4;Provincia;14;Región de Murcia;30;Murcia;1438;70216;689,26;418;202325;293,81
2021;4;Comunidad;15;C. Foral de Navarra;98;C. FORAL DE NAVARRA;910;87207;970,88;217;538232;617,34
2021;4;Provincia;15;C. Foral de Navarra;31;Navarra;910;87207;970,88;217;538232;617,34
2021;4;Comunidad;16;País Vasco;98;PAÍS VASCO;3653;127276;1360,21;513;719177;743,46
2021;4;Provincia;16;País Vasco;1;Araba / Álava;415;74356;1066,14;103;1084056;580,19
2021;4;Provincia;16;País Vasco;20;Gipuzkoa;1325;164348;1456,90;188;650826;734,90
2021;4;Provincia;16;País Vasco;48;Bizkaia;1913;112397;1349,52;222;662469;799,96
2021;4;Comunidad;17;La Rioja;98;LA RIOJA;750;66778;800,30;95;204544;382,96
2021;4;Provincia;17;La Rioja;26;La Rioja;750;66778;800,30;95;204544;382,96
2021;4;Comunidad;18;Ceuta;98;CEUTA;29;152402;1716,42;1;100000;400,00
2021;4;Provincia;18;Ceuta;51;Ceuta;29;152402;1716,42;1;100000;400,00
2021;4;Comunidad;19;Melilla;98;MELILLA;31;128672;1417,97;9;216214;955,86
2021;4;Provincia;19;Melilla;52;Melilla;31;128672;1417,97;9;216214;955,86
2022;1;Nacional;99;ESPAÑA;99;ESPAÑA;51407;119178;1179,56;10991;508676;533,60
2022;1;Comunidad;1;Andalucía;98;ANDALUCÍA;9040;86497;950,07;2081;201704;423,05
2022;1;Provincia;1;Andalucía;4;Almería;906;71878;665,84;146;219444;406,88
2022;1;Provincia;1;Andalucía;11;Cádiz;1218;81354;870,69;351;179980;403,64
2022;1;Provincia;1;Andalucía;14;Córdoba;760;69849;822,51;299;157448;352,89
2022;1;Provincia;1;Andalucía;18;Granada;1094;69481;836,99;175;217203;423,96
2022;1;Provincia;1;Andalucía;21;Huelva;432;61764;676,86;117;136070;360,11
2022;1;Provincia;1;Andalucía;23;Jaén;468;55632;657,24;133;100017;317,76
2022;1;Provincia;1;Andalucía;29;Málaga;2454;117463;1289,43;249;343397;692,82
2022;1;Provincia;1;Andalucía;41;Sevilla;1708;89651;990,55;611;193183;381,71
2022;1;Comunidad;2;Aragón;98;ARAGÓN;1440;83100;828,38;516;207838;363,12
2022;1;Provincia;2;Aragón;22;Huesca;307;52215;798,14;55;261532;284,73
2022;1;Provincia;2;Aragón;44;Teruel;120;71873;713,63;30;348752;419,93
2022;1;Provincia;2;Aragón;50;Zaragoza;1013;93387;848,94;431;180191;381,05
2022;1;Comunidad;3;Principado de Asturias;98;PRINCIPADO DE ASTURIAS;896;80333;845,01;117;390090;365,45
2022;1;Provincia;3;Principado de Asturias;33;Asturias;896;80333;845,01;117;390090;365,45
2022;1;Comunidad;4;Illes Balears;98;ILLES BALEARS;1338;167837;1471,12;121;503112;983,22
2022;1;Provincia;4;Illes Balears;7;Illes Balears;1338;167837;1471,12;121;503112;983,22
2022;1;Comunidad;5;Canarias;98;CANARIAS;2050;126614;1272,55;227;579273;603,75
2022;1;Provincia;5;Canarias;35;Las Palmas;916;126615;1372,73;133;529747;593,03
2022;1;Provincia;5;Canarias;38;Santa Cruz de Tenerife;1134;126614;1181,96;94;637270;616,31
2022;1;Comunidad;6;Cantabria;98;CANTABRIA;694;80980;1034,89;99;387302;594,33
2022;1;Provincia;6;Cantabria;39;Cantabria;694;80980;1034,89;99;387302;594,33
2022;1;Comunidad;7;Castilla y León;98;CASTILLA Y LEÓN;2420;76334;797,21;863;333704;365,95
2022;1;Provincia;7;Castilla y León;5;Ávila;110;44655;680,87;112;148700;315,27
2022;1;Provincia;7;Castilla y León;9;Burgos;509;73003;799,05;226;217856;395,97
2022;1;Provincia;7;Castilla y León;24;León;396;63759;602,68;113;240930;288,67
2022;1;Provincia;7;Castilla y León;34;Palencia;191;56056;699,79;48;138071;268,80
2022;1;Provincia;7;Castilla y León;37;Salamanca;302;82855;1032,20;69;252039;311,78
2022;1;Provincia;7;Castilla y León;40;Segovia;104;64486;699,75;67;162456;395,11
2022;1;Provincia;7;Castilla y León;42;Soria;91;87149;714,77;29;260491;263,30
2022;1;Provincia;7;Castilla y León;47;Valladolid;624;97633;880,71;164;692245;436,65
2022;1;Provincia;7;Castilla y León;49;Zamora;93;67097;791,77;35;193751;332,40
2022;1;Comunidad;8;Castilla-La Mancha;98;CASTILLA-LA MANCHA;1341;70270;670,32;693;463448;327,39
2022;1;Provincia;8;Castilla-La Mancha;2;Albacete;395;79488;670,33;84;227464;310,93
2022;1;Provincia;8;Castilla-La Mancha;13;Ciudad Real;253;70491;605,79;97;313868;317,75
2022;1;Provincia;8;Castilla-La Mancha;16;Cuenca;93;65026;714,63;83;172201;285,32
2022;1;Provincia;8;Castilla-La Mancha;19;Guadalajara;182;73448;691,12;118;1637605;388,38
2022;1;Provincia;8;Castilla-La Mancha;45;Toledo;418;60711;694,71;311;212546;319,70
2022;1;Comunidad;9;Cataluña;98;CATALUÑA;9003;144118;1302,39;1640;780650;631,41
2022;1;Provincia;9;Cataluña;8;Barcelona;6674;168544;1483,69;1144;978051;727,63
2022;1;Provincia;9;Cataluña;17;Girona;900;84038;901,99;181;456890;504,83
2022;1;Provincia;9;Cataluña;25;Lleida;588;60307;607,56;140;224896;307,13
2022;1;Provincia;9;Cataluña;43;Tarragona;841;77102;799,30;175;327162;404,15
2022;1;Comunidad;10;Comunitat Valenciana;98;COMUNITAT VALENCIANA;6372;87197;854,85;1359;522452;448,92
2022;1;Provincia;10;Comunitat Valenciana;3;Alicante / Alacant;2659;81473;868,45;328;430219;513,51
2022;1;Provincia;10;Comunitat Valenciana;12;Castellón / Castelló;730;57055;676,36;276;271843;318,86
2022;1;Provincia;10;Comunitat Valenciana;46;Valencia / València;2983;100890;894,36;755;678948;480,47
2022;1;Comunidad;11;Extremadura;98;EXTREMADURA;694;66233;653,24;356;122883;277,33
2022;1;Provincia;11;Extremadura;6;Badajoz;439;67827;651,92;216;131229;292,32
2022;1;Provincia;11;Extremadura;10;Cáceres;255;63373;655,62;140;103972;243,37
2022;1;Comunidad;12;Galicia;98;GALICIA;1944;104325;874,11;242;573349;385,59
2022;1;Provincia;12;Galicia;15;A Coruña;839;108588;919,72;129;572622;359,59
2022;1;Provincia;12;Galicia;27;Lugo;279;85613;759,90;34;301740;359,31
2022;1;Provincia;12;Galicia;32;Ourense;225;77935;651,64;21;307720;313,96
2022;1;Provincia;12;Galicia;36;Pontevedra;601;113798;918,15;58;835431;483,93
2022;1;Comunidad;13;Comunidad de Madrid;98;COMUNIDAD DE MADRID;7081;205870;2034,10;1329;915100;813,03
2022;1;Provincia;13;Comunidad de Madrid;28;Madrid;7081;205870;2034,10;1329;915100;813,03
2022;1;Comunidad;14;Región de Murcia;98;REGIÓN DE MURCIA;1440;69851;687,90;430;211869;293,71
2022;1;Provincia;14;Región de Murcia;30;Murcia;1440;69851;687,90;430;211869;293,71
2022;1;Comunidad;15;C. Foral de Navarra;98;C. FORAL DE NAVARRA;940;97634;972,04;219;483587;617,60
2022;1;Provincia;15;C. Foral de Navarra;31;Navarra;940;97634;972,04;219;483587;617,60
2022;1;Comunidad;16;País Vasco;98;PAÍS VASCO;3871;127578;1383,58;583;677214;829,98
2022;1;Provincia;16;País Vasco;1;Araba / Álava;439;76044;956,65;134;1042461;592,45
2022;1;Provincia;16;País Vasco;20;Gipuzkoa;1388;164363;1489,59;214;448249;726,92
2022;1;Provincia;16;País Vasco;48;Bizkaia;2044;113122;1393,33;235;775013;1001,43
2022;1;Comunidad;17;La Rioja;98;LA RIOJA;786;70456;845,15;108;218487;391,45
2022;1;Provincia;17;La Rioja;26;La Rioja;786;70456;845,15;108;218487;391,45
2022;1;Comunidad;18;Ceuta;98;CEUTA;26;124339;1642,55;1;100000;400,00
2022;1;Provincia;18;Ceuta;51;Ceuta;26;124339;1642,55;1;100000;400,00
2022;1;Comunidad;19;Melilla;98;MELILLA;31;116669;1360,77;7;144517;835,22
2022;1;Provincia;19;Melilla;52;Melilla;31;116669;1360,77;7;144517;835,22
2022;2;Nacional;99;ESPAÑA;99;ESPAÑA;51796;122846;1204,94;11437;536419;541,36
2022;2;Comunidad;1;Andalucía;98;ANDALUCÍA;8989;89669;974,67;2159;231548;424,27
2022;2;Provincia;1;Andalucía;4;Almería;916;74482;678,31;152;241012;387,42
2022;2;Provincia;1;Andalucía;11;Cádiz;1247;80070;895,04;367;190873;402,09
2022;2;Provincia;1;Andalucía;14;Córdoba;774;78404;838,63;282;147084;354,58
2022;2;Provincia;1;Andalucía;18;Granada;1072;73659;839,30;182;231649;411,77
2022;2;Provincia;1;Andalucía;21;Huelva;431;65619;664,77;114;124726;368,39
2022;2;Provincia;1;Andalucía;23;Jaén;503;58637;679,98;140;116184;302,29
2022;2;Provincia;1;Andalucía;29;Málaga;2393;122995;1326,63;252;344090;699,98
2022;2;Provincia;1;Andalucía;41;Sevilla;1653;89137;1022,28;670;277024;390,58
2022;2;Comunidad;2;Aragón;98;ARAGÓN;1506;93219;853,68;592;475923;368,15
2022;2;Provincia;2;Aragón;22;Huesca;341;56771;812,92;59;247952;303,21
2022;2;Provincia;2;Aragón;44;Teruel;112;57579;672,40;44;273060;372,49
2022;2;Provincia;2;Aragón;50;Zaragoza;1053;108152;883,96;489;563580;385,14
2022;2;Comunidad;3;Principado de Asturias;98;PRINCIPADO DE ASTURIAS;865;83903;867,76;139;359262;375,90
2022;2;Provincia;3;Principado de Asturias;33;Asturias;865;83903;867,76;139;359262;375,90
2022;2;Comunidad;4;Illes Balears;98;ILLES BALEARS;1397;156129;1511,89;95;467932;974,62
2022;2;Provincia;4;Illes Balears;7;Illes Balears;1397;156129;1511,89;95;467932;974,62
2022;2;Comunidad;5;Canarias;98;CANARIAS;2076;127994;1281,06;228;558979;619,73
2022;2;Provincia;5;Canarias;35;Las Palmas;967;118923;1317,72;133;527452;595,26
2022;2;Provincia;5;Canarias;38;Santa Cruz de Tenerife;1109;136787;1245,52;95;597950;649,98
2022;2;Comunidad;6;Cantabria;98;CANTABRIA;647;78257;1083,10;103;384052;605,49
2022;2;Provincia;6;Cantabria;39;Cantabria;647;78257;1083,10;103;384052;605,49
2022;2;Comunidad;7;Castilla y León;98;CASTILLA Y LEÓN;2430;72932;787,71;877;376742;382,25
2022;2;Provincia;7;Castilla y León;5;Ávila;101;37631;661,88;102;143120;350,01
2022;2;Provincia;7;Castilla y León;9;Burgos;512;82835;802,90;230;236428;428,69
2022;2;Provincia;7;Castilla y León;24;León;391;69907;613,74;116;213589;308,87
2022;2;Provincia;7;Castilla y León;34;Palencia;195;50151;718,09;40;132725;276,06
2022;2;Provincia;7;Castilla y León;37;Salamanca;331;66609;956,41;62;247914;354,78
2022;2;Provincia;7;Castilla y León;40;Segovia;91;61764;666,76;72;164059;355,12
2022;2;Provincia;7;Castilla y León;42;Soria;89;81783;708,23;39;370894;346,23
2022;2;Provincia;7;Castilla y León;47;Valladolid;609;83835;887,05;174;797614;416,13
2022;2;Provincia;7;Castilla y León;49;Zamora;111;71507;663,57;42;211918;331,85
2022;2;Comunidad;8;Castilla-La Mancha;98;CASTILLA-LA MANCHA;1289;81954;694,93;695;682778;340,93
2022;2;Provincia;8;Castilla-La Mancha;2;Albacete;364;84171;730,29;86;221200;340,72
2022;2;Provincia;8;Castilla-La Mancha;13;Ciudad Real;242;73269;627,14;98;261024;294,60
2022;2;Provincia;8;Castilla-La Mancha;16;Cuenca;109;64214;721,14;80;118811;291,20
2022;2;Provincia;8;Castilla-La Mancha;19;Guadalajara;176;72894;635,17;118;1926387;397,60
2022;2;Provincia;8;Castilla-La Mancha;45;Toledo;398;93473;727,60;313;565865;343,53
2022;2;Comunidad;9;Cataluña;98;CATALUÑA;9179;140934;1304,27;1722;798085;624,13
2022;2;Provincia;9;Cataluña;8;Barcelona;6862;162447;1474,03;1208;1028831;731,03
2022;2;Provincia;9;Cataluña;17;Girona;922;92196;945,11;178;441360;493,44
2022;2;Provincia;9;Cataluña;25;Lleida;590;58443;619,93;150;234816;306,96
2022;2;Provincia;9;Cataluña;43;Tarragona;805;77311;793,18;186;314409;400,11
2022;2;Comunidad;10;Comunitat Valenciana;98;COMUNITAT VALENCIANA;6450;88849;849,37;1344;494663;464,72
2022;2;Provincia;10;Comunitat Valenciana;3;Alicante / Alacant;2634;82824;880,72;326;477651;525,00
2022;2;Provincia;10;Comunitat Valenciana;12;Castellón / Castelló;752;57938;658,14;274;266844;348,52
2022;2;Provincia;10;Comunitat Valenciana;46;Valencia / València;3064;102656;878,63;744;599758;487,43
2022;2;Comunidad;11;Extremadura;98;EXTREMADURA;732;68088;643,20;361;165742;311,55
2022;2;Provincia;11;Extremadura;6;Badajoz;469;71259;641,15;215;180312;345,60
2022;2;Provincia;11;Extremadura;10;Cáceres;263;62250;646,96;146;130492;229,19
2022;2;Comunidad;12;Galicia;98;GALICIA;1947;100171;863,03;246;560054;391,24
2022;2;Provincia;12;Galicia;15;A Coruña;845;101611;897,00;137;521079;369,57
2022;2;Provincia;12;Galicia;27;Lugo;270;73079;764,20;30;247227;337,65
2022;2;Provincia;12;Galicia;32;Ourense;250;87629;640,93;23;239088;277,82
2022;2;Provincia;12;Galicia;36;Pontevedra;582;114469;930,49;56;943858;513,48
2022;2;Comunidad;13;Comunidad de Madrid;98;COMUNIDAD DE MADRID;7203;218592;2088,48;1450;929639;820,32
2022;2;Provincia;13;Comunidad de Madrid;28;Madrid;7203;218592;2088,48;1450;929639;820,32
2022;2;Comunidad;14;Región de Murcia;98;REGIÓN DE MURCIA;1432;70530;673,63;442;234260;309,38
2022;2;Provincia;14;Región de Murcia;30;Murcia;1432;70530;673,63;442;234260;309,38
2022;2;Comunidad;15;C. Foral de Navarra;98;C. FORAL DE NAVARRA;955;92950;969,53;232;451967;635,06
2022;2;Provincia;15;C. Foral de Navarra;31;Navarra;955;92950;969,53;232;451967;635,06
2022;2;Comunidad;16;País Vasco;98;PAÍS VASCO;3849;135892;1420,11;624;581657;816,57
2022;2;Provincia;16;País Vasco;1;Araba / Álava;432;79126;938,50;135;640151;562,43
2022;2;Provincia;16;País Vasco;20;Gipuzkoa;1361;172421;1557,66;235;438098;727,28
2022;2;Provincia;16;País Vasco;48;Bizkaia;2056;122792;1419,93;254;697187;967,22
2022;2;Comunidad;17;La Rioja;98;LA RIOJA;794;77863;830,57;117;137518;424,39
2022;2;Provincia;17;La Rioja;26;La Rioja;794;77863;830,57;117;137518;424,39
2022;2;Comunidad;18;Ceuta;98;CEUTA;23;152603;1883,26;3;135000;483,33
2022;2;Provincia;18;Ceuta;51;Ceuta;23;152603;1883,26;3;135000;483,33
2022;2;Comunidad;19;Melilla;98;MELILLA;33;137846;1364,84;8;170388;846,39
2022;2;Provincia;19;Melilla;52;Melilla;33;137846;1364,84;8;170388;846,39
2022;3;Nacional;99;ESPAÑA;99;ESPAÑA;52629;123571;1217,67;11418;531373;547,26
2022;3;Comunidad;1;Andalucía;98;ANDALUCÍA;9295;97977;1020,19;2175;239442;434,46
2022;3;Provincia;1;Andalucía;4;Almería;920;73808;683,45;153;230244;386,30
2022;3;Provincia;1;Andalucía;11;Cádiz;1278;104375;992,71;381;247942;432,89
2022;3;Provincia;1;Andalucía;14;Córdoba;807;79383;810,32;271;111515;348,02
2022;3;Provincia;1;Andalucía;18;Granada;1083;75929;835,71;182;229799;410,70
2022;3;Provincia;1;Andalucía;21;Huelva;437;71234;683,70;126;131566;387,65
2022;3;Provincia;1;Andalucía;23;Jaén;510;61189;705,23;132;121173;304,94
2022;3;Provincia;1;Andalucía;29;Málaga;2573;131521;1387,01;244;329874;715,38
2022;3;Provincia;1;Andalucía;41;Sevilla;1687;94187;1053,70;686;293975;396,23
2022;3;Comunidad;2;Aragón;98;ARAGÓN;1479;97629;873,51;667;465510;362,82
2022;3;Provincia;2;Aragón;22;Huesca;354;57803;849,70;61;157859;320,81
2022;3;Provincia;2;Aragón;44;Teruel;114;66779;694,95;51;211407;340,34
2022;3;Provincia;2;Aragón;50;Zaragoza;1011;114362;899,50;555;537971;371,53
2022;3;Comunidad;3;Principado de Asturias;98;PRINCIPADO DE ASTURIAS;858;85602;877,09;143;258769;388,08
2022;3;Provincia;3;Principado de Asturias;33;Asturias;858;85602;877,09;143;258769;388,08
2022;3;Comunidad;4;Illes Balears;98;ILLES BALEARS;1396;160284;1512,30;104;594234;1120,35
2022;3;Provincia;4;Illes Balears;7;Illes Balears;1396;160284;1512,30;104;594234;1120,35
2022;3;Comunidad;5;Canarias;98;CANARIAS;2222;117548;1292,71;246;582329;643,74
2022;3;Provincia;5;Canarias;35;Las Palmas;1037;114403;1331,88;142;538474;611,36
2022;3;Provincia;5;Canarias;38;Santa Cruz de Tenerife;1185;120496;1255,99;104;636570;683,79
2022;3;Comunidad;6;Cantabria;98;CANTABRIA;650;74444;1093,05;108;353124;643,65
2022;3;Provincia;6;Cantabria;39;Cantabria;650;74444;1093,05;108;353124;643,65
2022;3;Comunidad;7;Castilla y León;98;CASTILLA Y LEÓN;2477;75761;778,59;814;389726;382,29
2022;3;Provincia;7;Castilla y León;5;Ávila;125;40187;573,93;94;133962;347,16
2022;3;Provincia;7;Castilla y León;9;Burgos;512;84013;781,01;191;255688;434,97
2022;3;Provincia;7;Castilla y León;24;León;400;69210;624,98;112;222362;317,42
2022;3;Provincia;7;Castilla y León;34;Palencia;183;58157;687,62;43;175919;293,46
2022;3;Provincia;7;Castilla y León;37;Salamanca;323;68224;948,27;58;274278;363,42
2022;3;Provincia;7;Castilla y León;40;Segovia;91;63323;704,35;75;139848;410,86
2022;3;Provincia;7;Castilla y León;42;Soria;95;65567;631,90;38;373885;323,11
2022;3;Provincia;7;Castilla y León;47;Valladolid;616;97321;934,41;172;803128;412,48
2022;3;Provincia;7;Castilla y León;49;Zamora;132;61872;602,87;31;228601;271,14
2022;3;Comunidad;8;Castilla-La Mancha;98;CASTILLA-LA MANCHA;1313;80973;699,37;696;602959;340,95
2022;3;Provincia;8;Castilla-La Mancha;2;Albacete;352;85248;742,79;89;147823;321,83
2022;3;Provincia;8;Castilla-La Mancha;13;Ciudad Real;256;72000;648,02;104;267171;288,39
2022;3;Provincia;8;Castilla-La Mancha;16;Cuenca;122;68261;774,57;74;127034;327,46
2022;3;Provincia;8;Castilla-La Mancha;19;Guadalajara;154;61092;640,67;115;1412638;378,70
2022;3;Provincia;8;Castilla-La Mancha;45;Toledo;429;94154;701,77;314;612452;354,45
2022;3;Comunidad;9;Cataluña;98;CATALUÑA;9362;136426;1295,30;1627;841080;652,75
2022;3;Provincia;9;Cataluña;8;Barcelona;6970;155837;1455,34;1172;1061575;746,12
2022;3;Provincia;9;Cataluña;17;Girona;945;94436;966,25;150;465888;508,65
2022;3;Provincia;9;Cataluña;25;Lleida;608;64030;642,34;133;285815;407,30
2022;3;Provincia;9;Cataluña;43;Tarragona;839;75252;806,29;172;267861;402,24
2022;3;Comunidad;10;Comunitat Valenciana;98;COMUNITAT VALENCIANA;6668;88005;853,77;1331;552200;465,14
2022;3;Provincia;10;Comunitat Valenciana;3;Alicante / Alacant;2722;87739;902,33;322;516116;502,61
2022;3;Provincia;10;Comunitat Valenciana;12;Castellón / Castelló;788;67741;656,43;270;290141;355,12
2022;3;Provincia;10;Comunitat Valenciana;46;Valencia / València;3158;93857;869,22;739;676133;493,48
2022;3;Comunidad;11;Extremadura;98;EXTREMADURA;766;64620;634,29;345;164934;310,66
2022;3;Provincia;11;Extremadura;6;Badajoz;489;67482;621,35;207;180836;344,54
2022;3;Provincia;11;Extremadura;10;Cáceres;277;59052;659,46;138;127395;230,69
2022;3;Comunidad;12;Galicia;98;GALICIA;2011;96213;858,63;281;541731;432,87
2022;3;Provincia;12;Galicia;15;A Coruña;851;95466;892,93;149;506618;421,88
2022;3;Provincia;12;Galicia;27;Lugo;300;68234;736,73;41;278343;354,71
2022;3;Provincia;12;Galicia;32;Ourense;241;87635;603,89;25;334230;276,59
2022;3;Provincia;12;Galicia;36;Pontevedra;619;112787;945,26;66;789216;532,19
2022;3;Comunidad;13;Comunidad de Madrid;98;COMUNIDAD DE MADRID;7276;229366;2130,53;1452;838559;809,63
2022;3;Provincia;13;Comunidad de Madrid;28;Madrid;7276;229366;2130,53;1452;838559;809,63
2022;3;Comunidad;14;Región de Murcia;98;REGIÓN DE MURCIA;1315;71318;672,88;466;247183;312,79
2022;3;Provincia;14;Región de Murcia;30;Murcia;1315;71318;672,88;466;247183;312,79
2022;3;Comunidad;15;C. Foral de Navarra;98;C. FORAL DE NAVARRA;928;90359;981,71;232;416888;545,12
2022;3;Provincia;15;C. Foral de Navarra;31;Navarra;928;90359;981,71;232;416888;545,12
2022;3;Comunidad;16;País Vasco;98;PAÍS VASCO;3760;119636;1396,15;597;582380;822,70
2022;3;Provincia;16;País Vasco;1;Araba / Álava;429;86438;954,68;136;709284;593,26
2022;3;Provincia;16;País Vasco;20;Gipuzkoa;1285;115660;1492,56;222;432135;735,06
2022;3;Provincia;16;País Vasco;48;Bizkaia;2046;127981;1414,93;239;676706;963,67
2022;3;Comunidad;17;La Rioja;98;LA RIOJA;803;85238;877,85;123;126900;408,62
2022;3;Provincia;17;La Rioja;26;La Rioja;803;85238;877,85;123;126900;408,62
2022;3;Comunidad;18;Ceuta;98;CEUTA;19;113313;2157,69;2;170000;566,67
2022;3;Provincia;18;Ceuta;51;Ceuta;19;113313;2157,69;2;170000;566,67
2022;3;Comunidad;19;Melilla;98;MELILLA;31;138138;1263,58;9;175900;915,31
2022;3;Provincia;19;Melilla;52;Melilla;31;138138;1263,58;9;175900;915,31
2022;4;Nacional;99;ESPAÑA;99;ESPAÑA;53116;126985;1228,54;11578;537339;549,25
2022;4;Comunidad;1;Andalucía;98;ANDALUCÍA;9384;98729;1032,39;2170;242029;435,45
2022;4;Provincia;1;Andalucía;4;Almería;922;73594;698,50;155;213772;392,30
2022;4;Provincia;1;Andalucía;11;Cádiz;1310;102080;993,22;387;244661;440,76
2022;4;Provincia;1;Andalucía;14;Córdoba;822;78629;807,33;261;128935;349,13
2022;4;Provincia;1;Andalucía;18;Granada;1111;80570;870,45;191;254134;401,15
2022;4;Provincia;1;Andalucía;21;Huelva;425;71118;708,25;138;138072;374,20
2022;4;Provincia;1;Andalucía;23;Jaén;541;61999;677,50;127;124595;300,31
2022;4;Provincia;1;Andalucía;29;Málaga;2527;131134;1394,41;243;335337;732,23
2022;4;Provincia;1;Andalucía;41;Sevilla;1726;98529;1085,67;668;295340;392,26
2022;4;Comunidad;2;Aragón;98;ARAGÓN;1485;101129;896,98;693;501212;363,01
2022;4;Provincia;2;Aragón;22;Huesca;360;58556;829,61;78;155851;321,25
2022;4;Provincia;2;Aragón;44;Teruel;107;95680;661,29;53;331043;283,75
2022;4;Provincia;2;Aragón;50;Zaragoza;1018;116774;942,46;562;586898;378,99
2022;4;Comunidad;3;Principado de Asturias;98;PRINCIPADO DE ASTURIAS;908;92915;877,97;162;264571;389,96
2022;4;Provincia;3;Principado de Asturias;33;Asturias;908;92915;877,97;162;264571;389,96
2022;4;Comunidad;4;Illes Balears;98;ILLES BALEARS;1424;154946;1583,65;130;659499;1096,75
2022;4;Provincia;4;Illes Balears;7;Illes Balears;1424;154946;1583,65;130;659499;1096,75
2022;4;Comunidad;5;Canarias;98;CANARIAS;2311;117641;1278,22;264;513413;640,90
2022;4;Provincia;5;Canarias;35;Las Palmas;1156;116191;1333,72;159;438720;619,86
2022;4;Provincia;5;Canarias;38;Santa Cruz de Tenerife;1155;119079;1223,23;105;616345;669,89
2022;4;Comunidad;6;Cantabria;98;CANTABRIA;637;76539;1098,76;103;349821;676,53
2022;4;Provincia;6;Cantabria;39;Cantabria;637;76539;1098,76;103;349821;676,53
2022;4;Comunidad;7;Castilla y León;98;CASTILLA Y LEÓN;2478;76544;771,46;784;290398;370,12
2022;4;Provincia;7;Castilla y León;5;Ávila;124;45357;616,97;95;127827;378,60
2022;4;Provincia;7;Castilla y León;9;Burgos;498;79575;759,03;179;182413;432,35
2022;4;Provincia;7;Castilla y León;24;León;410;65320;606,61;111;232918;329,40
2022;4;Provincia;7;Castilla y León;34;Palencia;182;54954;688,25;33;184759;279,45
2022;4;Provincia;7;Castilla y León;37;Salamanca;337;81496;980,41;70;251505;354,05
2022;4;Provincia;7;Castilla y León;40;Segovia;100;74372;727,01;62;159474;407,20
2022;4;Provincia;7;Castilla y León;42;Soria;106;69541;602,65;38;410533;328,33
2022;4;Provincia;7;Castilla y León;47;Valladolid;586;99544;911,39;152;549578;362,76
2022;4;Provincia;7;Castilla y León;49;Zamora;135;58152;582,24;44;162778;229,18
2022;4;Comunidad;8;Castilla-La Mancha;98;CASTILLA-LA MANCHA;1266;83517;730,36;720;701325;339,97
2022;4;Provincia;8;Castilla-La Mancha;2;Albacete;330;86180;784,71;93;153995;327,63
2022;4;Provincia;8;Castilla-La Mancha;13;Ciudad Real;244;73273;654,27;127;188989;280,25
2022;4;Provincia;8;Castilla-La Mancha;16;Cuenca;119;68438;758,01;70;121546;334,01
2022;4;Provincia;8;Castilla-La Mancha;19;Guadalajara;164;66220;711,91;131;1534305;381,21
2022;4;Provincia;8;Castilla-La Mancha;45;Toledo;409;99830;739,90;299;853159;358,36
2022;4;Comunidad;9;Cataluña;98;CATALUÑA;9398;137930;1301,23;1679;936309;660,98
2022;4;Provincia;9;Cataluña;8;Barcelona;6994;157648;1460,60;1193;1162725;754,25
2022;4;Provincia;9;Cataluña;17;Girona;960;96827;964,11;168;452251;509,01
2022;4;Provincia;9;Cataluña;25;Lleida;580;61018;640,33;142;282101;419,84
2022;4;Provincia;9;Cataluña;43;Tarragona;864;76642;834,93;176;507073;421,32
2022;4;Comunidad;10;Comunitat Valenciana;98;COMUNITAT VALENCIANA;6795;90778;867,48;1348;518929;446,22
2022;4;Provincia;10;Comunitat Valenciana;3;Alicante / Alacant;2809;90365;905,25;322;395194;477,68
2022;4;Provincia;10;Comunitat Valenciana;12;Castellón / Castelló;768;70060;642,16;277;259398;350,59
2022;4;Provincia;10;Comunitat Valenciana;46;Valencia / València;3218;96456;895,32;749;686738;473,40
2022;4;Comunidad;11;Extremadura;98;EXTREMADURA;750;64770;639,02;335;150889;308,30
2022;4;Provincia;11;Extremadura;6;Badajoz;469;64195;604,31;202;160757;331,33
2022;4;Provincia;11;Extremadura;10;Cáceres;281;65817;702,16;133;118926;233,71
2022;4;Comunidad;12;Galicia;98;GALICIA;2030;91811;867,70;297;507112;445,17
2022;4;Provincia;12;Galicia;15;A Coruña;852;95531;927,66;143;454079;448,90
2022;4;Provincia;12;Galicia;27;Lugo;291;70925;794,05;49;243244;327,96
2022;4;Provincia;12;Galicia;32;Ourense;239;84823;604,30;30;366353;292,84
2022;4;Provincia;12;Galicia;36;Pontevedra;648;96948;891,12;75;745714;526,01
2022;4;Comunidad;13;Comunidad de Madrid;98;COMUNIDAD DE MADRID;7464;241082;2138,67;1489;786407;805,19
2022;4;Provincia;13;Comunidad de Madrid;28;Madrid;7464;241082;2138,67;1489;786407;805,19
2022;4;Comunidad;14;Región de Murcia;98;REGIÓN DE MURCIA;1347;75312;695,94;454;253169;323,12
2022;4;Provincia;14;Región de Murcia;30;Murcia;1347;75312;695,94;454;253169;323,12
2022;4;Comunidad;15;C. Foral de Navarra;98;C. FORAL DE NAVARRA;945;102185;1004,22;237;314070;519,45
2022;4;Provincia;15;C. Foral de Navarra;31;Navarra;945;102185;1004,22;237;314070;519,45
2022;4;Comunidad;16;País Vasco;98;PAÍS VASCO;3654;124062;1433,31;576;563363;846,25
2022;4;Provincia;16;País Vasco;1;Araba / Álava;444;93142;1001,01;138;620637;577,73
2022;4;Provincia;16;País Vasco;20;Gipuzkoa;1318;119868;1539,31;204;502359;755,11
2022;4;Provincia;16;País Vasco;48;Bizkaia;1892;132954;1447,18;234;599292;1011,52
2022;4;Comunidad;17;La Rioja;98;LA RIOJA;791;81848;874,20;127;134415;407,00
2022;4;Provincia;17;La Rioja;26;La Rioja;791;81848;874,20;127;134415;407,00
2022;4;Comunidad;18;Ceuta;98;CEUTA;23;119562;2098,33;2;170000;566,67
2022;4;Provincia;18;Ceuta;51;Ceuta;23;119562;2098,33;2;170000;566,67
2022;4;Comunidad;19;Melilla;98;MELILLA;26;112853;1125,08;8;171200;945,71
2022;4;Provincia;19;Melilla;52;Melilla;26;112853;1125,08;8;171200;945,71
2023;1;Nacional;99;ESPAÑA;99;ESPAÑA;53900;127610;1232,62;11548;516178;547,82
2023;1;Comunidad;1;Andalucía;98;ANDALUCÍA;9498;97411;1018,67;2144;235222;432,24
2023;1;Provincia;1;Andalucía;4;Almería;922;75289;687,70;160;188757;393,45
2023;1;Provincia;1;Andalucía;11;Cádiz;1370;95895;949,19;373;253800;452,12
2023;1;Provincia;1;Andalucía;14;Córdoba;816;81588;796,90;281;157027;376,35
2023;1;Provincia;1;Andalucía;18;Granada;1112;80380;886,52;183;248742;374,55
2023;1;Provincia;1;Andalucía;21;Huelva;524;72123;724,92;157;112237;393,67
2023;1;Provincia;1;Andalucía;23;Jaén;601;63811;671,35;121;117585;279,14
2023;1;Provincia;1;Andalucía;29;Málaga;2412;131580;1402,74;229;313593;716,90
2023;1;Provincia;1;Andalucía;41;Sevilla;1741;95605;1067,71;640;296400;397,28
2023;1;Comunidad;2;Aragón;98;ARAGÓN;1431;105377;900,44;624;511597;377,65
2023;1;Provincia;2;Aragón;22;Huesca;330;57440;779,99;85;168570;397,85
2023;1;Provincia;2;Aragón;44;Teruel;109;82079;635,20;62;265651;319,16
2023;1;Provincia;2;Aragón;50;Zaragoza;992;125264;973,54;477;623907;380,26
2023;1;Comunidad;3;Principado de Asturias;98;PRINCIPADO DE ASTURIAS;933;84026;827,26;159;311263;403,17
2023;1;Provincia;3;Principado de Asturias;33;Asturias;933;84026;827,26;159;311263;403,17
2023;1;Comunidad;4;Illes Balears;98;ILLES BALEARS;1462;145866;1547,98;124;725991;1144,04
2023;1;Provincia;4;Illes Balears;7;Illes Balears;1462;145866;1547,98;124;725991;1144,04
2023;1;Comunidad;5;Canarias;98;CANARIAS;2522;121316;1285,73;241;466075;653,55
2023;1;Provincia;5;Canarias;35;Las Palmas;1308;117318;1370,15;154;409134;632,38
2023;1;Provincia;5;Canarias;38;Santa Cruz de Tenerife;1214;125210;1203,52;87;560975;688,84
2023;1;Comunidad;6;Cantabria;98;CANTABRIA;686;74245;1072,47;111;442735;643,15
2023;1;Provincia;6;Cantabria;39;Cantabria;686;74245;1072,47;111;442735;643,15
2023;1;Comunidad;7;Castilla y León;98;CASTILLA Y LEÓN;2445;79392;793,32;787;254412;393,23
2023;1;Provincia;7;Castilla y León;5;Ávila;116;55609;699,12;96;144199;457,15
2023;1;Provincia;7;Castilla y León;9;Burgos;487;80777;799,53;175;166878;451,78
2023;1;Provincia;7;Castilla y León;24;León;409;70738;613,86;109;235747;450,45
2023;1;Provincia;7;Castilla y León;34;Palencia;175;47541;670,33;30;182920;292,90
2023;1;Provincia;7;Castilla y León;37;Salamanca;363;87722;951,20;74;173890;333,79
2023;1;Provincia;7;Castilla y León;40;Segovia;106;87065;786,43;63;156073;374,02
2023;1;Provincia;7;Castilla y León;42;Soria;101;46672;601,85;45;309515;412,31
2023;1;Provincia;7;Castilla y León;47;Valladolid;533;102524;944,58;149;481646;371,35
2023;1;Provincia;7;Castilla y León;49;Zamora;155;66876;634,47;46;169542;308,33
2023;1;Comunidad;8;Castilla-La Mancha;98;CASTILLA-LA MANCHA;1344;87403;724,64;738;596034;344,23
2023;1;Provincia;8;Castilla-La Mancha;2;Albacete;362;95386;771,43;99;146240;294,58
2023;1;Provincia;8;Castilla-La Mancha;13;Ciudad Real;247;78006;657,19;144;192640;311,29
2023;1;Provincia;8;Castilla-La Mancha;16;Cuenca;122;67400;706,03;70;76633;279,57
2023;1;Provincia;8;Castilla-La Mancha;19;Guadalajara;166;73154;716,95;118;880711;407,02
2023;1;Provincia;8;Castilla-La Mancha;45;Toledo;447;99021;739,35;307;890591;360,39
2023;1;Comunidad;9;Cataluña;98;CATALUÑA;9471;137363;1319,62;1682;812860;672,99
2023;1;Provincia;9;Cataluña;8;Barcelona;7042;156087;1473,79;1194;1007266;776,62
2023;1;Provincia;9;Cataluña;17;Girona;995;99012;1007,38;171;418138;520,03
2023;1;Provincia;9;Cataluña;25;Lleida;540;70151;686,69;130;325281;443,56
2023;1;Provincia;9;Cataluña;43;Tarragona;894;77675;866,74;187;448911;404,70
2023;1;Comunidad;10;Comunitat Valenciana;98;COMUNITAT VALENCIANA;7172;94433;860,11;1428;479364;443,67
2023;1;Provincia;10;Comunitat Valenciana;3;Alicante / Alacant;2892;90307;912,30;335;409647;443,57
2023;1;Provincia;10;Comunitat Valenciana;12;Castellón / Castelló;776;68083;661,70;273;239131;371,16
2023;1;Provincia;10;Comunitat Valenciana;46;Valencia / València;3504;103764;866,79;820;618363;476,16
2023;1;Comunidad;11;Extremadura;98;EXTREMADURA;717;67461;630,38;331;185563;298,96
2023;1;Provincia;11;Extremadura;6;Badajoz;458;66217;605,89;194;194905;325,24
2023;1;Provincia;11;Extremadura;10;Cáceres;259;69781;676,07;137;157155;219,04
2023;1;Comunidad;12;Galicia;98;GALICIA;2059;93120;904,55;288;446525;446,66
2023;1;Provincia;12;Galicia;15;A Coruña;877;92582;979,95;130;395952;488,16
2023;1;Provincia;12;Galicia;27;Lugo;298;66885;844,29;46;176400;308,09
2023;1;Provincia;12;Galicia;32;Ourense;218;87979;603,88;39;397765;281,10
2023;1;Provincia;12;Galicia;36;Pontevedra;666;106453;902,41;73;621040;495,02
2023;1;Comunidad;13;Comunidad de Madrid;98;COMUNIDAD DE MADRID;7357;242431;2148,75;1510;827617;798,90
2023;1;Provincia;13;Comunidad de Madrid;28;Madrid;7357;242431;2148,75;1510;827617;798,90
2023;1;Comunidad;14;Región de Murcia;98;REGIÓN DE MURCIA;1446;76703;703,08;455;271045;342,72
2023;1;Provincia;14;Región de Murcia;30;Murcia;1446;76703;703,08;455;271045;342,72
2023;1;Comunidad;15;C. Foral de Navarra;98;C. FORAL DE NAVARRA;944;103489;1047,62;241;483056;551,19
2023;1;Provincia;15;C. Foral de Navarra;31;Navarra;944;103489;1047,62;241;483056;551,19
2023;1;Comunidad;16;País Vasco;98;PAÍS VASCO;3622;130292;1449,69;556;584233;771,60
2023;1;Provincia;16;País Vasco;1;Araba / Álava;424;103329;1058,19;114;496123;550,28
2023;1;Provincia;16;País Vasco;20;Gipuzkoa;1301;126321;1578,06;211;716249;776,26
2023;1;Provincia;16;País Vasco;48;Bizkaia;1897;137604;1435,85;231;504573;840,64
2023;1;Comunidad;17;La Rioja;98;LA RIOJA;749;88000;835,74;121;255601;426,79
2023;1;Provincia;17;La Rioja;26;La Rioja;749;88000;835,74;121;255601;426,79
2023;1;Comunidad;18;Ceuta;98;CEUTA;21;122666;2452,02;2;170000;566,67
2023;1;Provincia;18;Ceuta;51;Ceuta;21;122666;2452,02;2;170000;566,67
2023;1;Comunidad;19;Melilla;98;MELILLA;21;121227;1100,91;6;191000;841,98
2023;1;Provincia;19;Melilla;52;Melilla;21;121227;1100,91;6;191000;841,98
2023;2;Nacional;99;ESPAÑA;99;ESPAÑA;55201;125337;1225,53;11399;503879;551,53
2023;2;Comunidad;1;Andalucía;98;ANDALUCÍA;9764;96698;1031,23;2135;213213;431,25
2023;2;Provincia;1;Andalucía;4;Almería;933;73630;681,95;168;157365;411,58
2023;2;Provincia;1;Andalucía;11;Cádiz;1351;97610;960,36;355;232291;445,74
2023;2;Provincia;1;Andalucía;14;Córdoba;839;75813;802,81;288;211608;383,53
2023;2;Provincia;1;Andalucía;18;Granada;1218;82107;910,64;172;250753;382,17
2023;2;Provincia;1;Andalucía;21;Huelva;530;71246;741,00;159;113864;400,28
2023;2;Provincia;1;Andalucía;23;Jaén;644;59374;640,00;130;112188;299,02
2023;2;Provincia;1;Andalucía;29;Málaga;2421;129727;1458,27;240;340969;697,71
2023;2;Provincia;1;Andalucía;41;Sevilla;1828;99406;1059,32;623;205363;383,52
2023;2;Comunidad;2;Aragón;98;ARAGÓN;1419;100678;918,85;537;381717;380,21
2023;2;Provincia;2;Aragón;22;Huesca;302;50637;736,23;80;172653;425,12
2023;2;Provincia;2;Aragón;44;Teruel;107;88162;633,72;46;284118;329,65
2023;2;Provincia;2;Aragón;50;Zaragoza;1010;119597;1014,16;411;444608;374,03
2023;2;Comunidad;3;Principado de Asturias;98;PRINCIPADO DE ASTURIAS;1009;97091;839,80;141;348368;409,94
2023;2;Provincia;3;Principado de Asturias;33;Asturias;1009;97091;839,80;141;348368;409,94
2023;2;Comunidad;4;Illes Balears;98;ILLES BALEARS;1481;148877;1559,66;138;733285;1116,93
2023;2;Provincia;4;Illes Balears;7;Illes Balears;1481;148877;1559,66;138;733285;1116,93
2023;2;Comunidad;5;Canarias;98;CANARIAS;2557;117608;1313,77;253;479531;654,25
2023;2;Provincia;5;Canarias;35;Las Palmas;1342;118225;1423,75;160;407984;637,73
2023;2;Provincia;5;Canarias;38;Santa Cruz de Tenerife;1215;116994;1204,38;93;596868;681,35
2023;2;Comunidad;6;Cantabria;98;CANTABRIA;737;70140;1079,92;108;588597;637,72
2023;2;Provincia;6;Cantabria;39;Cantabria;737;70140;1079,92;108;588597;637,72
2023;2;Comunidad;7;Castilla y León;98;CASTILLA Y LEÓN;2521;76714;790,89;762;250535;390,37
2023;2;Provincia;7;Castilla y León;5;Ávila;125;49868;596,66;116;148015;415,74
2023;2;Provincia;7;Castilla y León;9;Burgos;530;71588;831,54;155;270743;435,02
2023;2;Provincia;7;Castilla y León;24;León;432;58957;572,91;109;252531;411,14
2023;2;Provincia;7;Castilla y León;34;Palencia;170;49670;704,93;36;190489;325,02
2023;2;Provincia;7;Castilla y León;37;Salamanca;361;101247;926,02;79;298702;358,66
2023;2;Provincia;7;Castilla y León;40;Segovia;124;86394;826,11;62;147194;400,74
2023;2;Provincia;7;Castilla y León;42;Soria;91;45688;596,91;38;225341;369,67
2023;2;Provincia;7;Castilla y León;47;Valladolid;540;98752;929,29;121;334812;388,57
2023;2;Provincia;7;Castilla y León;49;Zamora;148;60605;659,80;46;146214;304,82
2023;2;Comunidad;8;Castilla-La Mancha;98;CASTILLA-LA MANCHA;1434;77229;712,92;742;437686;349,18
2023;2;Provincia;8;Castilla-La Mancha;2;Albacete;417;90933;742,90;110;244538;367,94
2023;2;Provincia;8;Castilla-La Mancha;13;Ciudad Real;239;80082;690,00;144;222035;318,36
2023;2;Provincia;8;Castilla-La Mancha;16;Cuenca;106;65343;682,58;76;95136;300,72
2023;2;Provincia;8;Castilla-La Mancha;19;Guadalajara;187;71663;699,25;99;1229760;427,42
2023;2;Provincia;8;Castilla-La Mancha;45;Toledo;485;68966;714,35;313;432392;345,92
2023;2;Comunidad;9;Cataluña;98;CATALUÑA;9846;131960;1296,65;1722;784579;680,60
2023;2;Provincia;9;Cataluña;8;Barcelona;7272;150382;1455,62;1161;933347;785,21
2023;2;Provincia;9;Cataluña;17;Girona;1037;91109;959,45;190;616719;552,95
2023;2;Provincia;9;Cataluña;25;Lleida;565;67999;658,65;163;341407;457,88
2023;2;Provincia;9;Cataluña;43;Tarragona;972;78068;859,81;208;483930;427,74
2023;2;Comunidad;10;Comunitat Valenciana;98;COMUNITAT VALENCIANA;7445;94627;860,12;1433;523821;445,67
2023;2;Provincia;10;Comunitat Valenciana;3;Alicante / Alacant;3028;88786;895,93;350;428377;461,03
2023;2;Provincia;10;Comunitat Valenciana;12;Castellón / Castelló;771;70722;683,66;267;301859;355,88
2023;2;Provincia;10;Comunitat Valenciana;46;Valencia / València;3646;104545;871,56;816;667925;478,29
2023;2;Comunidad;11;Extremadura;98;EXTREMADURA;736;62882;630,33;354;148013;279,66
2023;2;Provincia;11;Extremadura;6;Badajoz;469;58780;600,74;205;159267;291,45
2023;2;Provincia;11;Extremadura;10;Cáceres;267;70596;685,95;149;118713;248,95
2023;2;Comunidad;12;Galicia;98;GALICIA;2071;99146;935,66;304;439786;436,82
2023;2;Provincia;12;Galicia;15;A Coruña;900;106869;1001,40;132;425832;470,96
2023;2;Provincia;12;Galicia;27;Lugo;284;67163;829,72;54;150167;295,22
2023;2;Provincia;12;Galicia;32;Ourense;193;66021;584,35;41;507263;316,91
2023;2;Provincia;12;Galicia;36;Pontevedra;694;108387;966,36;77;558787;493,09
2023;2;Comunidad;13;Comunidad de Madrid;98;COMUNIDAD DE MADRID;7360;244794;2155,31;1405;766185;801,57
2023;2;Provincia;13;Comunidad de Madrid;28;Madrid;7360;244794;2155,31;1405;766185;801,57
2023;2;Comunidad;14;Región de Murcia;98;REGIÓN DE MURCIA;1590;73308;697,59;446;247914;339,62
2023;2;Provincia;14;Región de Murcia;30;Murcia;1590;73308;697,59;446;247914;339,62
2023;2;Comunidad;15;C. Foral de Navarra;98;C. FORAL DE NAVARRA;887;103231;1046,14;245;527412;540,85
2023;2;Provincia;15;C. Foral de Navarra;31;Navarra;887;103231;1046,14;245;527412;540,85
2023;2;Comunidad;16;País Vasco;98;PAÍS VASCO;3588;127056;1429,95;557;783703;812,39
2023;2;Provincia;16;País Vasco;1;Araba / Álava;441;108554;1052,12;110;459357;554,73
2023;2;Provincia;16;País Vasco;20;Gipuzkoa;1287;138512;1589,02;205;1073757;846,06
2023;2;Provincia;16;País Vasco;48;Bizkaia;1860;123186;1399,58;242;670193;881,56
2023;2;Comunidad;17;La Rioja;98;LA RIOJA;713;76639;855,43;113;378395;394,53
2023;2;Provincia;17;La Rioja;26;La Rioja;713;76639;855,43;113;378395;394,53
2023;2;Comunidad;18;Ceuta;98;CEUTA;18;137199;2592,32;0;0;0,00
2023;2;Provincia;18;Ceuta;51;Ceuta;18;137199;2592,32;0;0;0,00
2023;2;Comunidad;19;Melilla;98;MELILLA;25;104132;1097,77;4;196250;1023,61
2023;2;Provincia;19;Melilla;52;Melilla;25;104132;1097,77;4;196250;1023,61
2023;3;Nacional;99;ESPAÑA;99;ESPAÑA;55226;123012;1216,44;11414;482269;553,47
2023;3;Comunidad;1;Andalucía;98;ANDALUCÍA;9634;90390;999,94;2134;210547;431,03
2023;3;Provincia;1;Andalucía;4;Almería;906;76565;689,41;168;186550;430,28
2023;3;Provincia;1;Andalucía;11;Cádiz;1405;84697;872,22;341;172670;434,05
2023;3;Provincia;1;Andalucía;14;Córdoba;816;70678;806,01;274;248411;401,07
2023;3;Provincia;1;Andalucía;18;Granada;1224;78040;891,54;176;267646;397,56
2023;3;Provincia;1;Andalucía;21;Huelva;524;72016;743,01;147;123481;394,69
2023;3;Provincia;1;Andalucía;23;Jaén;684;56137;628,08;137;109334;289,74
2023;3;Provincia;1;Andalucía;29;Málaga;2316;120720;1451,02;236;352137;690,27
2023;3;Provincia;1;Andalucía;41;Sevilla;1759;95771;1021,71;655;201273;389,00
2023;3;Comunidad;2;Aragón;98;ARAGÓN;1505;94425;876,59;493;435369;427,54
2023;3;Provincia;2;Aragón;22;Huesca;317;51074;683,40;73;189194;463,03
2023;3;Provincia;2;Aragón;44;Teruel;109;71211;549,25;45;258950;355,12
2023;3;Provincia;2;Aragón;50;Zaragoza;1079;111712;976,82;375;539570;428,05
2023;3;Comunidad;3;Principado de Asturias;98;PRINCIPADO DE ASTURIAS;1074;96309;825,29;134;377757;423,76
2023;3;Provincia;3;Principado de Asturias;33;Asturias;1074;96309;825,29;134;377757;423,76
2023;3;Comunidad;4;Illes Balears;98;ILLES BALEARS;1526;152742;1625,12;152;639836;1134,48
2023;3;Provincia;4;Illes Balears;7;Illes Balears;1526;152742;1625,12;152;639836;1134,48
2023;3;Comunidad;5;Canarias;98;CANARIAS;2505;125922;1342,94;243;483634;671,80
2023;3;Provincia;5;Canarias;35;Las Palmas;1332;123107;1447,49;154;423993;659,82
2023;3;Provincia;5;Canarias;38;Santa Cruz de Tenerife;1173;128786;1236,54;89;587580;692,67
2023;3;Comunidad;6;Cantabria;98;CANTABRIA;727;65383;1045,12;109;544784;523,24
2023;3;Provincia;6;Cantabria;39;Cantabria;727;65383;1045,12;109;544784;523,24
2023;3;Comunidad;7;Castilla y León;98;CASTILLA Y LEÓN;2572;75538;785,34;783;356941;411,39
2023;3;Provincia;7;Castilla y León;5;Ávila;129;50583;649,85;124;157843;440,90
2023;3;Provincia;7;Castilla y León;9;Burgos;533;72904;831,63;164;271335;451,22
2023;3;Provincia;7;Castilla y León;24;León;444;56700;566,54;107;922577;448,26
2023;3;Provincia;7;Castilla y León;34;Palencia;185;46088;675,24;33;286541;344,33
2023;3;Provincia;7;Castilla y León;37;Salamanca;353;102192;898,35;88;279991;386,73
2023;3;Provincia;7;Castilla y León;40;Segovia;127;87273;871,22;65;134345;414,43
2023;3;Provincia;7;Castilla y León;42;Soria;98;44959;589,49;36;206300;424,19
2023;3;Provincia;7;Castilla y León;47;Valladolid;574;91486;904,64;114;451314;396,65
2023;3;Provincia;7;Castilla y León;49;Zamora;129;67090;678,02;52;308769;316,98
2023;3;Comunidad;8;Castilla-La Mancha;98;CASTILLA-LA MANCHA;1466;77015;692,16;836;424528;350,96
2023;3;Provincia;8;Castilla-La Mancha;2;Albacete;425;89655;724,17;216;287595;355,88
2023;3;Provincia;8;Castilla-La Mancha;13;Ciudad Real;247;78803;673,87;136;185069;329,90
2023;3;Provincia;8;Castilla-La Mancha;16;Cuenca;112;61219;576,87;77;143561;324,14
2023;3;Provincia;8;Castilla-La Mancha;19;Guadalajara;192;76684;726,02;95;1273594;440,39
2023;3;Provincia;8;Castilla-La Mancha;45;Toledo;490;68428;684,16;312;406074;341,59
2023;3;Comunidad;9;Cataluña;98;CATALUÑA;9851;130943;1296,35;1724;755039;657,18
2023;3;Provincia;9;Cataluña;8;Barcelona;7272;149968;1461,25;1144;933655;773,65
2023;3;Provincia;9;Cataluña;17;Girona;1048;87194;940,29;188;578965;549,71
2023;3;Provincia;9;Cataluña;25;Lleida;561;64692;661,71;182;273834;391,08
2023;3;Provincia;9;Cataluña;43;Tarragona;970;78798;850,02;210;455499;422,68
2023;3;Comunidad;10;Comunitat Valenciana;98;COMUNITAT VALENCIANA;7630;93434;844,10;1451;438996;446,26
2023;3;Provincia;10;Comunitat Valenciana;3;Alicante / Alacant;3131;82837;886,01;361;392737;474,62
2023;3;Provincia;10;Comunitat Valenciana;12;Castellón / Castelló;782;70775;659,20;270;282222;354,24
2023;3;Provincia;10;Comunitat Valenciana;46;Valencia / València;3717;106957;851,25;820;524809;471,14
2023;3;Comunidad;11;Extremadura;98;EXTREMADURA;723;72275;657,18;371;151369;297,03
2023;3;Provincia;11;Extremadura;6;Badajoz;470;68262;620,86;223;164581;316,40
2023;3;Provincia;11;Extremadura;10;Cáceres;253;80159;728,54;148;114240;242,58
2023;3;Comunidad;12;Galicia;98;GALICIA;2041;92432;915,74;265;435509;407,10
2023;3;Provincia;12;Galicia;15;A Coruña;923;95835;988,16;119;525434;441,03
2023;3;Provincia;12;Galicia;27;Lugo;250;55652;742,25;39;105491;258,41
2023;3;Provincia;12;Galicia;32;Ourense;185;64220;605,32;42;482778;300,07
2023;3;Provincia;12;Galicia;36;Pontevedra;683;106466;936,74;65;413628;466,50
2023;3;Comunidad;13;Comunidad de Madrid;98;COMUNIDAD DE MADRID;7204;241419;2175,20;1366;676577;803,60
2023;3;Provincia;13;Comunidad de Madrid;28;Madrid;7204;241419;2175,20;1366;676577;803,60
2023;3;Comunidad;14;Región de Murcia;98;REGIÓN DE MURCIA;1644;72529;678,59;424;310832;347,10
2023;3;Provincia;14;Región de Murcia;30;Murcia;1644;72529;678,59;424;310832;347,10
2023;3;Comunidad;15;C. Foral de Navarra;98;C. FORAL DE NAVARRA;872;106757;1058,08;238;580438;544,68
2023;3;Provincia;15;C. Foral de Navarra;31;Navarra;872;106757;1058,08;238;580438;544,68
2023;3;Comunidad;16;País Vasco;98;PAÍS VASCO;3539;128281;1453,71;580;737002;815,04
2023;3;Provincia;16;País Vasco;1;Araba / Álava;443;120547;1145,94;115;474052;535,35
2023;3;Provincia;16;País Vasco;20;Gipuzkoa;1300;148991;1651,15;209;986309;846,17
2023;3;Provincia;16;País Vasco;48;Bizkaia;1796;115633;1382,03;256;636941;905,78
2023;3;Comunidad;17;La Rioja;98;LA RIOJA;672;72572;825,56;104;436485;388,30
2023;3;Provincia;17;La Rioja;26;La Rioja;672;72572;825,56;104;436485;388,30
2023;3;Comunidad;18;Ceuta;98;CEUTA;17;119665;2017,46;2;150000;360,58
2023;3;Provincia;18;Ceuta;51;Ceuta;17;119665;2017,46;2;150000;360,58
2023;3;Comunidad;19;Melilla;98;MELILLA;24;114000;1111,97;5;166250;817,20
2023;3;Provincia;19;Melilla;52;Melilla;24;114000;1111,97;5;166250;817,20
2023;4;Nacional;99;ESPAÑA;99;ESPAÑA;55660;120182;1205,38;11264;479165;557,35
2023;4;Comunidad;1;Andalucía;98;ANDALUCÍA;9836;90144;980,49;2130;233056;439,79
2023;4;Provincia;1;Andalucía;4;Almería;932;76089;676,29;171;192594;427,05
2023;4;Provincia;1;Andalucía;11;Cádiz;1454;83489;842,11;332;171072;423,56
2023;4;Provincia;1;Andalucía;14;Córdoba;791;70783;816,21;281;254999;413,57
2023;4;Provincia;1;Andalucía;18;Granada;1207;75159;857,23;169;245835;407,88
2023;4;Provincia;1;Andalucía;21;Huelva;559;68895;707,49;140;114967;424,42
2023;4;Provincia;1;Andalucía;23;Jaén;684;56706;625,86;144;116010;300,18
2023;4;Provincia;1;Andalucía;29;Málaga;2424;122517;1450,48;240;365611;695,05
2023;4;Provincia;1;Andalucía;41;Sevilla;1785;93937;957,88;653;269418;395,30
2023;4;Comunidad;2;Aragón;98;ARAGÓN;1557;90579;889,80;490;358680;441,91
2023;4;Provincia;2;Aragón;22;Huesca;307;53481;703,93;71;177008;507,57
2023;4;Provincia;2;Aragón;44;Teruel;110;39076;530,42;40;94653;369,71
2023;4;Provincia;2;Aragón;50;Zaragoza;1140;107456;984,71;379;456830;431,51
2023;4;Comunidad;3;Principado de Asturias;98;PRINCIPADO DE ASTURIAS;1039;96826;871,56;114;406047;442,44
2023;4;Provincia;3;Principado de Asturias;33;Asturias;1039;96826;871,56;114;406047;442,44
2023;4;Comunidad;4;Illes Balears;98;ILLES BALEARS;1539;152746;1586,91;132;592668;1160,68
2023;4;Provincia;4;Illes Balears;7;Illes Balears;1539;152746;1586,91;132;592668;1160,68
2023;4;Comunidad;5;Canarias;98;CANARIAS;2401;125483;1390,00;224;505865;682,61
2023;4;Provincia;5;Canarias;35;Las Palmas;1277;125678;1507,80;139;480909;655,50
2023;4;Provincia;5;Canarias;38;Santa Cruz de Tenerife;1124;125291;1273,67;85;542567;722,47
2023;4;Comunidad;6;Cantabria;98;CANTABRIA;732;63483;1028,03;112;530574;503,26
2023;4;Provincia;6;Cantabria;39;Cantabria;732;63483;1028,03;112;530574;503,26
2023;4;Comunidad;7;Castilla y León;98;CASTILLA Y LEÓN;2627;72528;788,32;784;416596;420,37
2023;4;Provincia;7;Castilla y León;5;Ávila;140;46011;624,47;135;168020;439,52
2023;4;Provincia;7;Castilla y León;9;Burgos;551;71714;858,40;157;288564;460,39
2023;4;Provincia;7;Castilla y León;24;León;432;54336;580,63;117;823447;412,13
2023;4;Provincia;7;Castilla y León;34;Palencia;194;56369;681,72;43;325629;362,12
2023;4;Provincia;7;Castilla y León;37;Salamanca;363;94617;939,61;90;415683;433,08
2023;4;Provincia;7;Castilla y León;40;Segovia;129;81866;838,78;65;106493;432,10
2023;4;Provincia;7;Castilla y León;42;Soria;94;52488;637,34;34;154585;436,76
2023;4;Provincia;7;Castilla y León;47;Valladolid;590;81294;854,23;105;639218;401,90
2023;4;Provincia;7;Castilla y León;49;Zamora;134;77486;682,26;38;327455;342,02
2023;4;Comunidad;8;Castilla-La Mancha;98;CASTILLA-LA MANCHA;1574;78576;664,61;856;276642;349,35
2023;4;Provincia;8;Castilla-La Mancha;2;Albacete;462;89232;718,32;223;257818;363,97
2023;4;Provincia;8;Castilla-La Mancha;13;Ciudad Real;262;94712;678,68;139;168029;318,36
2023;4;Provincia;8;Castilla-La Mancha;16;Cuenca;120;56431;589,84;73;180131;352,98
2023;4;Provincia;8;Castilla-La Mancha;19;Guadalajara;216;72159;681,83;97;804758;419,66
2023;4;Provincia;8;Castilla-La Mancha;45;Toledo;514;68234;618,03;324;204746;340,77
2023;4;Comunidad;9;Cataluña;98;CATALUÑA;9886;134867;1313,36;1701;659849;655,99
2023;4;Provincia;9;Cataluña;8;Barcelona;7287;153340;1480,30;1135;804951;764,06
2023;4;Provincia;9;Cataluña;17;Girona;1069;92416;973,81;184;614676;546,66
2023;4;Provincia;9;Cataluña;25;Lleida;555;78524;700,64;177;273591;387,41
2023;4;Provincia;9;Cataluña;43;Tarragona;975;80010;823,59;205;248993;410,81
2023;4;Comunidad;10;Comunitat Valenciana;98;COMUNITAT VALENCIANA;7829;91649;837,07;1414;455359;454,36
2023;4;Provincia;10;Comunitat Valenciana;3;Alicante / Alacant;3193;80787;872,54;360;360065;485,46
2023;4;Provincia;10;Comunitat Valenciana;12;Castellón / Castelló;783;71103;663,81;269;336530;362,73
2023;4;Provincia;10;Comunitat Valenciana;46;Valencia / València;3853;104780;845,18;785;549942;479,39
2023;4;Comunidad;11;Extremadura;98;EXTREMADURA;739;72203;629,26;405;156070;303,46
2023;4;Provincia;11;Extremadura;6;Badajoz;473;68813;612,83;241;168322;327,33
2023;4;Provincia;11;Extremadura;10;Cáceres;266;78419;659,39;164;125253;243,43
2023;4;Comunidad;12;Galicia;98;GALICIA;2012;93193;897,27;261;439408;414,07
2023;4;Provincia;12;Galicia;15;A Coruña;904;95529;954,71;123;494817;435,04
2023;4;Provincia;12;Galicia;27;Lugo;247;54181;694,93;32;114755;257,63
2023;4;Provincia;12;Galicia;32;Ourense;189;62676;567,81;40;430891;308,53
2023;4;Provincia;12;Galicia;36;Pontevedra;672;109783;957,15;66;461814;491,46
2023;4;Comunidad;13;Comunidad de Madrid;98;COMUNIDAD DE MADRID;7021;227653;2174,36;1301;699515;815,64
2023;4;Provincia;13;Comunidad de Madrid;28;Madrid;7021;227653;2174,36;1301;699515;815,64
2023;4;Comunidad;14;Región de Murcia;98;REGIÓN DE MURCIA;1687;71643;675,33;403;521959;360,96
2023;4;Provincia;14;Región de Murcia;30;Murcia;1687;71643;675,33;403;521959;360,96
2023;4;Comunidad;15;C. Foral de Navarra;98;C. FORAL DE NAVARRA;852;101160;1036,89;227;626062;588,48
2023;4;Provincia;15;C. Foral de Navarra;31;Navarra;852;101160;1036,89;227;626062;588,48
2023;4;Comunidad;16;País Vasco;98;PAÍS VASCO;3629;122515;1409,66;592;774084;796,99
2023;4;Provincia;16;País Vasco;1;Araba / Álava;422;127361;1125,63;117;966307;567,28
2023;4;Provincia;16;País Vasco;20;Gipuzkoa;1291;142200;1612,18;213;882669;818,21
2023;4;Provincia;16;País Vasco;48;Bizkaia;1916;108681;1330,53;262;618415;869,36
2023;4;Comunidad;17;La Rioja;98;LA RIOJA;644;77096;828,02;107;463062;381,53
2023;4;Provincia;17;La Rioja;26;La Rioja;644;77096;828,02;107;463062;381,53
2023;4;Comunidad;18;Ceuta;98;CEUTA;23;100899;1396,22;4;150000;360,58
2023;4;Provincia;18;Ceuta;51;Ceuta;23;100899;1396,22;4;150000;360,58
2023;4;Comunidad;19;Melilla;98;MELILLA;33;190997;1705,77;7;179167;682,37
2023;4;Provincia;19;Melilla;52;Melilla;33;190997;1705,77;7;179167;682,37
2024;1;Nacional;99;ESPAÑA;99;ESPAÑA;55362;121168;1211,52;11244;469149;551,89
2024;1;Comunidad;1;Andalucía;98;ANDALUCÍA;9556;94041;1006,10;2102;241818;445,21
2024;1;Provincia;1;Andalucía;4;Almería;902;75260;679,77;171;225416;424,16
2024;1;Provincia;1;Andalucía;11;Cádiz;1394;90957;879,07;319;163495;426,91
2024;1;Provincia;1;Andalucía;14;Córdoba;777;71543;848,42;263;248243;396,47
2024;1;Provincia;1;Andalucía;18;Granada;1220;72831;855,97;161;292543;432,48
2024;1;Provincia;1;Andalucía;21;Huelva;448;70947;692,14;130;124814;411,64
2024;1;Provincia;1;Andalucía;23;Jaén;655;54562;590,71;160;136227;318,48
2024;1;Provincia;1;Andalucía;29;Málaga;2424;130133;1520,43;230;418254;712,17
2024;1;Provincia;1;Andalucía;41;Sevilla;1736;98992;950,14;668;254827;404,94
2024;1;Comunidad;2;Aragón;98;ARAGÓN;1477;82696;919,64;565;393916;438,63
2024;1;Provincia;2;Aragón;22;Huesca;298;52607;729,34;69;145370;434,02
2024;1;Provincia;2;Aragón;44;Teruel;118;46805;554,22;39;108814;336,24
2024;1;Provincia;2;Aragón;50;Zaragoza;1061;96913;1025,77;457;505120;450,99
2024;1;Comunidad;3;Principado de Asturias;98;PRINCIPADO DE ASTURIAS;1008;102713;925,43;122;396339;431,61
2024;1;Provincia;3;Principado de Asturias;33;Asturias;1008;102713;925,43;122;396339;431,61
2024;1;Comunidad;4;Illes Balears;98;ILLES BALEARS;1498;171402;1635,61;125;576359;1185,72
2024;1;Provincia;4;Illes Balears;7;Illes Balears;1498;171402;1635,61;125;576359;1185,72
2024;1;Comunidad;5;Canarias;98;CANARIAS;2293;117872;1338,69;231;562524;685,57
2024;1;Provincia;5;Canarias;35;Las Palmas;1151;119828;1387,51;143;542921;648,20
2024;1;Provincia;5;Canarias;38;Santa Cruz de Tenerife;1142;116047;1293,15;88;592224;742,18
2024;1;Comunidad;6;Cantabria;98;CANTABRIA;731;64016;1060,26;106;382047;497,73
2024;1;Provincia;6;Cantabria;39;Cantabria;731;64016;1060,26;106;382047;497,73
2024;1;Comunidad;7;Castilla y León;98;CASTILLA Y LEÓN;2641;68114;757,43;798;405236;403,09
2024;1;Provincia;7;Castilla y León;5;Ávila;153;42332;557,07;116;158898;344,76
2024;1;Provincia;7;Castilla y León;9;Burgos;520;64388;782,84;165;334713;465,33
2024;1;Provincia;7;Castilla y León;24;León;473;49433;578,27;134;648584;356,52
2024;1;Provincia;7;Castilla y León;34;Palencia;210;63293;745,31;42;309347;364,25
2024;1;Provincia;7;Castilla y León;37;Salamanca;351;88779;917,91;97;359962;431,31
2024;1;Provincia;7;Castilla y León;40;Segovia;142;75102;875,66;72;162820;398,94
2024;1;Provincia;7;Castilla y León;42;Soria;98;79293;730,05;29;195265;439,54
2024;1;Provincia;7;Castilla y León;47;Valladolid;575;76984;811,15;108;637690;401,19
2024;1;Provincia;7;Castilla y León;49;Zamora;119;65453;643,66;35;348532;297,54
2024;1;Comunidad;8;Castilla-La Mancha;98;CASTILLA-LA MANCHA;1542;77135;659,86;860;278503;357,22
2024;1;Provincia;8;Castilla-La Mancha;2;Albacete;445;90068;726,39;241;271266;399,78
2024;1;Provincia;8;Castilla-La Mancha;13;Ciudad Real;279;89297;684,70;126;151355;336,17
2024;1;Provincia;8;Castilla-La Mancha;16;Cuenca;112;69699;670,73;75;181938;384,22
2024;1;Provincia;8;Castilla-La Mancha;19;Guadalajara;194;65846;662,65;95;879812;405,43
2024;1;Provincia;8;Castilla-La Mancha;45;Toledo;512;64445;583,04;323;180582;336,43
2024;1;Comunidad;9;Cataluña;98;CATALUÑA;9977;132879;1310,64;1707;726524;648,65
2024;1;Provincia;9;Cataluña;8;Barcelona;7430;149721;1477,22;1115;866168;738,14
2024;1;Provincia;9;Cataluña;17;Girona;1017;92221;941,64;196;684980;578,51
2024;1;Provincia;9;Cataluña;25;Lleida;553;82688;686,70;172;241875;418,15
2024;1;Provincia;9;Cataluña;43;Tarragona;977;77165;792,73;224;397632;435,82
2024;1;Comunidad;10;Comunitat Valenciana;98;COMUNITAT VALENCIANA;7876;89008;842,64;1305;489668;456,93
2024;1;Provincia;10;Comunitat Valenciana;3;Alicante / Alacant;3255;81700;863,59;330;330392;490,79
2024;1;Provincia;10;Comunitat Valenciana;12;Castellón / Castelló;793;72859;660,69;287;337684;349,03
2024;1;Provincia;10;Comunitat Valenciana;46;Valencia / València;3828;98588;864,06;688;631793;490,18
2024;1;Comunidad;11;Extremadura;98;EXTREMADURA;757;69089;621,02;441;133771;319,97
2024;1;Provincia;11;Extremadura;6;Badajoz;465;67185;590,67;263;138395;338,48
2024;1;Provincia;11;Extremadura;10;Cáceres;292;72360;673,18;178;121989;272,80
2024;1;Comunidad;12;Galicia;98;GALICIA;2109;92714;857,05;281;471988;442,93
2024;1;Provincia;12;Galicia;15;A Coruña;946;96544;901,14;140;485513;451,54
2024;1;Provincia;12;Galicia;27;Lugo;250;52713;575,21;34;316020;367,19
2024;1;Provincia;12;Galicia;32;Ourense;214;65203;585,90;34;421256;337,61
2024;1;Provincia;12;Galicia;36;Pontevedra;699;105556;942,92;73;522804;486,47
2024;1;Comunidad;13;Comunidad de Madrid;98;COMUNIDAD DE MADRID;6921;241143;2216,48;1256;547112;789,96
2024;1;Provincia;13;Comunidad de Madrid;28;Madrid;6921;241143;2216,48;1256;547112;789,96
2024;1;Comunidad;14;Región de Murcia;98;REGIÓN DE MURCIA;1723;70635;676,13;439;514690;354,86
2024;1;Provincia;14;Región de Murcia;30;Murcia;1723;70635;676,13;439;514690;354,86
2024;1;Comunidad;15;C. Foral de Navarra;98;C. FORAL DE NAVARRA;894;92764;1007,06;234;511100;581,28
2024;1;Provincia;15;C. Foral de Navarra;31;Navarra;894;92764;1007,06;234;511100;581,28
2024;1;Comunidad;16;País Vasco;98;PAÍS VASCO;3613;121244;1416,87;556;765143;813,75
2024;1;Provincia;16;País Vasco;1;Araba / Álava;437;124418;1045,00;107;1229564;629,23
2024;1;Provincia;16;País Vasco;20;Gipuzkoa;1289;146341;1638,49;194;724152;877,09
2024;1;Provincia;16;País Vasco;48;Bizkaia;1887;103605;1343,89;255;622963;831,12
2024;1;Comunidad;17;La Rioja;98;LA RIOJA;682;75336;877,53;100;333548;355,43
2024;1;Provincia;17;La Rioja;26;La Rioja;682;75336;877,53;100;333548;355,43
2024;1;Comunidad;18;Ceuta;98;CEUTA;25;104119;1393,60;6;115000;340,29
2024;1;Provincia;18;Ceuta;51;Ceuta;25;104119;1393,60;6;115000;340,29
2024;1;Comunidad;19;Melilla;98;MELILLA;39;172979;1555,13;10;162667;663,73
2024;1;Provincia;19;Melilla;52;Melilla;39;172979;1555,13;10;162667;663,73
2024;2;Nacional;99;ESPAÑA;99;ESPAÑA;55573;121415;1209,86;11155;452590;551,02
2024;2;Comunidad;1;Andalucía;98;ANDALUCÍA;9528;94880;1004,25;2144;241044;442,18
2024;2;Provincia;1;Andalucía;4;Almería;868;76567;684,15;157;226061;411,11
2024;2;Provincia;1;Andalucía;11;Cádiz;1433;91447;883,20;321;180727;434,39
2024;2;Provincia;1;Andalucía;14;Córdoba;768;68273;838,68;255;185423;396,47
2024;2;Provincia;1;Andalucía;18;Granada;1159;72212;841,45;171;278025;450,05
2024;2;Provincia;1;Andalucía;21;Huelva;450;74269;697,83;130;134803;404,20
2024;2;Provincia;1;Andalucía;23;Jaén;611;57171;609,46;166;139221;337,86
2024;2;Provincia;1;Andalucía;29;Málaga;2462;131758;1497,81;230;423269;715,75
2024;2;Provincia;1;Andalucía;41;Sevilla;1777;97577;942,89;714;261895;395,13
2024;2;Comunidad;2;Aragón;98;ARAGÓN;1475;85992;890,77;624;310946;438,19
2024;2;Provincia;2;Aragón;22;Huesca;310;55410;765,32;75;146670;431,94
2024;2;Provincia;2;Aragón;44;Teruel;125;50387;577,88;51;154139;366,24
2024;2;Provincia;2;Aragón;50;Zaragoza;1040;100930;973,14;498;398815;452,78
2024;2;Comunidad;3;Principado de Asturias;98;PRINCIPADO DE ASTURIAS;1000;89071;905,92;138;389492;408,34
2024;2;Provincia;3;Principado de Asturias;33;Asturias;1000;89071;905,92;138;389492;408,34
2024;2;Comunidad;4;Illes Balears;98;ILLES BALEARS;1594;176244;1707,40;123;525333;1211,97
2024;2;Provincia;4;Illes Balears;7;Illes Balears;1594;176244;1707,40;123;525333;1211,97
2024;2;Comunidad;5;Canarias;98;CANARIAS;2417;128377;1362,26;214;565672;694,35
2024;2;Provincia;5;Canarias;35;Las Palmas;1123;130634;1416,01;140;563522;667,01
2024;2;Provincia;5;Canarias;38;Santa Cruz de Tenerife;1294;126579;1319,43;74;569801;746,90
2024;2;Comunidad;6;Cantabria;98;CANTABRIA;714;70016;1059,26;101;252808;484,58
2024;2;Provincia;6;Cantabria;39;Cantabria;714;70016;1059,26;101;252808;484,58
2024;2;Comunidad;7;Castilla y León;98;CASTILLA Y LEÓN;2613;69441;748,54;822;392696;405,08
2024;2;Provincia;7;Castilla y León;5;Ávila;166;80840;555,88;91;158088;399,11
2024;2;Provincia;7;Castilla y León;9;Burgos;500;67014;736,39;183;220485;442,94
2024;2;Provincia;7;Castilla y León;24;León;452;52780;589,05;142;603724;350,92
2024;2;Provincia;7;Castilla y León;34;Palencia;210;62755;694,58;41;304927;380,76
2024;2;Provincia;7;Castilla y León;37;Salamanca;326;80765;938,19;89;272513;424,50
2024;2;Provincia;7;Castilla y León;40;Segovia;156;78339;859,99;76;193686;409,67
2024;2;Provincia;7;Castilla y León;42;Soria;102;80647;742,73;30;200221;441,65
2024;2;Provincia;7;Castilla y León;47;Valladolid;585;73584;828,96;129;678569;395,07
2024;2;Provincia;7;Castilla y León;49;Zamora;116;63182;620,20;41;482382;322,04
2024;2;Comunidad;8;Castilla-La Mancha;98;CASTILLA-LA MANCHA;1607;85860;654,95;913;316288;350,31
2024;2;Provincia;8;Castilla-La Mancha;2;Albacete;429;120679;766,89;240;181096;333,62
2024;2;Provincia;8;Castilla-La Mancha;13;Ciudad Real;300;87865;642,40;122;136947;333,08
2024;2;Provincia;8;Castilla-La Mancha;16;Cuenca;110;81837;702,32;80;201478;369,48
2024;2;Provincia;8;Castilla-La Mancha;19;Guadalajara;202;63948;652,41;114;297643;392,92
2024;2;Provincia;8;Castilla-La Mancha;45;Toledo;566;67930;571,30;357;462050;347,44
2024;2;Comunidad;9;Cataluña;98;CATALUÑA;9888;135094;1306,82;1652;751515;659,12
2024;2;Provincia;9;Cataluña;8;Barcelona;7432;150908;1465,09;1107;893570;747,46
2024;2;Provincia;9;Cataluña;17;Girona;999;101117;950,23;182;593047;545,21
2024;2;Provincia;9;Cataluña;25;Lleida;520;87003;702,35;129;224047;459,40
2024;2;Provincia;9;Cataluña;43;Tarragona;937;76054;793,73;234;462744;417,65
2024;2;Comunidad;10;Comunitat Valenciana;98;COMUNITAT VALENCIANA;8030;89178;844,82;1258;418330;474,21
2024;2;Provincia;10;Comunitat Valenciana;3;Alicante / Alacant;3339;82270;876,95;309;303547;521,77
2024;2;Provincia;10;Comunitat Valenciana;12;Castellón / Castelló;828;77279;634,28;269;285941;352,21
2024;2;Provincia;10;Comunitat Valenciana;46;Valencia / València;3863;97582;863,44;680;523693;505,32
2024;2;Comunidad;11;Extremadura;98;EXTREMADURA;773;72628;633,22;437;119122;312,41
2024;2;Provincia;11;Extremadura;6;Badajoz;472;71672;595,34;266;119828;330,20
2024;2;Provincia;11;Extremadura;10;Cáceres;301;74208;695,86;171;117217;264,39
2024;2;Comunidad;12;Galicia;98;GALICIA;2142;85202;823,39;267;556055;484,36
2024;2;Provincia;12;Galicia;15;A Coruña;971;84643;906,32;130;565096;468,83
2024;2;Provincia;12;Galicia;27;Lugo;260;63301;530,71;26;515592;514,71
2024;2;Provincia;12;Galicia;32;Ourense;228;69575;600,83;35;142091;303,15
2024;2;Provincia;12;Galicia;36;Pontevedra;683;97009;840,47;76;634766;544,09
2024;2;Comunidad;13;Comunidad de Madrid;98;COMUNIDAD DE MADRID;6809;236018;2216,71;1213;564945;809,37
2024;2;Provincia;13;Comunidad de Madrid;28;Madrid;6809;236018;2216,71;1213;564945;809,37
2024;2;Comunidad;14;Región de Murcia;98;REGIÓN DE MURCIA;1727;72856;671,88;402;525126;367,69
2024;2;Provincia;14;Región de Murcia;30;Murcia;1727;72856;671,88;402;525126;367,69
2024;2;Comunidad;15;C. Foral de Navarra;98;C. FORAL DE NAVARRA;955;95583;1034,50;211;477617;577,07
2024;2;Provincia;15;C. Foral de Navarra;31;Navarra;955;95583;1034,50;211;477617;577,07
2024;2;Comunidad;16;País Vasco;98;PAÍS VASCO;3597;117899;1409,08;514;686130;787,49
2024;2;Provincia;16;País Vasco;1;Araba / Álava;429;116771;1071,07;104;1266878;628,65
2024;2;Provincia;16;País Vasco;20;Gipuzkoa;1299;132583;1543,38;187;525128;820,21
2024;2;Provincia;16;País Vasco;48;Bizkaia;1869;107929;1384,49;223;610104;818,80
2024;2;Comunidad;17;La Rioja;98;LA RIOJA;637;81700;887,03;105;208654;355,44
2024;2;Provincia;17;La Rioja;26;La Rioja;637;81700;887,03;105;208654;355,44
2024;2;Comunidad;18;Ceuta;98;CEUTA;29;111929;1531,38;6;115000;340,29
2024;2;Provincia;18;Ceuta;51;Ceuta;29;111929;1531,38;6;115000;340,29
2024;2;Comunidad;19;Melilla;98;MELILLA;38;176742;1561,73;11;153625;555,46
2024;2;Provincia;19;Melilla;52;Melilla;38;176742;1561,73;11;153625;555,46
2024;3;Nacional;99;ESPAÑA;99;ESPAÑA;58115;123649;1221,42;11519;451302;550,46
2024;3;Comunidad;1;Andalucía;98;ANDALUCÍA;9757;95138;988,58;2253;250589;442,02
2024;3;Provincia;1;Andalucía;4;Almería;913;69888;649,43;174;233092;396,13
2024;3;Provincia;1;Andalucía;11;Cádiz;1358;87021;891,94;310;210057;438,95
2024;3;Provincia;1;Andalucía;14;Córdoba;831;68840;847,87;275;152134;383,06
2024;3;Provincia;1;Andalucía;18;Granada;1270;70523;845,52;189;260533;431,69
2024;3;Provincia;1;Andalucía;21;Huelva;483;69015;674,99;145;141871;414,65
2024;3;Provincia;1;Andalucía;23;Jaén;611;64142;627,66;164;247838;344,62
2024;3;Provincia;1;Andalucía;29;Málaga;2451;138603;1462,43;238;457235;745,18
2024;3;Provincia;1;Andalucía;41;Sevilla;1840;99938;947,11;758;249523;388,15
2024;3;Comunidad;2;Aragón;98;ARAGÓN;1507;90133;886,08;619;233884;431,15
2024;3;Provincia;2;Aragón;22;Huesca;308;51775;759,84;74;140596;415,88
2024;3;Provincia;2;Aragón;44;Teruel;122;57216;584,91;56;197871;343,97
2024;3;Provincia;2;Aragón;50;Zaragoza;1077;107625;968,53;489;273677;451,93
2024;3;Comunidad;3;Principado de Asturias;98;PRINCIPADO DE ASTURIAS;1059;86757;903,45;147;401354;408,83
2024;3;Provincia;3;Principado de Asturias;33;Asturias;1059;86757;903,45;147;401354;408,83
2024;3;Comunidad;4;Illes Balears;98;ILLES BALEARS;1554;173166;1679,55;112;500454;1124,08
2024;3;Provincia;4;Illes Balears;7;Illes Balears;1554;173166;1679,55;112;500454;1124,08
2024;3;Comunidad;5;Canarias;98;CANARIAS;2696;137338;1531,05;223;591746;692,96
2024;3;Provincia;5;Canarias;35;Las Palmas;1285;127556;1370,11;151;539075;679,55
2024;3;Provincia;5;Canarias;38;Santa Cruz de Tenerife;1411;145567;1666,46;72;713897;724,06
2024;3;Comunidad;6;Cantabria;98;CANTABRIA;757;72392;1056,67;102;329579;551,19
2024;3;Provincia;6;Cantabria;39;Cantabria;757;72392;1056,67;102;329579;551,19
2024;3;Comunidad;7;Castilla y León;98;CASTILLA Y LEÓN;2712;67302;736,70;828;277890;395,62
2024;3;Provincia;7;Castilla y León;5;Ávila;168;80399;521,29;91;186356;407,52
2024;3;Provincia;7;Castilla y León;9;Burgos;504;62352;735,82;187;206060;443,38
2024;3;Provincia;7;Castilla y León;24;León;455;55269;580,99;140;122888;328,86
2024;3;Provincia;7;Castilla y León;34;Palencia;209;64063;745,06;42;202392;362,89
2024;3;Provincia;7;Castilla y León;37;Salamanca;351;78997;948,77;95;265867;411,74
2024;3;Provincia;7;Castilla y León;40;Segovia;158;71058;760,92;76;189781;347,31
2024;3;Provincia;7;Castilla y León;42;Soria;104;86231;814,63;29;193211;441,03
2024;3;Provincia;7;Castilla y León;47;Valladolid;604;65342;799,76;133;546537;395,82
2024;3;Provincia;7;Castilla y León;49;Zamora;159;73086;559,54;35;118037;339,33
2024;3;Comunidad;8;Castilla-La Mancha;98;CASTILLA-LA MANCHA;1820;87007;657,31;888;314780;345,33
2024;3;Provincia;8;Castilla-La Mancha;2;Albacete;467;121732;769,76;162;158159;313,82
2024;3;Provincia;8;Castilla-La Mancha;13;Ciudad Real;337;93966;653,77;132;135906;315,25
2024;3;Provincia;8;Castilla-La Mancha;16;Cuenca;98;96553;778,65;85;124309;304,01
2024;3;Provincia;8;Castilla-La Mancha;19;Guadalajara;295;60658;621,51;133;284523;377,94
2024;3;Provincia;8;Castilla-La Mancha;45;Toledo;623;64537;563,68;376;477218;361,71
2024;3;Comunidad;9;Cataluña;98;CATALUÑA;10250;136833;1325,78;1726;741670;666,17
2024;3;Provincia;9;Cataluña;8;Barcelona;7688;152895;1487,58;1157;845110;736,62
2024;3;Provincia;9;Cataluña;17;Girona;1010;106433;954,54;191;651130;578,78
2024;3;Provincia;9;Cataluña;25;Lleida;538;87520;712,93;122;297605;554,92
2024;3;Provincia;9;Cataluña;43;Tarragona;1014;73744;806,04;256;480133;429,89
2024;3;Comunidad;10;Comunitat Valenciana;98;COMUNITAT VALENCIANA;8407;87672;860,17;1266;426025;476,78
2024;3;Provincia;10;Comunitat Valenciana;3;Alicante / Alacant;3461;85579;895,14;301;330107;524,17
2024;3;Provincia;10;Comunitat Valenciana;12;Castellón / Castelló;905;69181;630,12;285;394241;388,90
2024;3;Provincia;10;Comunitat Valenciana;46;Valencia / València;4041;93668;884,23;680;479254;497,47
2024;3;Comunidad;11;Extremadura;98;EXTREMADURA;885;70078;612,53;472;116357;308,92
2024;3;Provincia;11;Extremadura;6;Badajoz;521;65661;561,77;284;114024;328,15
2024;3;Provincia;11;Extremadura;10;Cáceres;364;76637;687,91;188;121648;265,29
2024;3;Comunidad;12;Galicia;98;GALICIA;2278;87152;841,24;273;541618;494,31
2024;3;Provincia;12;Galicia;15;A Coruña;1039;92393;909,15;138;465724;488,95
2024;3;Provincia;12;Galicia;27;Lugo;285;64887;566,50;25;552625;554,95
2024;3;Provincia;12;Galicia;32;Ourense;233;67183;625,52;33;366757;339,63
2024;3;Provincia;12;Galicia;36;Pontevedra;721;90791;871,56;77;724736;525,06
2024;3;Comunidad;13;Comunidad de Madrid;98;COMUNIDAD DE MADRID;7205;247633;2237,14;1266;605904;816,49
2024;3;Provincia;13;Comunidad de Madrid;28;Madrid;7205;247633;2237,14;1266;605904;816,49
2024;3;Comunidad;14;Región de Murcia;98;REGIÓN DE MURCIA;1870;73478;698,63;436;420356;359,41
2024;3;Provincia;14;Región de Murcia;30;Murcia;1870;73478;698,63;436;420356;359,41
2024;3;Comunidad;15;C. Foral de Navarra;98;C. FORAL DE NAVARRA;1014;93273;1049,14;223;458025;585,94
2024;3;Provincia;15;C. Foral de Navarra;31;Navarra;1014;93273;1049,14;223;458025;585,94
2024;3;Comunidad;16;País Vasco;98;PAÍS VASCO;3653;121253;1390,62;551;738492;817,24
2024;3;Provincia;16;País Vasco;1;Araba / Álava;424;112749;1028,59;115;1134892;624,38
2024;3;Provincia;16;País Vasco;20;Gipuzkoa;1339;124838;1498,67;194;578371;855,59
2024;3;Provincia;16;País Vasco;48;Bizkaia;1890;120372;1384,44;242;728834;855,53
2024;3;Comunidad;17;La Rioja;98;LA RIOJA;612;76307;872,28;121;177815;358,45
2024;3;Provincia;17;La Rioja;26;La Rioja;612;76307;872,28;121;177815;358,45
2024;3;Comunidad;18;Ceuta;98;CEUTA;38;106490;1514,18;4;80000;320,00
2024;3;Provincia;18;Ceuta;51;Ceuta;38;106490;1514,18;4;80000;320,00
2024;3;Comunidad;19;Melilla;98;MELILLA;41;197643;1583,56;9;161286;543,24
2024;3;Provincia;19;Melilla;52;Melilla;41;197643;1583,56;9;161286;543,24
2024;4;Nacional;99;ESPAÑA;99;ESPAÑA;61413;125016;1227,31;12322;454005;556,60
2024;4;Comunidad;1;Andalucía;98;ANDALUCÍA;9964;96855;1016,49;2394;236668;438,59
2024;4;Provincia;1;Andalucía;4;Almería;910;71067;670,51;175;262552;412,06
2024;4;Provincia;1;Andalucía;11;Cádiz;1368;86970;933,97;306;208062;438,51
2024;4;Provincia;1;Andalucía;14;Córdoba;864;67895;879,51;259;144506;363,07
2024;4;Provincia;1;Andalucía;18;Granada;1348;74440;855,91;214;290735;439,15
2024;4;Provincia;1;Andalucía;21;Huelva;494;70489;682,33;157;142209;389,28
2024;4;Provincia;1;Andalucía;23;Jaén;653;60023;631,02;172;248486;342,91
2024;4;Provincia;1;Andalucía;29;Málaga;2351;146233;1517,57;243;490564;722,02
2024;4;Provincia;1;Andalucía;41;Sevilla;1976;102905;1010,78;868;191270;404,68
2024;4;Comunidad;2;Aragón;98;ARAGÓN;1564;93042;836,04;717;239173;426,97
2024;4;Provincia;2;Aragón;22;Huesca;319;49145;752,29;84;173568;383,60
2024;4;Provincia;2;Aragón;44;Teruel;143;62081;581,60;64;215265;369,13
2024;4;Provincia;2;Aragón;50;Zaragoza;1102;113475;903,48;569;268870;454,38
2024;4;Comunidad;3;Principado de Asturias;98;PRINCIPADO DE ASTURIAS;1229;80832;865,86;154;352768;420,08
2024;4;Provincia;3;Principado de Asturias;33;Asturias;1229;80832;865,86;154;352768;420,08
2024;4;Comunidad;4;Illes Balears;98;ILLES BALEARS;1675;169473;1688,66;102;502685;1134,14
2024;4;Provincia;4;Illes Balears;7;Illes Balears;1675;169473;1688,66;102;502685;1134,14
2024;4;Comunidad;5;Canarias;98;CANARIAS;2977;139261;1496,85;217;566493;705,53
2024;4;Provincia;5;Canarias;35;Las Palmas;1447;127581;1321,14;141;512865;698,03
2024;4;Provincia;5;Canarias;38;Santa Cruz de Tenerife;1530;149517;1651,13;76;689725;722,76
2024;4;Comunidad;6;Cantabria;98;CANTABRIA;831;75897;1072,25;105;481855;620,48
2024;4;Provincia;6;Cantabria;39;Cantabria;831;75897;1072,25;105;481855;620,48
2024;4;Comunidad;7;Castilla y León;98;CASTILLA Y LEÓN;2918;71001;740,67;867;232884;386,08
2024;4;Provincia;7;Castilla y León;5;Ávila;200;86492;530,63;80;150776;392,40
2024;4;Provincia;7;Castilla y León;9;Burgos;504;67125;744,12;184;200454;435,00
2024;4;Provincia;7;Castilla y León;24;León;513;53751;557,81;141;129924;340,01
2024;4;Provincia;7;Castilla y León;34;Palencia;221;53544;697,14;36;129820;329,74
2024;4;Provincia;7;Castilla y León;37;Salamanca;406;86767;921,59;106;165971;403,73
2024;4;Provincia;7;Castilla y León;40;Segovia;163;71114;792,52;94;205417;326,25
2024;4;Provincia;7;Castilla y León;42;Soria;100;77224;794,16;25;286586;419,72
2024;4;Provincia;7;Castilla y León;47;Valladolid;650;78542;855,63;161;393710;388,76
2024;4;Provincia;7;Castilla y León;49;Zamora;161;66283;537,20;40;149366;351,89
2024;4;Comunidad;8;Castilla-La Mancha;98;CASTILLA-LA MANCHA;1901;85744;661,34;919;527979;355,27
2024;4;Provincia;8;Castilla-La Mancha;2;Albacete;485;125048;776,11;175;194933;304,14
2024;4;Provincia;8;Castilla-La Mancha;13;Ciudad Real;355;76554;606,96;117;301748;331,23
2024;4;Provincia;8;Castilla-La Mancha;16;Cuenca;94;106021;814,09;93;118152;327,38
2024;4;Provincia;8;Castilla-La Mancha;19;Guadalajara;274;61648;637,26;132;379934;373,41
2024;4;Provincia;8;Castilla-La Mancha;45;Toledo;693;68366;598,81;402;787877;375,57
2024;4;Comunidad;9;Cataluña;98;CATALUÑA;10847;133762;1312,66;1767;721397;669,24
2024;4;Provincia;9;Cataluña;8;Barcelona;8168;150652;1471,81;1184;812569;736,85
2024;4;Provincia;9;Cataluña;17;Girona;1043;95878;937,16;200;615880;611,98
2024;4;Provincia;9;Cataluña;25;Lleida;583;73232;682,47;127;286841;543,46
2024;4;Provincia;9;Cataluña;43;Tarragona;1053;75549;810,59;256;568425;437,78
2024;4;Comunidad;10;Comunitat Valenciana;98;COMUNITAT VALENCIANA;8827;90464;870,23;1438;450934;499,69
2024;4;Provincia;10;Comunitat Valenciana;3;Alicante / Alacant;3616;86568;911,76;357;362929;535,11
2024;4;Provincia;10;Comunitat Valenciana;12;Castellón / Castelló;1002;70417;637,46;371;441858;405,26
2024;4;Provincia;10;Comunitat Valenciana;46;Valencia / València;4209;98765;893,88;710;494770;524,12
2024;4;Comunidad;11;Extremadura;98;EXTREMADURA;958;73112;636,29;464;110761;299,68
2024;4;Provincia;11;Extremadura;6;Badajoz;551;66153;574,45;278;111734;316,17
2024;4;Provincia;11;Extremadura;10;Cáceres;407;83138;725,37;186;108439;260,32
2024;4;Comunidad;12;Galicia;98;GALICIA;2483;88678;850,38;290;576047;522,08
2024;4;Provincia;12;Galicia;15;A Coruña;1114;93459;939,78;146;521019;542,07
2024;4;Provincia;12;Galicia;27;Lugo;313;58805;487,35;28;641830;657,72
2024;4;Provincia;12;Galicia;32;Ourense;269;66653;665,11;41;523500;368,27
2024;4;Provincia;12;Galicia;36;Pontevedra;787;95941;860,37;75;690981;482,63
2024;4;Comunidad;13;Comunidad de Madrid;98;COMUNIDAD DE MADRID;7660;252871;2223,42;1391;643704;827,65
2024;4;Provincia;13;Comunidad de Madrid;28;Madrid;7660;252871;2223,42;1391;643704;827,65
2024;4;Comunidad;14;Región de Murcia;98;REGIÓN DE MURCIA;1914;72816;688,49;490;257671;362,01
2024;4;Provincia;14;Región de Murcia;30;Murcia;1914;72816;688,49;490;257671;362,01
2024;4;Comunidad;15;C. Foral de Navarra;98;C. FORAL DE NAVARRA;1084;84852;1053,71;234;446593;550,80
2024;4;Provincia;15;C. Foral de Navarra;31;Navarra;1084;84852;1053,71;234;446593;550,80
2024;4;Comunidad;16;País Vasco;98;PAÍS VASCO;3857;121636;1418,52;635;640468;825,70
2024;4;Provincia;16;País Vasco;1;Araba / Álava;477;100634;1006,97;131;574322;612,61
2024;4;Provincia;16;País Vasco;20;Gipuzkoa;1436;127099;1575,91;213;608451;859,72
2024;4;Provincia;16;País Vasco;48;Bizkaia;1944;121941;1387,87;291;694636;876,35
2024;4;Comunidad;17;La Rioja;98;LA RIOJA;643;80782;889,21;128;215662;368,77
2024;4;Provincia;17;La Rioja;26;La Rioja;643;80782;889,21;128;215662;368,77
2024;4;Comunidad;18;Ceuta;98;CEUTA;41;97880;1748,30;3;80000;320,00
2024;4;Provincia;18;Ceuta;51;Ceuta;41;97880;1748,30;3;80000;320,00
2024;4;Comunidad;19;Melilla;98;MELILLA;40;137663;1037,55;7;179800;587,63
2024;4;Provincia;19;Melilla;52;Melilla;40;137663;1037,55;7;179800;587,63
2025;1;Nacional;99;ESPAÑA;99;ESPAÑA;64624;126401;1255,28;12580;453527;566,18
2025;1;Comunidad;1;Andalucía;98;ANDALUCÍA;10687;97055;1074,84;2393;239771;442,16
2025;1;Provincia;1;Andalucía;4;Almería;943;68237;704,69;163;308833;440,16
2025;1;Provincia;1;Andalucía;11;Cádiz;1435;81557;928,15;308;240734;469,56
2025;1;Provincia;1;Andalucía;14;Córdoba;969;65012;846,14;254;153375;365,68
2025;1;Provincia;1;Andalucía;18;Granada;1424;77755;842,39;221;236532;421,25
2025;1;Provincia;1;Andalucía;21;Huelva;510;70219;692,08;155;135972;371,39
2025;1;Provincia;1;Andalucía;23;Jaén;659;56170;633,56;167;282403;339,72
2025;1;Provincia;1;Andalucía;29;Málaga;2652;147508;1693,34;253;467363;689,27
2025;1;Provincia;1;Andalucía;41;Sevilla;2095;102719;1037,28;872;187236;407,48
2025;1;Comunidad;2;Aragón;98;ARAGÓN;1702;85710;814,60;723;276444;430,42
2025;1;Provincia;2;Aragón;22;Huesca;367;46600;714,20;97;179881;396,40
2025;1;Provincia;2;Aragón;44;Teruel;134;68895;568,53;63;214374;350,48
2025;1;Provincia;2;Aragón;50;Zaragoza;1201;102765;883,19;563;323817;459,33
2025;1;Comunidad;3;Principado de Asturias;98;PRINCIPADO DE ASTURIAS;1317;86499;824,54;165;305840;406,33
2025;1;Provincia;3;Principado de Asturias;33;Asturias;1317;86499;824,54;165;305840;406,33
2025;1;Comunidad;4;Illes Balears;98;ILLES BALEARS;1768;165205;1767,32;114;606803;1224,86
2025;1;Provincia;4;Illes Balears;7;Illes Balears;1768;165205;1767,32;114;606803;1224,86
2025;1;Comunidad;5;Canarias;98;CANARIAS;3097;152436;1519,91;261;570167;765,09
2025;1;Provincia;5;Canarias;35;Las Palmas;1483;137752;1317,02;174;514112;777,50
2025;1;Provincia;5;Canarias;38;Santa Cruz de Tenerife;1614;164858;1691,55;87;696290;737,16
2025;1;Comunidad;6;Cantabria;98;CANTABRIA;906;78125;1075,39;118;455530;628,66
2025;1;Provincia;6;Cantabria;39;Cantabria;906;78125;1075,39;118;455530;628,66
2025;1;Comunidad;7;Castilla y León;98;CASTILLA Y LEÓN;3069;75371;755,83;859;315733;390,61
2025;1;Provincia;7;Castilla y León;5;Ávila;206;86317;522,88;75;212610;450,66
2025;1;Provincia;7;Castilla y León;9;Burgos;546;75611;801,77;186;520930;450,56
2025;1;Provincia;7;Castilla y León;24;León;501;61027;563,58;130;149948;288,67
2025;1;Provincia;7;Castilla y León;34;Palencia;224;46170;632,58;37;126718;334,75
2025;1;Provincia;7;Castilla y León;37;Salamanca;448;95876;920,85;101;165605;409,68
2025;1;Provincia;7;Castilla y León;40;Segovia;161;69393;711,18;101;156131;350,23
2025;1;Provincia;7;Castilla y León;42;Soria;111;51348;739,88;27;277792;344,24
2025;1;Provincia;7;Castilla y León;47;Valladolid;697;80965;876,07;156;449239;392,87
2025;1;Provincia;7;Castilla y León;49;Zamora;175;79857;591,46;46;163889;346,57
2025;1;Comunidad;8;Castilla-La Mancha;98;CASTILLA-LA MANCHA;1986;86436;655,15;989;560514;337,53
2025;1;Provincia;8;Castilla-La Mancha;2;Albacete;539;117773;771,72;176;276084;292,65
2025;1;Provincia;8;Castilla-La Mancha;13;Ciudad Real;365;87854;585,91;128;289385;279,57
2025;1;Provincia;8;Castilla-La Mancha;16;Cuenca;103;88752;721,53;103;126317;310,63
2025;1;Provincia;8;Castilla-La Mancha;19;Guadalajara;274;62600;616,04;153;316248;357,64
2025;1;Provincia;8;Castilla-La Mancha;45;Toledo;705;70501;616,23;429;830161;363,86
2025;1;Comunidad;9;Cataluña;98;CATALUÑA;11484;135928;1332,38;1780;663187;670,49
2025;1;Provincia;9;Cataluña;8;Barcelona;8598;154665;1497,95;1170;759250;748,84
2025;1;Provincia;9;Cataluña;17;Girona;1111;87086;949,71;224;564397;597,25
2025;1;Provincia;9;Cataluña;25;Lleida;613;75367;704,95;138;302071;497,42
2025;1;Provincia;9;Cataluña;43;Tarragona;1162;78255;814,04;248;464646;440,68
2025;1;Comunidad;10;Comunitat Valenciana;98;COMUNITAT VALENCIANA;8973;91307;881,25;1459;417549;517,32
2025;1;Provincia;10;Comunitat Valenciana;3;Alicante / Alacant;3692;87314;921,80;384;372994;554,51
2025;1;Provincia;10;Comunitat Valenciana;12;Castellón / Castelló;1059;69030;621,17;391;415618;431,22
2025;1;Provincia;10;Comunitat Valenciana;46;Valencia / València;4222;100574;916,21;684;439072;538,28
2025;1;Comunidad;11;Extremadura;98;EXTREMADURA;1024;71657;625,95;445;104204;307,29
2025;1;Provincia;11;Extremadura;6;Badajoz;592;68069;580,13;262;111626;329,39
2025;1;Provincia;11;Extremadura;10;Cáceres;432;77051;694,83;183;85056;250,27
2025;1;Comunidad;12;Galicia;98;GALICIA;2571;88036;863,61;271;665701;516,01
2025;1;Provincia;12;Galicia;15;A Coruña;1166;95299;968,72;123;584144;535,73
2025;1;Provincia;12;Galicia;27;Lugo;334;61999;508,34;31;283071;390,16
2025;1;Provincia;12;Galicia;32;Ourense;281;64712;671,80;44;507300;384,42
2025;1;Provincia;12;Galicia;36;Pontevedra;790;90385;844,69;73;936916;531,86
2025;1;Comunidad;13;Comunidad de Madrid;98;COMUNIDAD DE MADRID;8231;251496;2249,63;1471;630749;826,82
2025;1;Provincia;13;Comunidad de Madrid;28;Madrid;8231;251496;2249,63;1471;630749;826,82
2025;1;Comunidad;14;Región de Murcia;98;REGIÓN DE MURCIA;1951;73328;699,70;470;277622;366,47
2025;1;Provincia;14;Región de Murcia;30;Murcia;1951;73328;699,70;470;277622;366,47
2025;1;Comunidad;15;C. Foral de Navarra;98;C. FORAL DE NAVARRA;1116;96451;1087,63;225;440177;559,94
2025;1;Provincia;15;C. Foral de Navarra;31;Navarra;1116;96451;1087,63;225;440177;559,94
2025;1;Comunidad;16;País Vasco;98;PAÍS VASCO;4023;115669;1425,29;692;599793;829,00
2025;1;Provincia;16;País Vasco;1;Araba / Álava;472;93995;1016,64;167;381876;574,43
2025;1;Provincia;16;País Vasco;20;Gipuzkoa;1510;121872;1667,48;209;644528;829,83
2025;1;Provincia;16;País Vasco;48;Bizkaia;2041;115331;1329,91;316;662079;944,54
2025;1;Comunidad;17;La Rioja;98;LA RIOJA;630;78207;870,97;134;208527;376,89
2025;1;Provincia;17;La Rioja;26;La Rioja;630;78207;870,97;134;208527;376,89
2025;1;Comunidad;18;Ceuta;98;CEUTA;51;99694;1677,85;3;106500;385,11
2025;1;Provincia;18;Ceuta;51;Ceuta;51;99694;1677,85;3;106500;385,11
2025;1;Comunidad;19;Melilla;98;MELILLA;38;143359;1119,59;8;173202;602,50
2025;1;Provincia;19;Melilla;52;Melilla;38;143359;1119,59;8;173202;602,50
2025;2;Nacional;99;ESPAÑA;99;ESPAÑA;66622;127723;1271,01;12969;448228;581,13
2025;2;Comunidad;1;Andalucía;98;ANDALUCÍA;10928;97675;1083,81;2396;231806;455,75
2025;2;Provincia;1;Andalucía;4;Almería;1032;66276;710,25;159;333955;448,01
2025;2;Provincia;1;Andalucía;11;Cádiz;1453;83609;938,98;312;229467;460,89
2025;2;Provincia;1;Andalucía;14;Córdoba;1008;71071;888,16;248;157183;395,26
2025;2;Provincia;1;Andalucía;18;Granada;1517;77857;855,73;209;235381;411,00
2025;2;Provincia;1;Andalucía;21;Huelva;492;69538;716,60;154;129265;383,67
2025;2;Provincia;1;Andalucía;23;Jaén;708;53290;628,28;165;296953;333,31
2025;2;Provincia;1;Andalucía;29;Málaga;2605;147290;1710,65;261;444444;744,34
2025;2;Provincia;1;Andalucía;41;Sevilla;2113;108054;1069,76;888;167545;417,66
2025;2;Comunidad;2;Aragón;98;ARAGÓN;1737;82971;818,81;774;268473;414,47
2025;2;Provincia;2;Aragón;22;Huesca;386;49692;733,26;95;182622;379,74
2025;2;Provincia;2;Aragón;44;Teruel;132;65240;586,87;66;204324;316,79
2025;2;Provincia;2;Aragón;50;Zaragoza;1219;98217;881,24;613;305244;441,45
2025;2;Comunidad;3;Principado de Asturias;98;PRINCIPADO DE ASTURIAS;1465;80150;801,64;158;290584;427,40
2025;2;Provincia;3;Principado de Asturias;33;Asturias;1465;80150;801,64;158;290584;427,40
2025;2;Comunidad;4;Illes Balears;98;ILLES BALEARS;1710;161860;1714,36;122;782318;1319,80
2025;2;Provincia;4;Illes Balears;7;Illes Balears;1710;161860;1714,36;122;782318;1319,80
2025;2;Comunidad;5;Canarias;98;CANARIAS;3075;149085;1557,63;280;588105;777,80
2025;2;Provincia;5;Canarias;35;Las Palmas;1534;133939;1378,96;180;520448;807,96
2025;2;Provincia;5;Canarias;38;Santa Cruz de Tenerife;1541;163012;1721,92;100;706265;725,11
2025;2;Comunidad;6;Cantabria;98;CANTABRIA;967;73892;1060,81;137;417860;651,10
2025;2;Provincia;6;Cantabria;39;Cantabria;967;73892;1060,81;137;417860;651,10
2025;2;Comunidad;7;Castilla y León;98;CASTILLA Y LEÓN;3279;77097;754,41;883;298342;393,25
2025;2;Provincia;7;Castilla y León;5;Ávila;220;56528;548,66;84;167549;470,62
2025;2;Provincia;7;Castilla y León;9;Burgos;587;77866;813,01;172;563411;455,80
2025;2;Provincia;7;Castilla y León;24;León;546;59745;533,00;121;157520;275,77
2025;2;Provincia;7;Castilla y León;34;Palencia;231;66719;623,73;59;118199;291,37
2025;2;Provincia;7;Castilla y León;37;Salamanca;494;94390;940,94;115;183538;422,02
2025;2;Provincia;7;Castilla y León;40;Segovia;153;76337;731,48;105;191887;364,06
2025;2;Provincia;7;Castilla y León;42;Soria;114;61761;768,91;27;235346;353,10
2025;2;Provincia;7;Castilla y León;47;Valladolid;744;84463;854,09;160;379800;392,50
2025;2;Provincia;7;Castilla y León;49;Zamora;190;84582;602,16;40;220000;369,00
2025;2;Comunidad;8;Castilla-La Mancha;98;CASTILLA-LA MANCHA;1943;79757;649,15;1011;459738;345,83
2025;2;Provincia;8;Castilla-La Mancha;2;Albacete;550;91791;741,11;175;301461;303,10
2025;2;Provincia;8;Castilla-La Mancha;13;Ciudad Real;368;80858;573,04;138;278115;305,05
2025;2;Provincia;8;Castilla-La Mancha;16;Cuenca;107;82548;696,63;111;113481;286,98
2025;2;Provincia;8;Castilla-La Mancha;19;Guadalajara;236;98117;628,77;171;288370;386,84
2025;2;Provincia;8;Castilla-La Mancha;45;Toledo;682;65471;627,55;416;652480;362,48
2025;2;Comunidad;9;Cataluña;98;CATALUÑA;11853;140673;1357,15;1750;660771;675,65
2025;2;Provincia;9;Cataluña;8;Barcelona;8823;160929;1529,86;1163;799138;749,11
2025;2;Provincia;9;Cataluña;17;Girona;1131;87586;950,60;228;464736;635,70
2025;2;Provincia;9;Cataluña;25;Lleida;643;75799;704,57;138;279960;472,31
2025;2;Provincia;9;Cataluña;43;Tarragona;1256;78873;828,94;221;372667;459,09
2025;2;Comunidad;10;Comunitat Valenciana;98;COMUNITAT VALENCIANA;9331;93668;920,50;1530;439530;507,35
2025;2;Provincia;10;Comunitat Valenciana;3;Alicante / Alacant;3754;88191;939,09;394;365284;526,23
2025;2;Provincia;10;Comunitat Valenciana;12;Castellón / Castelló;1145;65715;639,24;426;362351;423,64
2025;2;Provincia;10;Comunitat Valenciana;46;Valencia / València;4432;105874;982,68;710;512177;539,67
2025;2;Comunidad;11;Extremadura;98;EXTREMADURA;1075;71134;620,47;466;116207;298,72
2025;2;Provincia;11;Extremadura;6;Badajoz;616;67842;570,09;260;120829;321,96
2025;2;Provincia;11;Extremadura;10;Cáceres;459;76158;697,34;206;106211;248,45
2025;2;Comunidad;12;Galicia;98;GALICIA;2690;91949;886,09;297;637894;537,55
2025;2;Provincia;12;Galicia;15;A Coruña;1197;97145;965,84;141;548676;567,11
2025;2;Provincia;12;Galicia;27;Lugo;334;57625;603,46;28;292205;427,05
2025;2;Provincia;12;Galicia;32;Ourense;312;82043;729,90;52;566092;392,55
2025;2;Provincia;12;Galicia;36;Pontevedra;847;95026;873,25;76;898828;536,10
2025;2;Comunidad;13;Comunidad de Madrid;98;COMUNIDAD DE MADRID;8521;257734;2301,75;1534;634482;876,16
2025;2;Provincia;13;Comunidad de Madrid;28;Madrid;8521;257734;2301,75;1534;634482;876,16
2025;2;Comunidad;14;Región de Murcia;98;REGIÓN DE MURCIA;1936;74368;704,95;521;259215;372,78
2025;2;Provincia;14;Región de Murcia;30;Murcia;1936;74368;704,95;521;259215;372,78
2025;2;Comunidad;15;C. Foral de Navarra;98;C. FORAL DE NAVARRA;1148;97399;1058,16;227;525842;586,64
2025;2;Provincia;15;C. Foral de Navarra;31;Navarra;1148;97399;1058,16;227;525842;586,64
2025;2;Comunidad;16;País Vasco;98;PAÍS VASCO;4194;113633;1427,31;720;574811;838,18
2025;2;Provincia;16;País Vasco;1;Araba / Álava;508;97350;1009,30;176;438698;594,81
2025;2;Provincia;16;País Vasco;20;Gipuzkoa;1616;123723;1694,12;217;675499;865,90
2025;2;Provincia;16;País Vasco;48;Bizkaia;2070;109421;1313,40;327;552150;922,22
2025;2;Comunidad;17;La Rioja;98;LA RIOJA;678;78528;874,07;141;217523;372,34
2025;2;Provincia;17;La Rioja;26;La Rioja;678;78528;874,07;141;217523;372,34
2025;2;Comunidad;18;Ceuta;98;CEUTA;50;95984;1595,55;6;144500;490,36
2025;2;Provincia;18;Ceuta;51;Ceuta;50;95984;1595,55;6;144500;490,36
2025;2;Comunidad;19;Melilla;98;MELILLA;42;132925;1105,67;16;184326;675,93
2025;2;Provincia;19;Melilla;52;Melilla;42;132925;1105,67;16;184326;675,93
2025;3;Nacional;99;ESPAÑA;99;ESPAÑA;67588;128146;1273,86;13184;467095;509,31
2025;3;Comunidad;1;Andalucía;98;ANDALUCÍA;11174;99776;1096,04;2411;229663;431,95
2025;3;Provincia;1;Andalucía;4;Almería;1085;69508;704,55;153;323378;438,39
2025;3;Provincia;1;Andalucía;11;Cádiz;1540;81633;938,97;319;228384;484,39
2025;3;Provincia;1;Andalucía;14;Córdoba;1005;77028;845,79;249;147219;328,39
2025;3;Provincia;1;Andalucía;18;Granada;1525;82470;860,74;204;248599;434,30
2025;3;Provincia;1;Andalucía;21;Huelva;497;70084;706,34;170;113048;366,37
2025;3;Provincia;1;Andalucía;23;Jaén;750;50599;630,47;180;189812;279,50
2025;3;Provincia;1;Andalucía;29;Málaga;2615;149564;1762,80;248;431432;735,14
2025;3;Provincia;1;Andalucía;41;Sevilla;2157;112603;1114,73;888;198899;395,62
2025;3;Comunidad;2;Aragón;98;ARAGÓN;1757;81875;795,41;872;310326;288,14
2025;3;Provincia;2;Aragón;22;Huesca;404;51062;760,45;106;227319;404,78
2025;3;Provincia;2;Aragón;44;Teruel;139;61703;586,08;63;213314;223,68
2025;3;Provincia;2;Aragón;50;Zaragoza;1214;96702;833,59;703;350839;276,14
2025;3;Comunidad;3;Principado de Asturias;98;PRINCIPADO DE ASTURIAS;1545;80778;820,36;151;321205;351,64
2025;3;Provincia;3;Principado de Asturias;33;Asturias;1545;80778;820,36;151;321205;351,64
2025;3;Comunidad;4;Illes Balears;98;ILLES BALEARS;1755;166464;1726,40;124;783546;1368,62
2025;3;Provincia;4;Illes Balears;7;Illes Balears;1755;166464;1726,40;124;783546;1368,62
2025;3;Comunidad;5;Canarias;98;CANARIAS;3077;140770;1523,08;268;559265;853,62
2025;3;Provincia;5;Canarias;35;Las Palmas;1526;135070;1494,33;169;527797;888,82
2025;3;Provincia;5;Canarias;38;Santa Cruz de Tenerife;1551;145923;1549,11;99;604767;802,89
2025;3;Comunidad;6;Cantabria;98;CANTABRIA;1028;74234;1169,75;134;417301;547,92
2025;3;Provincia;6;Cantabria;39;Cantabria;1028;74234;1169,75;134;417301;547,92
2025;3;Comunidad;7;Castilla y León;98;CASTILLA Y LEÓN;3378;79388;771,47;928;339827;307,53
2025;3;Provincia;7;Castilla y León;5;Ávila;212;59667;547,11;88;161057;293,86
2025;3;Provincia;7;Castilla y León;9;Burgos;621;81286;827,06;173;728102;322,35
2025;3;Provincia;7;Castilla y León;24;León;589;64510;498,54;123;152786;199,89
2025;3;Provincia;7;Castilla y León;34;Palencia;240;62014;543,62;61;227294;204,40
2025;3;Provincia;7;Castilla y León;37;Salamanca;514;93780;962,54;119;247990;346,99
2025;3;Provincia;7;Castilla y León;40;Segovia;163;77017;779,36;124;216029;321,94
2025;3;Provincia;7;Castilla y León;42;Soria;123;60201;712,10;29;223115;229,38
2025;3;Provincia;7;Castilla y León;47;Valladolid;747;91571;939,15;168;383431;378,82
2025;3;Provincia;7;Castilla y León;49;Zamora;169;75841;635,28;43;198083;227,01
2025;3;Comunidad;8;Castilla-La Mancha;98;CASTILLA-LA MANCHA;1884;80724;653,75;1040;467071;298,93
2025;3;Provincia;8;Castilla-La Mancha;2;Albacete;614;87105;706,44;177;274113;258,55
2025;3;Provincia;8;Castilla-La Mancha;13;Ciudad Real;363;76428;539,22;136;278585;269,58
2025;3;Provincia;8;Castilla-La Mancha;16;Cuenca;108;80689;603,74;107;117621;188,58
2025;3;Provincia;8;Castilla-La Mancha;19;Guadalajara;143;126263;668,06;187;452880;381,80
2025;3;Provincia;8;Castilla-La Mancha;45;Toledo;656;69756;686,05;433;627157;318,17
2025;3;Comunidad;9;Cataluña;98;CATALUÑA;11919;141429;1304,31;1747;627749;607,95
2025;3;Provincia;9;Cataluña;8;Barcelona;8823;162089;1474,74;1152;761551;673,85
2025;3;Provincia;9;Cataluña;17;Girona;1143;87423;931,70;223;460488;612,15
2025;3;Provincia;9;Cataluña;25;Lleida;684;72430;636,24;147;269774;347,85
2025;3;Provincia;9;Cataluña;43;Tarragona;1269;82764;788,63;225;339928;418,48
2025;3;Comunidad;10;Comunitat Valenciana;98;COMUNITAT VALENCIANA;9490;96193;939,29;1543;443246;387,66
2025;3;Provincia;10;Comunitat Valenciana;3;Alicante / Alacant;3863;88714;950,45;410;355413;420,76
2025;3;Provincia;10;Comunitat Valenciana;12;Castellón / Castelló;1142;66865;586,36;426;258054;266,37
2025;3;Provincia;10;Comunitat Valenciana;46;Valencia / València;4485;110254;1027,64;707;584380;447,73
2025;3;Comunidad;11;Extremadura;98;EXTREMADURA;1067;68369;608,63;472;115029;267,88
2025;3;Provincia;11;Extremadura;6;Badajoz;634;69275;576,56;271;119712;297,18
2025;3;Provincia;11;Extremadura;10;Cáceres;433;66840;663,71;201;103167;225,55
2025;3;Comunidad;12;Galicia;98;GALICIA;2778;97859;917,04;324;591373;490,21
2025;3;Provincia;12;Galicia;15;A Coruña;1214;102668;1006,61;146;542835;589,50
2025;3;Provincia;12;Galicia;27;Lugo;346;56146;585,51;36;551149;315,58
2025;3;Provincia;12;Galicia;32;Ourense;330;86744;677,62;59;386482;247,40
2025;3;Provincia;12;Galicia;36;Pontevedra;888;103564;943,67;83;760165;517,69
2025;3;Comunidad;13;Comunidad de Madrid;98;COMUNIDAD DE MADRID;8460;257204;2452,24;1562;702005;892,21
2025;3;Provincia;13;Comunidad de Madrid;28;Madrid;8460;257204;2452,24;1562;702005;892,21
2025;3;Comunidad;14;Región de Murcia;98;REGIÓN DE MURCIA;1935;82160;711,87;496;327030;375,37
2025;3;Provincia;14;Región de Murcia;30;Murcia;1935;82160;711,87;496;327030;375,37
2025;3;Comunidad;15;C. Foral de Navarra;98;C. FORAL DE NAVARRA;1187;97088;1044,35;217;468383;470,08
2025;3;Provincia;15;C. Foral de Navarra;31;Navarra;1187;97088;1044,35;217;468383;470,08
2025;3;Comunidad;16;País Vasco;98;PAÍS VASCO;4346;112116;1392,19;707;760650;748,35
2025;3;Provincia;16;País Vasco;1;Araba / Álava;546;88872;896,00;176;402423;465,45
2025;3;Provincia;16;País Vasco;20;Gipuzkoa;1643;128226;1638,93;205;655342;804,64
2025;3;Provincia;16;País Vasco;48;Bizkaia;2157;105315;1323,68;326;1014003;869,57
2025;3;Comunidad;17;La Rioja;98;LA RIOJA;715;80171;866,13;163;245266;349,96
2025;3;Provincia;17;La Rioja;26;La Rioja;715;80171;866,13;163;245266;349,96
2025;3;Comunidad;18;Ceuta;98;CEUTA;49;91956;1491,11;8;194266;913,25
2025;3;Provincia;18;Ceuta;51;Ceuta;49;91956;1491,11;8;194266;913,25
2025;3;Comunidad;19;Melilla;98;MELILLA;44;92285;1138,74;17;184071;687,57
2025;3;Provincia;19;Melilla;52;Melilla;44;92285;1138,74;17;184071;687,57
2025;4;Nacional;99;ESPAÑA;99;ESPAÑA;69568;128226;1293,54;13351;452863;522,63
2025;4;Comunidad;1;Andalucía;98;ANDALUCÍA;11774;101466;1114,62;2388;226142;440,82
2025;4;Provincia;1;Andalucía;4;Almería;1299;71665;705,11;153;291190;438,52
2025;4;Provincia;1;Andalucía;11;Cádiz;1530;82690;915,92;332;231593;488,23
2025;4;Provincia;1;Andalucía;14;Córdoba;1067;83462;849,61;284;175541;334,88
2025;4;Provincia;1;Andalucía;18;Granada;1597;87649;864,80;181;256822;452,07
2025;4;Provincia;1;Andalucía;21;Huelva;495;72216;727,65;178;117517;383,75
2025;4;Provincia;1;Andalucía;23;Jaén;790;48551;667,51;180;174237;340,27
2025;4;Provincia;1;Andalucía;29;Málaga;2863;146562;1815,36;256;416796;750,46
2025;4;Provincia;1;Andalucía;41;Sevilla;2133;115168;1118,05;824;191820;392,94
2025;4;Comunidad;2;Aragón;98;ARAGÓN;1832;78916;808,86;876;441092;290,89
2025;4;Provincia;2;Aragón;22;Huesca;439;52823;706,97;101;213677;415,52
2025;4;Provincia;2;Aragón;44;Teruel;126;60655;625,27;71;195150;218,70
2025;4;Provincia;2;Aragón;50;Zaragoza;1267;91499;865,87;704;532481;280,01
2025;4;Comunidad;3;Principado de Asturias;98;PRINCIPADO DE ASTURIAS;1601;78805;821,43;159;331133;333,88
2025;4;Provincia;3;Principado de Asturias;33;Asturias;1601;78805;821,43;159;331133;333,88
2025;4;Comunidad;4;Illes Balears;98;ILLES BALEARS;1677;180261;1850,11;137;764272;1372,69
2025;4;Provincia;4;Illes Balears;7;Illes Balears;1677;180261;1850,11;137;764272;1372,69
2025;4;Comunidad;5;Canarias;98;CANARIAS;2998;142868;1579,24;282;571169;895,22
2025;4;Provincia;5;Canarias;35;Las Palmas;1447;139912;1586,31;182;516171;927,23
2025;4;Provincia;5;Canarias;38;Santa Cruz de Tenerife;1551;145238;1573,52;100;653664;846,40
2025;4;Comunidad;6;Cantabria;98;CANTABRIA;1024;76072;1231,23;138;267712;513,40
2025;4;Provincia;6;Cantabria;39;Cantabria;1024;76072;1231,23;138;267712;513,40
2025;4;Comunidad;7;Castilla y León;98;CASTILLA Y LEÓN;3496;80830;789,09;932;333730;302,74
2025;4;Provincia;7;Castilla y León;5;Ávila;211;64330;602,80;88;149523;269,18
2025;4;Provincia;7;Castilla y León;9;Burgos;689;83684;765,96;204;627990;327,81
2025;4;Provincia;7;Castilla y León;24;León;576;86252;575,63;116;210118;212,96
2025;4;Provincia;7;Castilla y León;34;Palencia;245;67618;557,28;66;254188;204,34
2025;4;Provincia;7;Castilla y León;37;Salamanca;483;86003;1017,33;115;241922;365,47
2025;4;Provincia;7;Castilla y León;40;Segovia;176;77984;740,80;112;198228;330,90
2025;4;Provincia;7;Castilla y León;42;Soria;141;61270;718,64;25;114750;235,80
2025;4;Provincia;7;Castilla y León;47;Valladolid;804;83912;973,12;162;373922;318,35
2025;4;Provincia;7;Castilla y León;49;Zamora;171;78342;673,47;44;181000;250,37
2025;4;Comunidad;8;Castilla-La Mancha;98;CASTILLA-LA MANCHA;1973;75533;663,02;1109;357738;300,12
2025;4;Provincia;8;Castilla-La Mancha;2;Albacete;700;77770;726,34;179;235476;269,56
2025;4;Provincia;8;Castilla-La Mancha;13;Ciudad Real;373;77234;557,92;149;150437;268,56
2025;4;Provincia;8;Castilla-La Mancha;16;Cuenca;114;80611;620,53;115;108940;186,53
2025;4;Provincia;8;Castilla-La Mancha;19;Guadalajara;135;121131;678,69;195;361433;383,35
2025;4;Provincia;8;Castilla-La Mancha;45;Toledo;651;62438;675,25;471;499209;318,82
2025;4;Comunidad;9;Cataluña;98;CATALUÑA;12079;141016;1300,24;1815;662729;618,54
2025;4;Provincia;9;Cataluña;8;Barcelona;8874;163070;1467,42;1187;824255;696,56
2025;4;Provincia;9;Cataluña;17;Girona;1117;90357;947,53;217;441827;594,09
2025;4;Provincia;9;Cataluña;25;Lleida;715;68689;645,74;169;262357;347,43
2025;4;Provincia;9;Cataluña;43;Tarragona;1373;76548;827,89;242;326353;422,01
2025;4;Comunidad;10;Comunitat Valenciana;98;COMUNITAT VALENCIANA;9816;100415;954,73;1499;402989;413,63
2025;4;Provincia;10;Comunitat Valenciana;3;Alicante / Alacant;3995;91346;948,42;403;322367;430,05
2025;4;Provincia;10;Comunitat Valenciana;12;Castellón / Castelló;1203;64414;575,47;354;184992;329,67
2025;4;Provincia;10;Comunitat Valenciana;46;Valencia / València;4618;117712;1065,41;742;559190;447,81
2025;4;Comunidad;11;Extremadura;98;EXTREMADURA;1098;67489;611,84;483;122218;285,38
2025;4;Provincia;11;Extremadura;6;Badajoz;646;69540;568,51;281;126047;328,27
2025;4;Provincia;11;Extremadura;10;Cáceres;452;64178;683,05;202;113627;221,87
2025;4;Comunidad;12;Galicia;98;GALICIA;2947;95549;945,12;347;557867;417,35
2025;4;Provincia;12;Galicia;15;A Coruña;1332;97991;1036,12;165;514974;432,00
2025;4;Provincia;12;Galicia;27;Lugo;378;62039;660,89;37;458783;380,29
2025;4;Provincia;12;Galicia;32;Ourense;314;89669;668,69;60;407269;235,63
2025;4;Provincia;12;Galicia;36;Pontevedra;923;101445;955,37;85;733644;528,33
2025;4;Comunidad;13;Comunidad de Madrid;98;COMUNIDAD DE MADRID;8712;251217;2530,65;1620;652884;920,00
2025;4;Provincia;13;Comunidad de Madrid;28;Madrid;8712;251217;2530,65;1620;652884;920,00
2025;4;Comunidad;14;Región de Murcia;98;REGIÓN DE MURCIA;1990;81921;729,64;463;303028;380,97
2025;4;Provincia;14;Región de Murcia;30;Murcia;1990;81921;729,64;463;303028;380,97
2025;4;Comunidad;15;C. Foral de Navarra;98;C. FORAL DE NAVARRA;1245;105772;1053,73;218;412104;513,85
2025;4;Provincia;15;C. Foral de Navarra;31;Navarra;1245;105772;1053,73;218;412104;513,85
2025;4;Comunidad;16;País Vasco;98;PAÍS VASCO;4471;117546;1406,90;692;749683;763,90
2025;4;Provincia;16;País Vasco;1;Araba / Álava;582;98038;940,22;187;434182;491,47
2025;4;Provincia;16;País Vasco;20;Gipuzkoa;1650;134566;1653,39;202;618536;813,48
2025;4;Provincia;16;País Vasco;48;Bizkaia;2239;109627;1338,57;303;1007242;894,62
2025;4;Comunidad;17;La Rioja;98;LA RIOJA;759;72720;838,52;161;210189;374,66
2025;4;Provincia;17;La Rioja;26;La Rioja;759;72720;838,52;161;210189;374,66
2025;4;Comunidad;18;Ceuta;98;CEUTA;41;109378;1442,68;13;177690;944,99
2025;4;Provincia;18;Ceuta;51;Ceuta;41;109378;1442,68;13;177690;944,99
2025;4;Comunidad;19;Melilla;98;MELILLA;35;99354;1143,87;19;179660;697,59
2025;4;Provincia;19;Melilla;52;Melilla;35;99354;1143,87;19;179660;697,59
